handleId,fieldType,name,description,productImageUrl,collection,sku,ribbon,price,surcharge,visible,discountMode,discountValue,inventory,weight,cost,productOptionName1,productOptionType1,productOptionDescription1,productOptionName2,productOptionType2,productOptionDescription2,productOptionName3,productOptionType3,productOptionDescription3,productOptionName4,productOptionType4,productOptionDescription4,productOptionName5,productOptionType5,productOptionDescription5,productOptionName6,productOptionType6,productOptionDescription6,additionalInfoTitle1,additionalInfoDescription1,additionalInfoTitle2,additionalInfoDescription2,additionalInfoTitle3,additionalInfoDescription3,additionalInfoTitle4,additionalInfoDescription4,additionalInfoTitle5,additionalInfoDescription5,additionalInfoTitle6,additionalInfoDescription6,customTextField1,customTextCharLimit1,customTextMandatory1,customTextField2,customTextCharLimit2,customTextMandatory2,brand,geko_category_id,geko_category_name,geko_category_path,mapping_timestamp
product_9ac3d85c-f775-5f69-2ace-f7e8550b8c93,Product,Parka Impermiável Reflectora,<p>Ajuste de fecho e velcro na aba; Dois bolsos nas laterais em velcro e bolso no peito para telemóvel e bolsos para cartão identificador; Elástico nas mangas ; ajuste de punho em velcro; carapuço Certificado: EN ISO 20471:2013; EN ISO 343:2003</p><p></p><p>Carateristicas:</p><p></p><p>Composição : Poliester/PU</p><p></p><p>Interior : Forro em tecido tafetá com acolchoamento</p>,88efbe_1d905753afc941c58cb068d278426a88~mv2.jpg,Proteção e Segurança,,,20.55,,TRUE,PERCENT,0,InStock,,,Medidas,DROP_DOWN,BL55 - 2XL;BL55 - XL;BL55- L;BL55- M;BL55- S,,,,,,,,,,,,,,,,,,,,,,,,,,,,,,,,,,,110003,Protective Clothing,Health and Safety Articles\Protective Clothing,2025-06-27T13:51:14.638516
product_a965b336-81d5-6811-e4d0-741d90d98ee4,Product,Espatula em  ABS  - 250MM,<p>Caixa interior de 10 unid.</p><p>&nbsp;</p><p>Disponivel em Lisa Ou dentada 8x8mm</p><p>&nbsp;</p>,88efbe_e96c842fcaf444bc8d56318d46b1c56f~mv2.jpg,Construção,,,0.99,,TRUE,PERCENT,0,InStock,,,Medidas,DROP_DOWN,A0957 - Lisa;A0957-8- Dentada 8x8,,,,,,,,,,,,,,,,,,,,,,,,,,,,,,,,,,,110006,Trowels and Spatulas,Construction and Renovation\Hand Tools\Trowels and Spatulas,2025-06-27T13:51:14.638575
product_a965b336-81d5-6811-e4d0-741d90d98ee4,Variant,,,,,,,,,TRUE,,,InStock,,,,,A0957 - Lisa,,,,,,,,,,,,,,,,,,,,,,,,,,,,,,,,,,,,,,
product_a965b336-81d5-6811-e4d0-741d90d98ee4,Variant,,,,,,,,0.11,TRUE,,,InStock,,,,,A0957-8- Dentada 8x8,,,,,,,,,,,,,,,,,,,,,,,,,,,,,,,,,,,,,,
product_a40657d3-9c86-65b3-8af9-9a0138aa427b,Product,Talocha para pavimentos INOX 500 MM -A5717,<p>cx interior de 2 unid.</p><p>&nbsp;</p><p><span><span><span><span><span><span><span><span><span><span><span><span><span><span><span><span><span><span><span><span><span><span><span><span><span><span><span><span><span>Espátula de aço inoxidável para betonilhas TytanX.</span></span></span></span></span></span></span></span></span></span></span></span></span></span></span></span></span></span></span></span></span></span></span></span></span></span></span></span></span></p><p><span><span><span><span><span><span><span><span><span><span><span><span><span><span><span><span><span><span><span><span><span><span><span><span><span><span><span><span><span>Para fazer pisos.<br>A parte funcional é feita de aço inoxidável.<br>Cabo de borracha sobre pé de alumínio.</span></span></span></span></span></span></span></span></span></span></span></span></span></span></span></span></span></span></span></span></span></span></span></span></span></span></span></span></span></p>,88efbe_8bd8e8d1243f48058f59f6e84da5d0ea~mv2.jpg,Construção,,Destak,9.85,,TRUE,PERCENT,0,InStock,,,,,,,,,,,,,,,,,,,,,,,,,,,,,,,,,,,,,,,,110006,Trowels and Spatulas,Construction and Renovation\Hand Tools\Trowels and Spatulas,2025-06-27T13:51:14.638641
product_268a7af9-b012-627e-ea3a-3754709d08f2,Product,Talocha para estucador Inox 110x240MM,<p><span><span><span><span><span><span><span><span><span><span><span><span><span><span><span><span><span><span><span><span><span><span><span><span><span><span><span><span><span>Talocha para Estucador&nbsp; (veneziana) em aço inoxidável.</span></span></span></span></span></span></span></span></span></span></span></span></span></span></span></span></span></span></span></span></span></span></span></span></span></span></span></span></span></p><p><span><span><span><span><span><span><span><span><span><span><span><span><span><span><span><span><span><span><span><span><span><span><span><span><span><span><span><span><span>Para estuque de gesso.<br>Cantos arredondados com bordas dobradas.<br>A parte funcional é feita de aço inoxidável 0H18N9 com baixo teor de carbono.<br>Não deixa marcas durante o trabalho.<br>Cabo ergonômico de dois componentes sobre pé de alumínio.</span></span></span></span></span></span></span></span></span></span></span></span></span></span></span></span></span></span></span></span></span></span></span></span></span></span></span></span></span></p>,88efbe_e3f0b8ef1ead4fe8b81d0615d3fd3130~mv2.jpg,Construção,,,10.99,,TRUE,PERCENT,0,InStock,,,,,,,,,,,,,,,,,,,,,,,,,,,,,,,,,,,,,,,,110006,Trowels and Spatulas,Construction and Renovation\Hand Tools\Trowels and Spatulas,2025-06-27T13:51:14.638684
product_ba65f851-8969-aed0-f061-fd03517e279d,Product,Espatula / Colher para Estucador Inox 100mm - A1704,<p>Cx interior de 12 unid.</p><p>&nbsp;</p><p><span><span><span><span><span><span><span><span><span><span><span><span><span><span><span><span><span><span><span><span><span><span><span><span><span><span><span><span><span>Espátula de estuque em aço inoxidável.</span></span></span></span></span></span></span></span></span></span></span></span></span></span></span></span></span></span></span></span></span></span></span></span></span></span></span></span></span></p><p><span><span><span><span><span><span><span><span><span><span><span><span><span><span><span><span><span><span><span><span><span><span><span><span><span><span><span><span><span>Para acabamentos e trabalhos de estuque.<br>Cabo ergonômico de dois componentes.</span></span></span></span></span></span></span></span></span></span></span></span></span></span></span></span></span></span></span></span></span></span></span></span></span></span></span></span></span></p>,88efbe_92c5e241673540e5a52816808463ed58~mv2.jpg,Construção,,,1.99,,TRUE,PERCENT,0,InStock,,,,,,,,,,,,,,,,,,,,,,,,,,,,,,,,,,,,,,,,110006,Trowels and Spatulas,Construction and Renovation\Hand Tools\Trowels and Spatulas,2025-06-27T13:51:14.638930
product_4b058737-873d-9f18-416f-35bf6052f7be,Product,Espatula em ABS 250 MM,<p>Espatula para colas e argamassas em plástico ABS resistente à abrasão</p>,88efbe_3a0afa69331e4657b801aa1c3b5334c5~mv2.jpg,Construção,,,0.99,,TRUE,PERCENT,0,InStock,,,,,,,,,,,,,,,,,,,,,,,,,,,,,,,,,,,,,,,,110006,Trowels and Spatulas,Construction and Renovation\Hand Tools\Trowels and Spatulas,2025-06-27T13:51:14.639116
product_262a9b79-f609-ec0e-54ca-59255b4e40a0,Product,Talocha de Grosa Endurecida 120 x 375mm - A3701,<p><span><span><span><span><span><span><span><span><span><span><span><span><span><span><span><span><span><span><span><span><span><span><span><span><span><span><span><span><span>Talocha raspadora de poliestireno TytanX.</span></span></span></span></span></span></span></span></span></span></span></span></span></span></span></span></span></span></span></span></span></span></span></span></span></span></span></span></span></p><p><span><span><span><span><span><span><span><span><span><span><span><span><span><span><span><span><span><span><span><span><span><span><span><span><span><span><span><span><span>Espátula de plástico.<br>Cabo ergonômico de dois componentes.</span></span></span></span></span></span></span></span></span></span></span></span></span></span></span></span></span></span></span></span></span></span></span></span></span></span></span></span></span></p><p><span><span><span><span><span><span><span><span><span><span><span><span><span><span><span><span><span><span><span><span><span><span><span><span><span><span><span><span><span>Tampo em chapa galvanizada com furos e reforço especial para evitar deformações.<br>A espátula destina-se ao nivelamento de juntas de placas de poliestireno durante trabalhos de isolamento.</span></span></span></span></span></span></span></span></span></span></span></span></span></span></span></span></span></span></span></span></span></span></span></span></span></span></span></span></span></p><p><span><span><span><span><span><span><span><span><span><span><span><span><span><span><span><span><span><span><span><span><span><span><span><span><span><span><span><span><span>Muito leve e funcional.</span></span></span></span></span></span></span></span></span></span></span></span></span></span></span></span></span></span></span></span></span></span></span></span></span></span></span></span></span></p>,88efbe_e9a2c7f013ae441d80133d5646618a2f~mv2.jpg,Construção,,,5.99,,TRUE,PERCENT,0,InStock,,,,,,,,,,,,,,,,,,,,,,,,,,,,,,,,,,,,,,,,110006,Trowels and Spatulas,Construction and Renovation\Hand Tools\Trowels and Spatulas,2025-06-27T13:51:14.639213
product_39a805c2-7e3c-92e9-2b0b-33f7cc26ab4d,Product,Talocha de Grosa Metalica 120x270mm - A3672,<p>Caixa interior de 10 unid.</p><p>&nbsp;</p><p><span><span><span><span><span><span><span><span><span><span><span><span><span><span><span><span><span><span><span><span><span><span><span><span><span><span><span><span><span>Espátula de grosa TytanX.</span></span></span></span></span></span></span></span></span></span></span></span></span></span></span></span></span></span></span></span></span></span></span></span></span></span></span></span></span></p><p><span><span><span><span><span><span><span><span><span><span><span><span><span><span><span><span><span><span><span><span><span><span><span><span><span><span><span><span><span>Espátula de plástico.<br>Cabo ergonômico de dois componentes.<br>Tampo em chapa galvanizada com furos.<br>A espátula destina-se ao nivelamento de juntas de placas de poliestireno durante trabalhos de isolamento.</span></span></span></span></span></span></span></span></span></span></span></span></span></span></span></span></span></span></span></span></span></span></span></span></span></span></span></span></span></p>,88efbe_46f7601e978d47389cbe1bbba2a03e06~mv2.jpg,Construção,,,2.99,,TRUE,PERCENT,0,InStock,,,,,,,,,,,,,,,,,,,,,,,,,,,,,,,,,,,,,,,,110006,Trowels and Spatulas,Construction and Renovation\Hand Tools\Trowels and Spatulas,2025-06-27T13:51:14.639331
product_2f4b890c-7a32-fcbe-603e-be3953883823,Product,Luva Nitrile Preta com nylon +grossa prof,<p>Emabalado individualmente</p><p>Packs de 12 pares</p><p>Cxs de 240prs</p><p></p><p>Luva em Nitrile + grossa</p><p>Ideal para mecanica </p>,88efbe_7d5d8fbf796e40338ff42914af3f4916~mv2.jpg;88efbe_5d5fdb9f3cb944d985627140d9293b5c~mv2.jpg,Proteção e Segurança;Luvas de Protecção,,,0.49,,TRUE,PERCENT,0,InStock,,,Medidas,DROP_DOWN,"880600 - 8"";880601 - 9"";880602 - 10""",,,,,,,,,,,,,,,,,,,,,,,,,,,,,,,,,,FERMAN,110002,Work Gloves,Health and Safety Articles\Work Gloves,2025-06-27T13:51:14.639428
product_57e8e241-1801-3f2f-59f4-78f9a1770c1d,Product,"Luva Nitrile azul 3/4"" grossa com Punho malha 10"" - 880127","<p>Embalado indivualmente</p><p>Packs 12 pares</p><p>Caixa exterior 120 pares</p><p></p><p>Características</p><p>Luvas Nitrilo  Azul  arejado  Punho Malha</p><p>Luvas Algodão Branco</p><p>Revestimento  2 camadas  Nitrilo Azul</p><p>Arejado, Punho malha</p><p>Ideal para processamento area :Industria Geral , Assemblagem , Auto .</p><p>Indicado para:</p><p></p><p>Indústria metal-mecânica</p><p>Manutenção industrial</p><p>Manuseio de peças húmidas ou oleosas</p><p>Construção civil</p><p>Manuseio de agentes abrasivos</p><p>Recolha de resíduos urbanos e industriais</p><p>Carga e descarga de materiais</p>",88efbe_869ea2f2cf984839adda41786eb00faa~mv2.jpg,Luvas de Protecção;Proteção e Segurança,,,0.99,,TRUE,PERCENT,0,InStock,,,,,,,,,,,,,,,,,,,,,,,,,,,,,,,,,,,,,,,FERMAN,110002,Work Gloves,Health and Safety Articles\Work Gloves,2025-06-27T13:51:14.639466
product_3dfb7e15-db58-f02c-765d-5ef2bf3af341,Product,Extensão Eléctrica 25Mts x 2.5mm Bobine [900338],"<p>Embalado em caixa colorida</p><p>Cx Exterior de 2 unidades</p><p></p><p>O cabo de extensão elétrica em bobine é perfeito para qualquer casa, jardim, escritório ou estaleiro de construção. Equipado com estrutura térmica que protege contra o sobreaquecimento.</p><p></p><p>Características do produto:</p><p>tambor feito de material resistente a fissuras e impactos</p><p>estrutura de aço</p><p>tem suporte de cabo e um travão</p><p>4 tomadas 230</p><p>tomadas equipadas com abas</p><p>Especificações técnicas:</p><p>Comprimento: 25m</p><p>Secção transversal do cabo: 3x2,5mm2</p><p>Tipo de cabo: H05VV-F</p><p>Número de tomadas: 4*230V</p><p>Fusível térmico: SIM</p>",88efbe_abb0c32ff4384be0b6cc186366c20ffa~mv2.jpg,Eletricidade;Geral,,,27.99,,TRUE,PERCENT,0,InStock,,,,,,,,,,,,,,,,,,,,,,,,,,,,,,,,,,,,,,,,110010,Cables and Extensions,Tools for Electricians\Cables and Extensions,2025-06-27T13:51:14.639722
product_76c7ea65-1f0f-7572-2f95-268b40be45cc,Product,Laminas pretas SK5 -18mm [10pcs] para Xizato -[890088/2],<p>Caixa interior de 20 embalagens </p><p>Preço vendido á embalagem de 10 unidades conforme foto </p>,88efbe_c6498925dc884db083d9c4e92eaf05eb~mv2.jpg,Geral,,,1.6,,TRUE,PERCENT,0,InStock,,,,,,,,,,,,,,,,,,,,,,,,,,,,,,,,,,,,,,,,110011,Cutting Tools,Tools for The Workshop and Garage\Cutting Tools,2025-06-27T13:51:14.639752
product_69f13d5d-018f-279f-3b39-3ee15736fa24,Product,Cintas de Elevação Plana Dupla- CERTIFICADO ,"<p>Apresentamos as nossas lingas de cinto, que são uma ferramenta insubstituível na área do transporte e elevação de objetos pesados. Nossas eslingas de tecido são projetadas pensando na segurança, resistência e facilidade de uso para fornecer uma solução eficaz ao levantar e transportar uma variedade de cargas.</p><p></p><p>Principais características das lingas de cinto:</p><p>Materiais duráveis: Nossas lingas de cinto são feitas de materiais de alta qualidade, resistentes a estiramento e danos, como poliéster ou náilon. Esses materiais são caracterizados por alta resistência ao estresse, o que permite levantar com segurança até objetos pesados.</p><p>Aprovações e padrões: Nossas cintas possuem certificados e padrões EN apropriados, que confirmam que atendem aos mais altos padrões de segurança e qualidade. Você pode ter certeza de que nossas eslingas são testadas e comprovadas quanto à durabilidade e confiabilidade.</p><p>Ampla aplicação: As eslingas de cinto são usadas em vários campos e indústrias. Podem ser utilizados em armazéns, estaleiros de construção, transportes, indústria e garagens domésticas. São ideais para levantar e movimentar objetos pesados, como paletes, estruturas metálicas, máquinas ou móveis.</p><p>Exemplo de uso de lingas de cinto:</p><p>Movimentação de paletes: As lingas de correia são perfeitas para movimentar paletes com mercadorias em armazéns, salas de produção ou lojas. Graças a eles, você pode levantar e transportar com segurança cargas pesadas de paletes.</p><p>Instalação de estruturas de aço: As lingas de cinta são insubstituíveis na montagem e elevação de estruturas de aço. Permitem a elevação precisa e controlada de grandes elementos, garantindo um trabalho seguro e eficaz.</p><p>Máquinas e dispositivos móveis: As lingas de correia são usadas para mover e posicionar máquinas e dispositivos pesados ​​em seu destino. Eles também são usados ​​em oficinas de automóveis, por exemplo, na remoção de motores.</p><p></p><p>Especificações técnicas:</p><p></p><p>Material: Poliéster (PES)</p><p></p><p>Fator de segurança: 7:1</p><p></p><p>Cumpre a norma: EN 1492-1</p>",88efbe_f8e8f8f10f3f4df89c4ad6ef0b5adb04~mv2.jpg,Construção;Oficina Mecânica;Proteção e Segurança,,,2.89,,TRUE,PERCENT,0,InStock,,,Medidas,DROP_DOWN,4ton/6MT/120MM [AG03917];3Ton/4MT/90MM [AG03913];2Ton/4MT/60MM [AG03909];2Ton/3MT/60MM [AG03908];1Ton/3MT/30MM [AG03903/1];1Ton/2MT/30MM [AG03902];1Ton/1MT/30MM [AG03900],,,,,,,,,,,,,,,,,,,,,,,,,,,,,,,,,,,110012,General Tools,Tools for The Workshop and Garage\General Tools,2025-06-27T13:51:14.639811
product_69f13d5d-018f-279f-3b39-3ee15736fa24,Variant,,,,,,,,27,TRUE,,,InStock,,,,,4ton/6MT/120MM [AG03917],,,,,,,,,,,,,,,,,,,,,,,,,,,,,,,,,,,,,,
product_69f13d5d-018f-279f-3b39-3ee15736fa24,Variant,,,,,,,,1.6,TRUE,,,InStock,,,,,1Ton/3MT/30MM [AG03903/1],,,,,,,,,,,,,,,,,,,,,,,,,,,,,,,,,,,,,,
product_69f13d5d-018f-279f-3b39-3ee15736fa24,Variant,,,,,,,,,TRUE,,,InStock,,,,,1Ton/1MT/30MM [AG03900],,,,,,,,,,,,,,,,,,,,,,,,,,,,,,,,,,,,,,
product_69f13d5d-018f-279f-3b39-3ee15736fa24,Variant,,,,,,,,4.65,TRUE,,,InStock,,,,,2Ton/3MT/60MM [AG03908],,,,,,,,,,,,,,,,,,,,,,,,,,,,,,,,,,,,,,
product_69f13d5d-018f-279f-3b39-3ee15736fa24,Variant,,,,,,,,11,TRUE,,,InStock,,,,,3Ton/4MT/90MM [AG03913],,,,,,,,,,,,,,,,,,,,,,,,,,,,,,,,,,,,,,
product_69f13d5d-018f-279f-3b39-3ee15736fa24,Variant,,,,,,,,1,TRUE,,,InStock,,,,,1Ton/2MT/30MM [AG03902],,,,,,,,,,,,,,,,,,,,,,,,,,,,,,,,,,,,,,
product_69f13d5d-018f-279f-3b39-3ee15736fa24,Variant,,,,,,,,6.54,TRUE,,,InStock,,,,,2Ton/4MT/60MM [AG03909],,,,,,,,,,,,,,,,,,,,,,,,,,,,,,,,,,,,,,
product_22f538c5-18e7-0b32-1d69-0474278fd257,Product,Extensão Eléctrica 3x1.5mm - Laranja ,<p>Embalado individualmente com autocolante e codigo barras</p><p></p><p>Cx interior de 5 unid</p><p>Cx exterior de 10 unid</p>,88efbe_9c00cf0ac5fb466a8270417ea4eb5820~mv2.jpeg,Eletricidade,,,6.99,,TRUE,PERCENT,0,InStock,,,Medidas,DROP_DOWN,20mts - 900255;10mts - 900254,,,,,,,,,,,,,,,,,,,,,,,,,,,,,,,,,,,110010,Cables and Extensions,Tools for Electricians\Cables and Extensions,2025-06-27T13:51:14.640047
product_31c8c276-61f0-8822-adda-b5d26381ef41,Product,Talocha para Lixa [ A0040],<p>Cx interior de 6unid</p><p>Cx exterior de 24unid</p><p></p><p></p>,88efbe_def5b187ce454147ae98dfab7d40d039~mv2.jpg;88efbe_261fd097d5b044ef99c500bb8fb4fe62~mv2.jpg,Construção,,,1.59,,TRUE,PERCENT,0,InStock,,,,,,,,,,,,,,,,,,,,,,,,,,,,,,,,,,,,,,,,110006,Trowels and Spatulas,Construction and Renovation\Hand Tools\Trowels and Spatulas,2025-06-27T13:51:14.640067
product_03256b05-8094-b927-fe41-0d6bb7802db2,Product,Máscara de Soldador AUTOMATIC [AK00291],"<p>Descrição do produto</p><p>Máscara de soldagem com escurecimento automático de chama</p><p>A viseira com escurecimento automático foi projetada para proteger seus olhos e rosto durante a soldagem contra faíscas, respingos e radiações UV e IR prejudiciais.</p><p></p><p>A máscara é adequada para soldagem por todos os métodos com arco elétrico - eletrodo coberto com MMA e MIG-MAG e TIG com proteção a gás semiautomática. Além disso, também é possível soldar pelo método TIG (-) – baixa corrente (20A).</p><p></p><p>O cassete de filtros contém dois fotossensores que respondem à luz do arco de soldagem, que identificam automaticamente o início da soldagem e ativam a função de autoescurecimento. Após terminar o trabalho, o filtro retorna automaticamente ao estado iluminado.</p><p></p><p>O filtro de escurecimento automático possui duas fontes de energia independentes:</p><p></p><p>bateria embutida alimentada por células solares</p><p>duas pilhas AAA externas</p><p>A possibilidade de ajuste dos parâmetros e tamanho da máscara permite adaptar adequadamente o produto ao tipo de trabalho realizado e às expectativas do cliente.</p><p></p><p>Características do produto</p><p>viseira em material polimérico resistente</p><p>amplo campo de visão</p><p>interruptor liga/desliga automático</p><p>ajuste do grau de escuridão e sensibilidade dos fotossensores</p><p>adaptação automática ao modo de soldagem</p><p>capacidade de ajustar a máscara ao tamanho da cabeça do usuário</p><p>luz</p><p>proteção contra radiação UV e IR</p><p>Dados técnicos</p><p>Grau de escurecimento em estado claro: 4 de acordo com DIN</p><p>Faixa de grau de escurecimento: 9 - 13 de acordo com DIN</p><p>Atraso de comutação: (claro/escuro): 1/10000 s</p><p>Atraso de comutação: (escuro/claro): 0,1 – 0,8</p><p>Proteção ocular de acordo com normas: EN379</p><p>Proteção facial de acordo com normas: EN175</p><p>Proteção UV/IR: completa</p><p>Temperatura operacional: -10°C a +65°C</p><p>Campo de visão: 92,5 x 42,5 mm</p><p>Dimensões do filtro: 110 x 90 x 9 mm</p><p>Sensibilidade: ajuste suave</p>",88efbe_c83e81b3553447cfbcacb88f48dca149~mv2.jpeg;88efbe_c0eb48f4c7ee46c68792a1cc8f0117cc~mv2.jpeg;88efbe_3a58a31753bc4817aa74a22caa218b0a~mv2.jpeg,Proteção e Segurança;Oficina Mecânica;Construção,,,14.99,,TRUE,PERCENT,0,InStock,,,,,,,,,,,,,,,,,,,,,,,,,,,,,,,,,,,,,,,,110012,General Tools,Tools for The Workshop and Garage\General Tools,2025-06-27T13:51:14.640150
product_770ddd07-11df-dca2-2468-173adab9d391,Product,Kit 4 pcs para Mangueira Rega [Borracha],"<p>Economize seu tempo e energia com nosso kit de aspersão de 1/2"" de 4 peças. Feito de material TPR durável, nosso kit garante confiabilidade, conveniência e eficiência. Se você precisa regar suas plantas ou limpar superfícies, nosso kit é a solução perfeita para você.</p><p></p><p>Características do produto:</p><p></p><p>Qualidade de acabamento: O conjunto é confeccionado em material TPR de alta qualidade, que garante durabilidade, resistência a danos e uso a longo prazo.</p><p></p><p>Operação simples: Ferramentas fáceis de usar que proporcionam comodidade e economia de tempo na hora de borrifar o jardim ou regar plantas.</p><p></p><p>Uso universal: O conjunto de 1/2"" é ideal para jardins domésticos, terraços e áreas verdes maiores.</p><p></p><p>Economia eficaz de água: Graças à regulação precisa do fluxo de água, você pode controlar a quantidade de água utilizada, ao mesmo tempo que cuida do meio ambiente e reduz o desperdício.</p><p></p><p>Funcionalidade: O conjunto contém todos os elementos necessários que proporcionam uma solução abrangente de aspersão, garantindo que o seu jardim estará sempre em perfeitas condições.</p><p></p><p>Definir conteúdo:</p><p></p><p></p><p></p><p></p><p>Conexão da torneira: Conexão conveniente e fácil à sua torneira, permitindo que você comece a pulverizar rapidamente sem complicações.</p><p></p><p></p><p>Economize seu tempo e energia com nosso kit de aspersão de 1/2"" de 4 peças.  Também disponível em 3/4 "". Feito de material TPR durável, nosso kit garante confiabilidade, conveniência e eficiência. Se você precisa regar suas plantas ou limpar superfícies, nosso kit é a solução perfeita para você.</p><p></p><p>Conector rápido: A solução perfeita que permite conectar e desconectar de forma rápida e fácil a mangueira do sprinkler, eliminando o demorado aparafusamento e desaparafusamento.</p><p></p><p>Conector rápido com batente: Extremamente prático, permite passar rapidamente de um aparelho para outro sem ter que interromper o fluxo de água.</p><p></p><p>Bocal de pulverização: Bocal ajustável que permite ajustar a força e a forma do jato de água às suas necessidades individuais. Desde uma suave nebulização de plantas até um poderoso jato de limpeza.</p><p></p><p></p>",88efbe_e0e3b0686b724e21a57ab0194f5fb1cd~mv2.jpeg,Jardim,,,1.99,,TRUE,PERCENT,0,InStock,,,Medidas,DROP_DOWN,"[AG73043]- 3/4"";[AG73042]- 1/2""",,,,,,,,,,,,,,,,,,,,,,,,,,,,,,,,,,,110012,General Tools,Tools for The Workshop and Garage\General Tools,2025-06-27T13:51:14.640358
product_770ddd07-11df-dca2-2468-173adab9d391,Variant,,,,,,,,,TRUE,,,InStock,,,,,"[AG73042]- 1/2""",,,,,,,,,,,,,,,,,,,,,,,,,,,,,,,,,,,,,,
product_770ddd07-11df-dca2-2468-173adab9d391,Variant,,,,,,,,,TRUE,,,InStock,,,,,"[AG73043]- 3/4""",,,,,,,,,,,,,,,,,,,,,,,,,,,,,,,,,,,,,,
product_90e81114-3194-8719-c804-9e019ae27815,Product,União Mangueira Rega Plástico ,"<p>Conector/reparador BLUE LINE para mangueira de 1/2"" de diâmetro (blister)</p><p>Conector/reparador BLUE LINE para mangueira de 1/2"" de diâmetro. Perfeito para reparar uma mangueira danificada.</p><p></p><p>Tambem disponível em 3/4""</p><p></p><p>Características do produto:</p><p>plástico de alta qualidade</p><p>perfeito para reparar uma mangueira danificada</p><p>fornece uma conexão permanente de duas mangueiras do mesmo diâmetro</p><p></p><p>Cxs interiores de 12unid.</p><p>Cx exterior de 120 unid.</p>",88efbe_067117d3a5554c35bc9f330484d4e145~mv2.jpeg,Jardim,,,0.56,,TRUE,PERCENT,0,InStock,,,Medidas,DROP_DOWN,"[AG73038]- 3/4"";[AG73037]- 1/2""",,,,,,,,,,,,,,,,,,,,,,,,,,,,,,,,,,,110012,General Tools,Tools for The Workshop and Garage\General Tools,2025-06-27T13:51:14.640424
product_90e81114-3194-8719-c804-9e019ae27815,Variant,,,,,,,,0.1,TRUE,,,InStock,,,,,"[AG73038]- 3/4""",,,,,,,,,,,,,,,,,,,,,,,,,,,,,,,,,,,,,,
product_90e81114-3194-8719-c804-9e019ae27815,Variant,,,,,,,,,TRUE,,,InStock,,,,,"[AG73037]- 1/2""",,,,,,,,,,,,,,,,,,,,,,,,,,,,,,,,,,,,,,
product_312cae3b-115d-9802-2805-04e5211a2af5,Product,Tomada Rápida  para Mangueira Rega,"<p>Conector rápido para mangueira de jardim 1/2"" BLUE LINE (blister)</p><p></p><p>Disponível também  na medida 3/4""</p><p></p><p>Cxs interior de 12unid</p><p>Cx exterior de 120 unid.</p><p></p>",88efbe_e41b52bd4b7043e3ac2c1d70736abc12~mv2.jpeg,Jardim,,,0.6,,TRUE,PERCENT,0,InStock,,,Medidas,DROP_DOWN,"[AG73032B] - 3/4"";[AG73030B]- 1/2""",,,,,,,,,,,,,,,,,,,,,,,,,,,,,,,,,,,110012,General Tools,Tools for The Workshop and Garage\General Tools,2025-06-27T13:51:14.640569
product_312cae3b-115d-9802-2805-04e5211a2af5,Variant,,,,,,,,0.06,TRUE,,,InStock,,,,,"[AG73032B] - 3/4""",,,,,,,,,,,,,,,,,,,,,,,,,,,,,,,,,,,,,,
product_312cae3b-115d-9802-2805-04e5211a2af5,Variant,,,,,,,,,TRUE,,,InStock,,,,,"[AG73030B]- 1/2""",,,,,,,,,,,,,,,,,,,,,,,,,,,,,,,,,,,,,,
product_276fa39e-4fe3-0ac4-ae99-a02787433257,Product,Adaptor de torneira para Mangueira Rega,"<p>Vem embalado com código barras individual.</p><p>Cxs interiores de 25unid.</p><p></p><p>Conexão de torneira de 1"" com redução de 3/4"" BLUE LINE</p><p>Ou disponível também  de torneira 3/4"" para redução de 1/2""</p><p>Permite conectar rapidamente uma mangueira de jardim usando um conector rápido.</p>",88efbe_eaa0f5f3cef8483082faefcd9f6567e7~mv2.jpeg,Jardim,,,0.33,,TRUE,PERCENT,0,InStock,,,Medidas,DROP_DOWN,"[AG73022]- 1/2""-3/4"";[AG73021]- 3/4""-1""",,,,,,,,,,,,,,,,,,,,,,,,,,,,,,,,,,,110012,General Tools,Tools for The Workshop and Garage\General Tools,2025-06-27T13:51:14.640622
product_276fa39e-4fe3-0ac4-ae99-a02787433257,Variant,,,,,,,,0.13,TRUE,,,InStock,,,,,"[AG73021]- 3/4""-1""",,,,,,,,,,,,,,,,,,,,,,,,,,,,,,,,,,,,,,
product_276fa39e-4fe3-0ac4-ae99-a02787433257,Variant,,,,,,,,,TRUE,,,InStock,,,,,"[AG73022]- 1/2""-3/4""",,,,,,,,,,,,,,,,,,,,,,,,,,,,,,,,,,,,,,
product_41d541bd-8ede-e13a-6e1e-90a05bb84df5,Product,ÓCULOS de Proteção Pretos,"<p>Cx interior de 12unid.</p><p>Cx exterior de 120unid.</p><p>Vem embalado em blister com pega em cartão individualmente.</p><p></p><p>Óculos de segurança ajustáveis ​​anti-cortador - preto</p><p>Óculos de segurança anti-estilhaços de alta qualidade . Vidro durável feito de policarbonato. Óculos projetados para proteger os olhos contra respingos de sólidos gerados durante o processamento, madeira, metais, materiais cerâmicos, plásticos, etc.</p><p></p><p>Características do produto:</p><p>lente de óculos preta feita de policarbonato</p><p>classe óptica: 1</p><p>moldura feita de plástico</p><p>comprimento ajustável do templo</p><p>furos nas extremidades das hastes (possibilidade de prender um barbante e pendurar os óculos no pescoço)</p><p>classe de proteção: II</p><p>tem tampas laterais</p><p>atender aos seguintes padrões: ANSI Z87.1 / EN166-F CE</p><p>fornecem proteção contra pequenos respingos de corpos sólidos com energia de impacto de até 45 m/s</p>",88efbe_c6a6d23acf2a42509d16322fc9e20835~mv2.jpeg,Proteção e Segurança,,,1.1,,TRUE,PERCENT,0,InStock,,,,,,,,,,,,,,,,,,,,,,,,,,,,,,,,,,,,,,,FERMAN,110012,General Tools,Tools for The Workshop and Garage\General Tools,2025-06-27T13:51:14.640702
product_4ed7482c-e0de-4b58-4773-77b035405170,Product,Escova de Arame Galvanizado para Roçadora,<p>Medida : 200x 25.4mm</p>,88efbe_8cc6e5620cc94c78be34e768d9286dc1~mv2.jpeg,Discos;Jardim,,,5.75,,TRUE,PERCENT,0,InStock,,,,,,,,,,,,,,,,,,,,,,,,,,,,,,,,,,,,,,,,110012,General Tools,Tools for The Workshop and Garage\General Tools,2025-06-27T13:51:14.640744
product_c909e30b-3bf2-660a-f2ed-cdbf65ed6246,Product,Escova de Nylon para Roçadora 200x25.4mm para Limpeza Superficies,"<p>Quer se livrar do musgo e das ervas daninhas das pedras do pavimento do seu jardim? Você está procurando a ferramenta perfeita que irá limpar a superfície com eficácia e, ao mesmo tempo, fornecer proteção contra danos?</p><p></p><p>Esta escova de náilon especialmente projetada foi criada para atender às suas expectativas na limpeza de pedras de pavimentação. Fabricadas em náilon de alta qualidade, suas fibras são perfeitas para remover musgo e ervas daninhas.</p><p></p><p>Mais importante ainda, a escova de náilon não causa danos à superfície limpa, como arranhões ou outras marcas mecânicas. Graças ao baixo peso da escova de náilon, você não precisa se preocupar com carga excessiva no seu aparador de gasolina.</p><p></p><p>Informação importante:</p><p>Uma escova de náilon desgasta mais rápido que uma escova de aço, mas não danifica a superfície limpa. Não exerça muita pressão na superfície a ser limpa, isso não aumenta a eficiência do trabalho e apenas acelera o desgaste da escova.</p><p></p><p>Especificações técnicas:</p><p>Material: náilon</p><p></p><p>Uso pretendido: para limpeza de cubos</p><p></p><p>Diâmetro externo da escova: 200 mm</p><p></p><p>Diâmetro do furo de montagem: 25,4 mm</p><p></p><p>Rotações máximas: 10.000 rpm</p>",88efbe_00f025caf9184d8ba7d015618f64d207~mv2.jpeg,Jardim;Discos,,,9.35,,TRUE,PERCENT,0,InStock,,,Medidas,DROP_DOWN,AG81069S- nylon,,,,,,,,,,,,,,,,,,,,,,,,,,,,,,,,,,,110012,General Tools,Tools for The Workshop and Garage\General Tools,2025-06-27T13:51:14.640774
product_749c835b-5ba1-6000-1d18-3860eda44e86,Product,"Disco corte Madeira, Plst, Gesso Cartonado 125x22.2mm","<p>O disco funciona perfeitamente com uma rebarbadora angular de 125 mm, o que garante uma montagem segura e sem problemas.</p><p></p><p>Perfeito para cortar materiais como: madeira, materiais à base de madeira, plásticos, placas de gesso</p><p></p><p>O revestimento em carboneto de tungstênio garante excelente durabilidade e resistência, possibilitando o corte de diversos materiais.</p><p></p><p>O disco foi otimizado para reduzir o atrito e aumentar sua vida útil, o que se traduz em uma operação mais longa sem perda de qualidade de corte.</p><p></p><p>Especificações técnicas:</p><p></p><p>Diâmetro do disco: 125 mm</p><p></p><p>Diâmetro do furo de fixação: 22,2 mm</p><p></p><p>Grão: carboneto de tungstênio</p><p></p><p>Uso pretendido: madeira, plásticos, placas de gesso</p><p></p><p></p>",88efbe_7de34eb0b1d84d48820f5e0f0d4a0ce5~mv2.jpeg,Discos;Construção,,,4.49,,TRUE,PERCENT,0,InStock,,,Medidas,DROP_DOWN,380138/2 - 125mm,,,,,,,,,,,,,,,,,,,,,,,,,,,,,,,,,,,110007,Cutting Discs,Abrasive Materials\Cutting Discs,2025-06-27T13:51:14.640827
product_659fc9ab-36ba-604e-2364-6ea7cfa85373,Product,Pistola para Espuma PU ,<p>Embalado em Cx colorida</p><p></p>,88efbe_0423ea55765b403baa34ced9e39a57a8~mv2.jpeg,Construção;Ferramentas Manuais,,,5.5,,TRUE,PERCENT,0,InStock,,,,,,,,,,,,,,,,,,,,,,,,,,,,,,,,,,,,,,,,110012,General Tools,Tools for The Workshop and Garage\General Tools,2025-06-27T13:51:14.640856
product_00c21dd8-0e04-1d4d-2277-9139b2db9247,Product,Broca cónica escalonada HSS - TITANIO,,88efbe_be88b443fae34d46b2d550a9cf28993d~mv2.jpeg,Construção,,,3,,TRUE,PERCENT,0,InStock,,,Medidas,DROP_DOWN,4-39 mm [AG38501];4-20 mm [ AG38505];4-12 mm [ AG38504],,,,,,,,,,,,,,,,,,,,,,,,,,,,,,,,,,,110012,General Tools,Tools for The Workshop and Garage\General Tools,2025-06-27T13:51:14.640876
product_00c21dd8-0e04-1d4d-2277-9139b2db9247,Variant,,,,,,,,,TRUE,,,InStock,,,,,4-12 mm [ AG38504],,,,,,,,,,,,,,,,,,,,,,,,,,,,,,,,,,,,,,
product_00c21dd8-0e04-1d4d-2277-9139b2db9247,Variant,,,,,,,,9,TRUE,,,InStock,,,,,4-39 mm [AG38501],,,,,,,,,,,,,,,,,,,,,,,,,,,,,,,,,,,,,,
product_00c21dd8-0e04-1d4d-2277-9139b2db9247,Variant,,,,,,,,2.5,TRUE,,,InStock,,,,,4-20 mm [ AG38505],,,,,,,,,,,,,,,,,,,,,,,,,,,,,,,,,,,,,,
product_838885e1-3151-27e8-4b82-3ea9b400b744,Product,Pulverizador 2L PRO,,88efbe_0908e035d16148e2b68ee63fd2837663~mv2.jpg,Jardim,,,3.49,,TRUE,PERCENT,0,InStock,,,,,,,,,,,,,,,,,,,,,,,,,,,,,,,,,,,,,,,,110012,General Tools,Tools for The Workshop and Garage\General Tools,2025-06-27T13:51:14.640978
product_0ab36068-4c66-7206-9be0-59d5f06fa773,Product,Pulverizador manual 5 L - PRO,,88efbe_2a25062400c542c59d9f19ef3c2e651a~mv2.jpg,Jardim,,,9.99,,TRUE,PERCENT,0,InStock,,,,,,,,,,,,,,,,,,,,,,,,,,,,,,,,,,,,,,,,110012,General Tools,Tools for The Workshop and Garage\General Tools,2025-06-27T13:51:14.640999
product_abdec6f2-4dfa-39ff-7714-91b6458670dd,Product,Cinto Pedreiro com 11 Bolsas para Ferramentas ,<p>Embalagem individual </p><p>Caixa interior 6 unid.</p>,88efbe_d8835b500ccf43cbac2f4c6a7997ad02~mv2.jpeg,Construção,,,3.99,,TRUE,PERCENT,0,InStock,,,,,,,,,,,,,,,,,,,,,,,,,,,,,,,,,,,,,,,,110012,General Tools,Tools for The Workshop and Garage\General Tools,2025-06-27T13:51:14.641017
product_14fa0b19-2228-ae03-0bb8-3277466174b7,Product,"Turques de carpinteiro 8"" / 200mm ",<p>Em aço forjado</p><p>Cabo isolado</p><p>Caixa interior de 6 unid.</p>,88efbe_a86b885a023841a9810c5a9597b56a12~mv2.jpeg,Alicates;Construção;Ferramentas Manuais,,,3.5,,TRUE,PERCENT,0,InStock,,,,,,,,,,,,,,,,,,,,,,,,,,,,,,,,,,,,,,,,110012,General Tools,Tools for The Workshop and Garage\General Tools,2025-06-27T13:51:14.641037
product_be72691e-babc-3a59-ae27-fe276bed8057,Product,Espatula borracha 200mm,<p>Em borracha 200mm cabo em madeira </p>,88efbe_2cf6243974ab4b259cbf679c7b6fc01d~mv2.jpeg,Construção,,,1.09,,TRUE,PERCENT,0,InStock,,,,,,,,,,,,,,,,,,,,,,,,,,,,,,,,,,,,,,,,110006,Trowels and Spatulas,Construction and Renovation\Hand Tools\Trowels and Spatulas,2025-06-27T13:51:14.641055
product_023d3267-7f4e-4c6e-583a-b43d31c27ff4,Product,Misturador 120x600 Arga Massa c/ paraf. M14,<p>Com Parafuso M14</p><p>Ideal para máquinas </p><p>Cx interior 6unid</p>,88efbe_72659f81eb0a4d34a6d870c18d46b57e~mv2.jpeg,Construção,,,6.99,,TRUE,PERCENT,0,InStock,,,,,,,,,,,,,,,,,,,,,,,,,,,,,,,,,,,,,,,,110012,General Tools,Tools for The Workshop and Garage\General Tools,2025-06-27T13:51:14.641073
product_79ac0d43-48c8-79e6-823c-e4093de24ede,Product,Escova Latonada 4 filas com raspador ,<p>2 em 1 Escova e raspador </p><p>Cx interior 12 unidades </p>,88efbe_eb044fea69004f6f9f7f76513717b6fc~mv2.jpeg,Geral,,,1.15,,TRUE,PERCENT,0,InStock,,,,,,,,,,,,,,,,,,,,,,,,,,,,,,,,,,,,,,,,110012,General Tools,Tools for The Workshop and Garage\General Tools,2025-06-27T13:51:14.641092
product_c420177c-e63a-4fad-2b3d-d33b994e1ae1,Product,Escopro com protecção 7cms [300×16mm],<p>Com a espessura de 16mm</p><p>Comprimento de 300mm</p><p>Largura da ponta 7cms </p><p>Cx interior 6unid</p>,88efbe_216df500613842608291796c2a96223e~mv2.jpeg,Construção;Ferramentas Manuais,,,3.5,,TRUE,PERCENT,0,InStock,,,,,,,,,,,,,,,,,,,,,,,,,,,,,,,,,,,,,,,,110012,General Tools,Tools for The Workshop and Garage\General Tools,2025-06-27T13:51:14.641115
product_97d388c2-1a16-e67b-8c97-d43dc0cacef9,Product,Faca de alcatifa Profissional  5 Laminas Autoload,<p>Para profissionais </p><p>Automático Autoload</p><p>Em blister </p><p>Cx interior 6unid</p>,88efbe_80a7307480694ec9bbe2a3624bfde3fa~mv2.jpeg,Geral,,,4.77,,TRUE,PERCENT,0,InStock,,,,,,,,,,,,,,,,,,,,,,,,,,,,,,,,,,,,,,,,110011,Cutting Tools,Tools for The Workshop and Garage\Cutting Tools,2025-06-27T13:51:14.641135
product_230bd3f6-4afe-6296-a966-21e5ac79bd1d,Product,Suporte para  Mangueira em Plástico Verde,<p>Em Plástico Verde</p><p>Venda à unidade </p>,88efbe_89139789a5aa4b308a169d22483990a6~mv2.jpeg,Jardim,,,1.99,,TRUE,PERCENT,0,InStock,,,,,,,,,,,,,,,,,,,,,,,,,,,,,,,,,,,,,,,,110012,General Tools,Tools for The Workshop and Garage\General Tools,2025-06-27T13:51:14.641154
product_0b6fbf0e-0fc2-f717-75a8-6485947f3951,Product,Marcador Preto Tinta Permanente BLST 5pcs,<p>Cor preta tinta Permanente </p><p>Caixa expositora 50 unid</p>,88efbe_1e58dcf54bdf47f4b59aa8948cde90b6~mv2.jpeg,Geral,,,1.49,,TRUE,PERCENT,0,InStock,,,,,,,,,,,,,,,,,,,,,,,,,,,,,,,,,,,,,,,,110012,General Tools,Tools for The Workshop and Garage\General Tools,2025-06-27T13:51:14.641190
product_6d3b4d80-b903-e976-d2d0-e033ddbc8e46,Product,Lamina para Xizato 9mm,<p>Em aço [ conjunto de 10pcs em caixa plástica]</p><p>Quantidade minima compra = 20 blisters</p>,88efbe_8ccf9827d97a4caa8149eb7f5d9541cc~mv2.jpeg,Geral,,,0.29,,TRUE,PERCENT,0,InStock,,,,,,,,,,,,,,,,,,,,,,,,,,,,,,,,,,,,,,,,110011,Cutting Tools,Tools for The Workshop and Garage\Cutting Tools,2025-06-27T13:51:14.641278
product_eef41b2e-f3dc-2d7a-ff2e-0cc50bf07bf6,Product,Correia de aperto com Tensor [vários Tamanhos],<p>Com Certificação CE</p>,88efbe_726e04fe0cf4494ab1755c944e73a55e~mv2.jpeg,Oficina Mecânica,,,2.62,,TRUE,PERCENT,0,InStock,,,Medidas,DROP_DOWN,5Ton 16MT x 50MM;5Ton 8MT x 50MM;2Ton 6MT x 35MM;2Ton 4MT x 35MM;1Ton 4MT x 25MM,,,,,,,,,,,,,,,,,,,,,,,,,,,,,,,,,,,110012,General Tools,Tools for The Workshop and Garage\General Tools,2025-06-27T13:51:14.641304
product_eef41b2e-f3dc-2d7a-ff2e-0cc50bf07bf6,Variant,,,,,,,,,TRUE,,,InStock,,,,,1Ton 4MT x 25MM,,,,,,,,,,,,,,,,,,,,,,,,,,,,,,,,,,,,,,
product_eef41b2e-f3dc-2d7a-ff2e-0cc50bf07bf6,Variant,,,,,,,,14.23,TRUE,,,InStock,,,,,5Ton 16MT x 50MM,,,,,,,,,,,,,,,,,,,,,,,,,,,,,,,,,,,,,,
product_eef41b2e-f3dc-2d7a-ff2e-0cc50bf07bf6,Variant,,,,,,,,3.37,TRUE,,,InStock,,,,,2Ton 6MT x 35MM,,,,,,,,,,,,,,,,,,,,,,,,,,,,,,,,,,,,,,
product_eef41b2e-f3dc-2d7a-ff2e-0cc50bf07bf6,Variant,,,,,,,,2.7,TRUE,,,InStock,,,,,2Ton 4MT x 35MM,,,,,,,,,,,,,,,,,,,,,,,,,,,,,,,,,,,,,,
product_eef41b2e-f3dc-2d7a-ff2e-0cc50bf07bf6,Variant,,,,,,,,9.23,TRUE,,,InStock,,,,,5Ton 8MT x 50MM,,,,,,,,,,,,,,,,,,,,,,,,,,,,,,,,,,,,,,
product_5832acfc-86e1-7f38-0ea8-1a520e865709,Product,X- acto com Lâmina 9mm,<p>Corpo em plástico e lâmina em aço </p>,88efbe_0ab32cafbef64f2b9d005b26642a8e3f~mv2.jpg,Geral,,,0.39,,FALSE,PERCENT,0,InStock,,,,,,,,,,,,,,,,,,,,,,,,,,,,,,,,,,,,,,,,110012,General Tools,Tools for The Workshop and Garage\General Tools,2025-06-27T13:51:14.641401
product_2a96b694-bc4a-844e-7d2c-9e02d27831ce,Product,Máscara de soldador com pega ECO,<p>A máscara  fornece proteção contra raios UV e cobre todo o rosto para proteger contra faíscas e respingos.</p><p></p><p>características do produto</p><p>Escudo de soldagem de polipropileno de alta densidade</p><p>Alça ergonômica interna</p><p>Tamanho da lente 108 x 50 mm com estado de tonalidade DIN 11</p><p>Durável e leve</p>,88efbe_a6aaeec2a3414421b30c0819de3aecbe~mv2.jpeg,Proteção e Segurança,,,2.5,,TRUE,PERCENT,0,InStock,,,,,,,,,,,,,,,,,,,,,,,,,,,,,,,,,,,,,,,,110012,General Tools,Tools for The Workshop and Garage\General Tools,2025-06-27T13:51:14.641425
product_0cecaaf6-3fce-afd4-84fc-affe77cedb3b,Product,Xizato  Lâmina Preta 18MM em Blister,<p>Lamina Preta 18MM ( anti-corrosiva)</p><p>Embalado em Blister</p><p>Cx int: 12pcs</p><p>Cx Ext: 144pcs</p>,88efbe_ab67e3f6b551484db0f1236ac210699c~mv2.jpg,Geral,,,1.1,,TRUE,PERCENT,0,InStock,,,,,,,,,,,,,,,,,,,,,,,,,,,,,,,,,,,,,,,,110011,Cutting Tools,Tools for The Workshop and Garage\Cutting Tools,2025-06-27T13:51:14.641524
product_2030b41c-8cf7-1aa5-7461-e958b6e53502,Product,Pás Dobrável CAMPING - 4 em 1 com Bolsa,,88efbe_d135b03a6e8b4c8dbfe591fb295cc6dd~mv2.jpg;88efbe_7d0bafa0bc6541449bd9959cf6da11e2~mv2.jpg;88efbe_6247166655d74d17bc134dfaf7e99da3~mv2.jpg;88efbe_16e63e10473b4c648882dbec8a51b185~mv2.jpg;88efbe_f187bf80cb86448cbf8769f6a1ab883c~mv2.jpg;88efbe_e98ccc5a84424a6cb253be7bc583bc2d~mv2.jpg,Construção;Jardim;Geral,,Destak,2.99,,TRUE,PERCENT,0,InStock,,,,,,,,,,,,,,,,,,,,,,,,,,,,,,,,,,,,,,,,110012,General Tools,Tools for The Workshop and Garage\General Tools,2025-06-27T13:51:14.641563
product_cb43c7c8-59fa-1e57-8904-183312a6ca53,Product,Fato chuva em PU - profissional,<p>Mais profissional </p><p>Mais grosso e pesado </p><p>Fabrico em PU</p><p>Caixas exterior: 10pcs/tamanho</p><p>Saco interior: 5pcs/ tamanho</p>,88efbe_b91b1852c0bd43e496e74d94432a0d73~mv2.jpg;88efbe_aad0a8202abf4ded8390eb28e8486b15~mv2.jpg,Proteção e Segurança,,,16.99,,TRUE,PERCENT,0,InStock,,,Medidas,DROP_DOWN,Verde 2XL- A990220;Verde XL- A990219;Verde L- A990218;Verde M- A990225;Azul 3XL- A990226;Azul 2XL- A990224;Azul XL- A990223;Azul L- A990222;Azul M- A990221,,,,,,,,,,,,,,,,,,,,,,,,,,,,,,,,,,,110003,Protective Clothing,Health and Safety Articles\Protective Clothing,2025-06-27T13:51:14.641604
product_82dba912-6833-bda8-b811-b59322dd0d9f,Product,Sapatilha ténis Ancla S1P NO METAL,<p>Sapatilha ténis com biqueira em Composite e palminha em kevlar </p><p></p><p>Disponível do 35 ao 47</p><p>Caixa exterior = 10prs/tamanho </p><p>Caixa interior = 1pr/tamanho </p>,88efbe_7f6a60d00006477482c70faf9d134a05~mv2.png,Proteção e Segurança,,,20.99,,TRUE,PERCENT,0,InStock,,,Medidas,DROP_DOWN,47 - A970547;46 - A970546;45 - A970545;44 - A970544;43 - A970543;42 - A970542;41 - A970541;40 - A970540;39 - A970539;38 - A970538;37 - A970537;36 - A970536;35 - A970535,,,,,,,,,,,,,,,,,,,,,,,,,,,,,,,,,,,110012,General Tools,Tools for The Workshop and Garage\General Tools,2025-06-27T13:51:14.641674
product_2ba5d8c0-3dbb-5b26-deff-8424baac28ec,Product,Luva em Espuma Nitrilo Preto - Respirável PROF.,"<p>Luva em Nylon sem costuras de cor cinza, recoberta na palma e pontas de dedos em espuma de nitrilo Preto, punho elástico.</p><p>Luva Superior ao modelo de nitrilo cinza ou rogosa preta em latex por ser Respirável </p><p>Melhor qualidade e durabilidade.</p><p>Cx exterior = 120 prs/ tamanho </p><p>Saco interior = 12 prs/ tamanho </p><p>Disponível em tamanho 6, 7, 8, 9, 10""</p><p></p>",88efbe_5e5c98f3761748c0a0120c9d843d8a6a~mv2.png,Luvas de Protecção;Proteção e Segurança,,,1.1,,TRUE,PERCENT,0,InStock,,,Medidas,DROP_DOWN,"10""- A880214;9"" - A880213;8"" - A880212;7"" - A880211;6"" - A880210",,,,,,,,,,,,,,,,,,,,,,,,,,,,,,,,,,,110002,Work Gloves,Health and Safety Articles\Work Gloves,2025-06-27T13:51:14.641717
product_45e9ec9f-55d8-e2a1-c57d-5b8de4b5508d,Product,Luva nylon e Latex - Estanque TOP,"<p>Luva em Nylon azul sem costuras, duplo revestimento em Latex, primeiro banho em recobrimento total e estanque, segundo banho na Palma da mão e ponta dos dedos com acabamento areado.</p><p>Caixa exterior = 120prs/tamanho </p><p>Saco interior = 12prs/tamanho </p><p>Disponível em tamanho 6, 7, 8, 9 e 10""</p>",88efbe_6e67185ba6634eb8938c2b6c4d8bd26c~mv2.png,Luvas de Protecção;Proteção e Segurança,,,1.49,,TRUE,PERCENT,0,InStock,,,Medidas,DROP_DOWN,"10"" - A880205;9"" - A880204;8"" - A880203;7"" - A880202;6"" - A880201",,,,,,,,,,,,,,,,,,,,,,,,,,,,,,,,,,,110002,Work Gloves,Health and Safety Articles\Work Gloves,2025-06-27T13:51:14.641768
product_1f607845-218e-aeb1-28ae-0713ac84498f,Product,Óculo de proteção [ para sobreposição de óculos],<p>Lentes claras Anti  Embaciamento</p><p>Cx Exterior = 300unid</p><p>Cx interior = 20 unid</p>,88efbe_6459f9355efa47aea0b38e124e087560~mv2.png,Proteção e Segurança,,,1.95,,TRUE,PERCENT,0,InStock,,,,,,,,,,,,,,,,,,,,,,,,,,,,,,,,,,,,,,,,110012,General Tools,Tools for The Workshop and Garage\General Tools,2025-06-27T13:51:14.641801
product_c3757625-77e4-bb02-95a7-a2e93d34f00e,Product,Óculo de Proteção Prof. Pretos,<p>Óculo de protecção de Alta qualidade para Profissionais que requerem a máxima segurança e claridade </p><p>Cx  exterior = 300 unid</p><p>Cx interior  = 20 unid</p>,88efbe_1d3a062abbaa438faa28507d7d27aac6~mv2.png,Proteção e Segurança,,,1.99,,TRUE,PERCENT,0,InStock,,,,,,,,,,,,,,,,,,,,,,,,,,,,,,,,,,,,,,,,110012,General Tools,Tools for The Workshop and Garage\General Tools,2025-06-27T13:51:14.641823
product_2d84da8b-9d43-79c0-cbd0-8fb417b370ef,Product,Óculo de proteção Prof. Transparente ,<p>Óculo de protecção de Alta qualidade para Profissionais que requerem a máxima segurança e claridade </p><p>Cx  exterior = 300 unid</p><p>Cx interior  = 20 unid</p><p></p>,88efbe_924811fabc2f455bb2fe4f42d6f264c0~mv2.png,Proteção e Segurança,,,1.99,,TRUE,PERCENT,0,InStock,,,,,,,,,,,,,,,,,,,,,,,,,,,,,,,,,,,,,,,,110012,General Tools,Tools for The Workshop and Garage\General Tools,2025-06-27T13:51:14.641887
product_5fdd9bf3-0c19-5f63-49c0-a6873524f56b,Product,Sapato Camurça S1P NO METAL,<p>Sapato em pele de Camurça Cinza perfurado</p><p>Palmilha em Kevlar e biqueira em Composite</p><p>Disponível do 36 ao 46</p><p>Cx exterior = 10prs/ tamanho </p><p>Cx interior  = 1 pr / tamanho</p>,88efbe_c5fa2394e4eb47ac88b0c0fc9bebc7fb~mv2.png,Proteção e Segurança,,,17.99,,TRUE,PERCENT,0,InStock,,,Medidas,DROP_DOWN,46 - A970166;36- A970156;37 - A970157;45 - A970165;44 - A970164;43 - A970163;42 - A970162;41 - A970161;40 - A970160;39 - A970159;38 - A970158,,,,,,,,,,,,,,,,,,,,,,,,,,,,,,,,,,,110012,General Tools,Tools for The Workshop and Garage\General Tools,2025-06-27T13:51:14.641916
product_300121aa-7294-71d4-d964-dc7de2371bd3,Product,Talocha esponja Laranja 280x140x20mm,<p>Talocha com esponja rogosa </p><p>Caixas interiores de 10 unidades </p>,88efbe_ab0f0f574d804a3f90f774d4b5e2b4ce~mv2.jpg,,,,3.99,,TRUE,PERCENT,0,InStock,,,,,,,,,,,,,,,,,,,,,,,,,,,,,,,,,,,,,,,,110006,Trowels and Spatulas,Construction and Renovation\Hand Tools\Trowels and Spatulas,2025-06-27T13:51:14.641938
product_60f16474-b119-fe87-e534-65f6bd2d93af,Product,Talocha base borracha 240x100x20mm,<p>Talocha com cabo plástico </p><p>Caixas interiores de 10 unidades </p>,88efbe_63fe8ee3b3a34325aab7fecf3b37c671~mv2.jpg;88efbe_39c61525d9f940c58506094a02ff64da~mv2.jpg;88efbe_f3d8ce9d06604ef2ae275701158ebd67~mv2.jpg,,,,4.49,,FALSE,PERCENT,0,InStock,,,,,,,,,,,,,,,,,,,,,,,,,,,,,,,,,,,,,,,,110006,Trowels and Spatulas,Construction and Renovation\Hand Tools\Trowels and Spatulas,2025-06-27T13:51:14.641956
product_5214d771-c36e-6b7d-3ab4-e4980508bdf3,Product,"Serrote para Pladur 6"" Profissional ","<p>Serrote com punho ergonómico em borracha softgrip</p><p>Lamina de 6"" - 150mm e com dentes Japonês </p><p>Qualidade Profissional </p><p>Caixas de Origem 60 unidades</p><p>Caixas interiores 12 unidades </p><p></p>",88efbe_ddedabcedf554e89a33fdd76baeca021~mv2.jpg;88efbe_ec636f42d51a47819cc9566d3cc65b0f~mv2.jpg,,,,2.99,,TRUE,PERCENT,0,InStock,,,Medidas,DROP_DOWN,"6"" - 150mm - 760305",,,,,,,,,,,,,,,,,,,,,,,,,,,,,,,,,,,110012,General Tools,Tools for The Workshop and Garage\General Tools,2025-06-27T13:51:14.641990
product_738d9531-9389-225d-80f8-dc7a7349fe23,Product,"Serrote prof. cortar Ferro 12"" - 300 MM ",<p>Serrote para cortar ferro </p><p>Armadura reforçada</p><p>Para utilização profissional</p><p>Caixa de origem de 60 unidades </p><p>Caixa interior de 6 unidades </p>,88efbe_3c4ad74c3b3a4cc4a7957a781dd8782a~mv2.jpg;88efbe_f511cd2cf8c74a0993e888bb9ea10d75~mv2.jpg,Construção;Ferramentas Manuais,,,3.99,,TRUE,PERCENT,0,InStock,,,Medidas,DROP_DOWN,"12"" - 300mm - 760303",,,,,,,,,,,,,,,,,,,,,,,,,,,,,,,,,,,110012,General Tools,Tools for The Workshop and Garage\General Tools,2025-06-27T13:51:14.642065
product_dd7e8528-aac0-2742-8ec3-8395f876991e,Product,Esticador Olhal / Olhal 5x70mm - 25pcs,<p>Embalado em sacos de 25pcs</p><p>Disponível em Galvanizado ou Inox 304</p>,88efbe_2992dc58776c4154a02a5b5634d0c842~mv2.jpg;88efbe_106079cf72754b919b0eaa654dde4f6b~mv2.jpg;88efbe_2f80bf19ddac4d7daa8a7f2433805aa3~mv2.jpg,,,,9.99,,TRUE,PERCENT,0,InStock,,,Medidas,DROP_DOWN,Inox 304 - 740200;Galvanizado- 740201,,,,,,,,,,,,,,,,,,,,,,,,,,,,,,,,,,,110012,General Tools,Tools for The Workshop and Garage\General Tools,2025-06-27T13:51:14.642095
product_dd7e8528-aac0-2742-8ec3-8395f876991e,Variant,,,,,,,,18,TRUE,,,InStock,,,,,Inox 304 - 740200,,,,,,,,,,,,,,,,,,,,,,,,,,,,,,,,,,,,,,
product_dd7e8528-aac0-2742-8ec3-8395f876991e,Variant,,,,,,,,,TRUE,,,InStock,,,,,Galvanizado- 740201,,,,,,,,,,,,,,,,,,,,,,,,,,,,,,,,,,,,,,
product_9bd0b479-46fd-323b-97c6-8534af1936fb,Product,Maquina de fazer Estribos com Rolamentos,<p>Cor:&nbsp; Melalizado</p><p>Material: Metal</p><p>Embalagem: stiker</p><p>Quantidade mínima de compra 1 unidade</p><p>Preço especial na compra de quantidades maiores</p><p>&nbsp;</p><p>&nbsp;</p>,55dd72_7a29293ba4b94cb4bc603db49d2dd9db~mv2.jpg,,,,75,,FALSE,PERCENT,0,InStock,,,Medidas,DROP_DOWN,Pequena - MQ0401;Grande - MQ0402,,,,,,,,,,,,,,,,INFORMAÇÕES DO PRODUTO,"<p>NACIONAL</p>
",ENCOMENDA,"<p>O preço apresentado é referente a uma unidade. O valor total será calculado após envio da encomenda, estando&nbsp; dependente da quantidade mínima obrigatória. <span><span>Preços válidos salvo ruptura de stock, erro tipográfico ou fotográfico.</span></span></p>
",,,,,,,,,,,,,,,HARDMAN,110012,General Tools,Tools for The Workshop and Garage\General Tools,2025-06-27T13:51:14.642142
product_9bd0b479-46fd-323b-97c6-8534af1936fb,Variant,,,,,,,,124,TRUE,,,InStock,,,,,Grande - MQ0402,,,,,,,,,,,,,,,,,,,,,,,,,,,,,,,,,,,,,,
product_9bd0b479-46fd-323b-97c6-8534af1936fb,Variant,,,,,,,,,TRUE,,,InStock,,,,,Pequena - MQ0401,,,,,,,,,,,,,,,,,,,,,,,,,,,,,,,,,,,,,,
product_c947a3e7-5a2a-8202-a243-ca35fcbca510,Product,Chave de virar ferro,<p>Cor:&nbsp; Melalizado</p><p>Material: Metal</p><p>Embalagem: stiker</p><p>Quantidade mínima de compra 1 unidade</p><p>Preço especial na compra de quantidades maiores</p><p>&nbsp;</p><p>&nbsp;</p>,55dd72_57f9679c4a1a44b9a5fcf896469a7ccf~mv2.jpg,,,,6.35,,FALSE,PERCENT,0,InStock,,,Medidas,DROP_DOWN,6mm - CH7900;8mm - CH7901;10mm - CH7902;12mm - CH7903;16mm - CH7907;20mm - CH7908,,,,,,,,,,,,,,,,INFORMAÇÕES DO PRODUTO,"<p>NACIONAL</p>
",ENCOMENDA,"<p>O preço apresentado é referente a uma unidade. O valor total será calculado após envio da encomenda, estando&nbsp; dependente da quantidade mínima obrigatória. <span><span>Preços válidos salvo ruptura de stock, erro tipográfico ou fotográfico.</span></span></p>
",,,,,,,,,,,,,,,HARDMAN,110012,General Tools,Tools for The Workshop and Garage\General Tools,2025-06-27T13:51:14.642191
product_c947a3e7-5a2a-8202-a243-ca35fcbca510,Variant,,,,,,,,49.9,TRUE,,,InStock,,,,,20mm - CH7908,,,,,,,,,,,,,,,,,,,,,,,,,,,,,,,,,,,,,,
product_c947a3e7-5a2a-8202-a243-ca35fcbca510,Variant,,,,,,,,6.7,TRUE,,,InStock,,,,,12mm - CH7903,,,,,,,,,,,,,,,,,,,,,,,,,,,,,,,,,,,,,,
product_c947a3e7-5a2a-8202-a243-ca35fcbca510,Variant,,,,,,,,25.65,TRUE,,,InStock,,,,,16mm - CH7907,,,,,,,,,,,,,,,,,,,,,,,,,,,,,,,,,,,,,,
product_c947a3e7-5a2a-8202-a243-ca35fcbca510,Variant,,,,,,,,0.6,TRUE,,,InStock,,,,,8mm - CH7901,,,,,,,,,,,,,,,,,,,,,,,,,,,,,,,,,,,,,,
product_c947a3e7-5a2a-8202-a243-ca35fcbca510,Variant,,,,,,,,,TRUE,,,InStock,,,,,6mm - CH7900,,,,,,,,,,,,,,,,,,,,,,,,,,,,,,,,,,,,,,
product_c947a3e7-5a2a-8202-a243-ca35fcbca510,Variant,,,,,,,,3.4,TRUE,,,InStock,,,,,10mm - CH7902,,,,,,,,,,,,,,,,,,,,,,,,,,,,,,,,,,,,,,
product_9e49eb18-c460-3d7e-b80b-35e309e48a3e,Product,Alavanca e Desmontador,<p>Cor:&nbsp; Melalizado</p><p>Material: Metal</p><p>Embalagem: stiker</p><p>Quantidade mínima de compra 1 unidade</p><p>Preço especial na compra de quantidades maiores</p><p>&nbsp;</p><p>&nbsp;</p>,55dd72_d0aaf7e4e67d462b83a4cbc9c749cd6d~mv2.jpg;55dd72_2bfc15b876a64e8da40bae2dd0d52c73~mv2.jpg,,,,32.5,,FALSE,PERCENT,0,InStock,,,Medidas,DROP_DOWN,Alavanca 1.5 - A01300;Alavanca 1.75 - A01301;desmon 1.5 - D01101;Desmo 1.75 - D1102,,,,,,,,,,,,,,,,INFORMAÇÕES DO PRODUTO,"<p>NACIONAL</p>
",ENCOMENDA,"<p>O preço apresentado é referente a uma unidade. O valor total será calculado após envio da encomenda, estando&nbsp; dependente da quantidade mínima obrigatória. <span><span>Preços válidos salvo ruptura de stock, erro tipográfico ou fotográfico.</span></span></p>
",,,,,,,,,,,,,,,HARDMAN,110012,General Tools,Tools for The Workshop and Garage\General Tools,2025-06-27T13:51:14.642281
product_9e49eb18-c460-3d7e-b80b-35e309e48a3e,Variant,,,,,,,,6.2,TRUE,,,InStock,,,,,Alavanca 1.75 - A01301,,,,,,,,,,,,,,,,,,,,,,,,,,,,,,,,,,,,,,
product_9e49eb18-c460-3d7e-b80b-35e309e48a3e,Variant,,,,,,,,3.6,TRUE,,,InStock,,,,,desmon 1.5 - D01101,,,,,,,,,,,,,,,,,,,,,,,,,,,,,,,,,,,,,,
product_9e49eb18-c460-3d7e-b80b-35e309e48a3e,Variant,,,,,,,,,TRUE,,,InStock,,,,,Alavanca 1.5 - A01300,,,,,,,,,,,,,,,,,,,,,,,,,,,,,,,,,,,,,,
product_9e49eb18-c460-3d7e-b80b-35e309e48a3e,Variant,,,,,,,,10,TRUE,,,InStock,,,,,Desmo 1.75 - D1102,,,,,,,,,,,,,,,,,,,,,,,,,,,,,,,,,,,,,,
product_5cef3a43-5eb8-2cb2-1395-521f51f96930,Product,Pé de Cabra,<p>Cor:&nbsp; Melalizado</p><p>Material: Metal</p><p>Embalagem: stiker</p><p>Quantidade mínima de compra 1 unidade</p><p>Preço especial na compra de quantidades maiores</p><p>&nbsp;</p><p>&nbsp;</p>,55dd72_b7f0e5144a40492d9b66bb807f45a88b~mv2.jpg,,,,10.1,,FALSE,PERCENT,0,InStock,,,Medidas,DROP_DOWN,40cm - P00900;50cm - P00901;65cm - P00902;80cm - P00903;100cm - P00904,,,,,,,,,,,,,,,,INFORMAÇÕES DO PRODUTO,"<p>NACIONAL</p>
",ENCOMENDA,"<p>O preço apresentado é referente a uma unidade. O valor total será calculado após envio da encomenda, estando&nbsp; dependente da quantidade mínima obrigatória. <span><span>Preços válidos salvo ruptura de stock, erro tipográfico ou fotográfico.</span></span></p>
",,,,,,,,,,,,,,,HARDMAN,110012,General Tools,Tools for The Workshop and Garage\General Tools,2025-06-27T13:51:14.642410
product_5cef3a43-5eb8-2cb2-1395-521f51f96930,Variant,,,,,,,,2.1,TRUE,,,InStock,,,,,50cm - P00901,,,,,,,,,,,,,,,,,,,,,,,,,,,,,,,,,,,,,,
product_5cef3a43-5eb8-2cb2-1395-521f51f96930,Variant,,,,,,,,,TRUE,,,InStock,,,,,40cm - P00900,,,,,,,,,,,,,,,,,,,,,,,,,,,,,,,,,,,,,,
product_5cef3a43-5eb8-2cb2-1395-521f51f96930,Variant,,,,,,,,3.7,TRUE,,,InStock,,,,,65cm - P00902,,,,,,,,,,,,,,,,,,,,,,,,,,,,,,,,,,,,,,
product_5cef3a43-5eb8-2cb2-1395-521f51f96930,Variant,,,,,,,,6.5,TRUE,,,InStock,,,,,80cm - P00903,,,,,,,,,,,,,,,,,,,,,,,,,,,,,,,,,,,,,,
product_5cef3a43-5eb8-2cb2-1395-521f51f96930,Variant,,,,,,,,12.8,TRUE,,,InStock,,,,,100cm - P00904,,,,,,,,,,,,,,,,,,,,,,,,,,,,,,,,,,,,,,
product_79a9d0b6-9624-40f8-0f20-2280231902fe,Product,Escacilhadeira Pedra 6cms,<p>Cor:&nbsp; Melalizado</p><p>Material: Metal</p><p>Embalagem: stiker</p><p>Quantidade mínima de compra 1 unidade</p><p>Preço especial na compra de quantidades maiores</p><p>&nbsp;</p><p>&nbsp;</p>,55dd72_5c122296f15c4e4a8ecccc71680d5239~mv2.jpg,,,,16.2,,FALSE,PERCENT,0,InStock,,,Medidas,DROP_DOWN,6cm - E00004,,,,,,,,,,,,,,,,INFORMAÇÕES DO PRODUTO,"<p>NACIONAL</p>
",ENCOMENDA,"<p>O preço apresentado é referente a uma unidade. O valor total será calculado após envio da encomenda, estando&nbsp; dependente da quantidade mínima obrigatória. <span><span>Preços válidos salvo ruptura de stock, erro tipográfico ou fotográfico.</span></span></p>
",,,,,,,,,,,,,,,HARDMAN,110012,General Tools,Tools for The Workshop and Garage\General Tools,2025-06-27T13:51:14.642488
product_79a9d0b6-9624-40f8-0f20-2280231902fe,Variant,,,,,,,,,TRUE,,,InStock,,,,,6cm - E00004,,,,,,,,,,,,,,,,,,,,,,,,,,,,,,,,,,,,,,
product_668f84f8-e51b-fb9a-61a0-f6b67e65db9d,Product,Guilho (abrir a pedra),<p>Cor:&nbsp; Melalizado</p><p>Material: Metal</p><p>Embalagem: stiker</p><p>Quantidade mínima de compra 1 unidade</p><p>Preço especial na compra de quantidades maiores</p><p>&nbsp;</p><p>&nbsp;</p>,55dd72_14d16ffbd774484fb82c73f314ddb5ca~mv2.jpg,,,,6.8,,FALSE,PERCENT,0,InStock,,,Medidas,DROP_DOWN,Bico 12cm - G01800;Bico 15cm - G01801;Bico 18cm - G01802;Cunha 12cm - G01803;Cunha 15cm - G01804;Cunha 18cm - G01805,,,,,,,,,,,,,,,,INFORMAÇÕES DO PRODUTO,"<p>NACIONAL</p>
",ENCOMENDA,"<p>O preço apresentado é referente a uma unidade. O valor total será calculado após envio da encomenda, estando&nbsp; dependente da quantidade mínima obrigatória. <span><span>Preços válidos salvo ruptura de stock, erro tipográfico ou fotográfico.</span></span></p>
",,,,,,,,,,,,,,,HARDMAN,110012,General Tools,Tools for The Workshop and Garage\General Tools,2025-06-27T13:51:14.642548
product_668f84f8-e51b-fb9a-61a0-f6b67e65db9d,Variant,,,,,,,,0.9,TRUE,,,InStock,,,,,Cunha 18cm - G01805,,,,,,,,,,,,,,,,,,,,,,,,,,,,,,,,,,,,,,
product_668f84f8-e51b-fb9a-61a0-f6b67e65db9d,Variant,,,,,,,,0.4,TRUE,,,InStock,,,,,Bico 15cm - G01801,,,,,,,,,,,,,,,,,,,,,,,,,,,,,,,,,,,,,,
product_668f84f8-e51b-fb9a-61a0-f6b67e65db9d,Variant,,,,,,,,0.9,TRUE,,,InStock,,,,,Bico 18cm - G01802,,,,,,,,,,,,,,,,,,,,,,,,,,,,,,,,,,,,,,
product_668f84f8-e51b-fb9a-61a0-f6b67e65db9d,Variant,,,,,,,,,TRUE,,,InStock,,,,,Bico 12cm - G01800,,,,,,,,,,,,,,,,,,,,,,,,,,,,,,,,,,,,,,
product_668f84f8-e51b-fb9a-61a0-f6b67e65db9d,Variant,,,,,,,,,TRUE,,,InStock,,,,,Cunha 12cm - G01803,,,,,,,,,,,,,,,,,,,,,,,,,,,,,,,,,,,,,,
product_668f84f8-e51b-fb9a-61a0-f6b67e65db9d,Variant,,,,,,,,0.4,TRUE,,,InStock,,,,,Cunha 15cm - G01804,,,,,,,,,,,,,,,,,,,,,,,,,,,,,,,,,,,,,,
product_b2c62c78-ed9f-2a19-203a-485f0bf724e7,Product,Ponteiro / Escopro,<p>Cor:&nbsp; Melalizado</p><p>Material: Metal</p><p>Embalagem: stiker</p><p>Quantidade mínima de compra 1 unidade</p><p>Preço especial na compra de quantidades maiores</p><p>&nbsp;</p><p>&nbsp;</p>,88efbe_a60c2db82df34d93845cc720153ba00d~mv2.jpg,,,,5.25,,TRUE,PERCENT,0,InStock,,,Medidas,DROP_DOWN,Ponteiro 30cm  - P03606;Ponteiro 40cm - P03609;Escopro 30cm - E01700;Escopro 40cm - E01715;Escorpo 6cm - E01701;Escopro 8cm - E01702,,,,,,,,,,,,,,,,INFORMAÇÕES DO PRODUTO,"<p>NACIONAL</p>
",ENCOMENDA,"<p>O preço apresentado é referente a uma unidade. O valor total será calculado após envio da encomenda, estando&nbsp; dependente da quantidade mínima obrigatória. <span><span>Preços válidos salvo ruptura de stock, erro tipográfico ou fotográfico.</span></span></p>
",,,,,,,,,,,,,,,HARDMAN,110012,General Tools,Tools for The Workshop and Garage\General Tools,2025-06-27T13:51:14.642641
product_b2c62c78-ed9f-2a19-203a-485f0bf724e7,Variant,,,,,,,,,TRUE,,,InStock,,,,,Escopro 30cm - E01700,,,,,,,,,,,,,,,,,,,,,,,,,,,,,,,,,,,,,,
product_b2c62c78-ed9f-2a19-203a-485f0bf724e7,Variant,,,,,,,,0.85,TRUE,,,InStock,,,,,Ponteiro 40cm - P03609,,,,,,,,,,,,,,,,,,,,,,,,,,,,,,,,,,,,,,
product_b2c62c78-ed9f-2a19-203a-485f0bf724e7,Variant,,,,,,,,,TRUE,,,InStock,,,,,Ponteiro 30cm  - P03606,,,,,,,,,,,,,,,,,,,,,,,,,,,,,,,,,,,,,,
product_b2c62c78-ed9f-2a19-203a-485f0bf724e7,Variant,,,,,,,,0.85,TRUE,,,InStock,,,,,Escopro 40cm - E01715,,,,,,,,,,,,,,,,,,,,,,,,,,,,,,,,,,,,,,
product_b2c62c78-ed9f-2a19-203a-485f0bf724e7,Variant,,,,,,,,0.45,TRUE,,,InStock,,,,,Escopro 8cm - E01702,,,,,,,,,,,,,,,,,,,,,,,,,,,,,,,,,,,,,,
product_b2c62c78-ed9f-2a19-203a-485f0bf724e7,Variant,,,,,,,,0.45,TRUE,,,InStock,,,,,Escorpo 6cm - E01701,,,,,,,,,,,,,,,,,,,,,,,,,,,,,,,,,,,,,,
product_b99cdbed-9f44-ec9d-b78a-4dd19fb330ca,Product,Chaviete Temperado,<p>Cor:&nbsp; Melalizado</p><p>Material: Metal</p><p>Embalagem: stiker</p><p>Quantidade mínima de compra 1 unidade</p><p>Preço especial na compra de quantidades maiores</p><p>&nbsp;</p><p>&nbsp;</p>,55dd72_12a200c1f1684735a69f5c9d1de3ab54~mv2.jpg,,,,3,,TRUE,PERCENT,0,InStock,,,Medidas,DROP_DOWN,6 ou 8 mm - C04500,,,,,,,,,,,,,,,,INFORMAÇÕES DO PRODUTO,"<p>NACIONAL</p>
",ENCOMENDA,"<p>O preço apresentado é referente a uma unidade. O valor total será calculado após envio da encomenda, estando&nbsp; dependente da quantidade mínima obrigatória. <span><span>Preços válidos salvo ruptura de stock, erro tipográfico ou fotográfico.</span></span></p>
",,,,,,,,,,,,,,,HARDMAN,110012,General Tools,Tools for The Workshop and Garage\General Tools,2025-06-27T13:51:14.642726
product_b99cdbed-9f44-ec9d-b78a-4dd19fb330ca,Variant,,,,,,,,,TRUE,,,InStock,,,,,6 ou 8 mm - C04500,,,,,,,,,,,,,,,,,,,,,,,,,,,,,,,,,,,,,,
product_739fa73d-521c-70a3-4ee9-ad039d88a9e7,Product,Pica Solda,<p>Cor:&nbsp; Melalizado</p><p>Material: Metal</p><p>Embalagem: stiker</p><p>Quantidade mínima de compra 1 unidade</p><p>Preço especial na compra de quantidades maiores</p><p>&nbsp;</p><p>&nbsp;</p>,55dd72_6bc01e2b359e416eb1fce8623d1f2c29~mv2.jpg,,,,11.3,,FALSE,PERCENT,0,InStock,,,Medidas,DROP_DOWN,Cabo Madeira - P01901,,,,,,,,,,,,,,,,INFORMAÇÕES DO PRODUTO,"<p>NACIONAL</p>
",ENCOMENDA,"<p>O preço apresentado é referente a uma unidade. O valor total será calculado após envio da encomenda, estando&nbsp; dependente da quantidade mínima obrigatória. <span><span>Preços válidos salvo ruptura de stock, erro tipográfico ou fotográfico.</span></span></p>
",,,,,,,,,,,,,,,HARDMAN,110012,General Tools,Tools for The Workshop and Garage\General Tools,2025-06-27T13:51:14.642815
product_739fa73d-521c-70a3-4ee9-ad039d88a9e7,Variant,,,,,,,,,TRUE,,,InStock,,,,,Cabo Madeira - P01901,,,,,,,,,,,,,,,,,,,,,,,,,,,,,,,,,,,,,,
product_7c5cdc2e-c424-ec4a-3281-f437e287d645,Product,Martelo Fazer Calçada,<p>Cor:&nbsp; Melalizado</p><p>Material: Metal</p><p>Embalagem: stiker</p><p>Quantidade mínima de compra 1 unidade</p><p>Preço especial na compra de quantidades maiores</p><p>&nbsp;</p><p>&nbsp;</p>,55dd72_fa20cde1093140fb977cb1efdd3bebc0~mv2.jpg,,,,16.15,,FALSE,PERCENT,0,InStock,,,Medidas,DROP_DOWN,Nº1 - MA0311;Nº2 - MA0312,,,,,,,,,,,,,,,,INFORMAÇÕES DO PRODUTO,"<p>NACIONAL</p>
",ENCOMENDA,"<p>O preço apresentado é referente a uma unidade. O valor total será calculado após envio da encomenda, estando&nbsp; dependente da quantidade mínima obrigatória. <span><span>Preços válidos salvo ruptura de stock, erro tipográfico ou fotográfico.</span></span></p>
",,,,,,,,,,,,,,,HARDMAN,110012,General Tools,Tools for The Workshop and Garage\General Tools,2025-06-27T13:51:14.642859
product_7c5cdc2e-c424-ec4a-3281-f437e287d645,Variant,,,,,,,,0.95,TRUE,,,InStock,,,,,Nº2 - MA0312,,,,,,,,,,,,,,,,,,,,,,,,,,,,,,,,,,,,,,
product_7c5cdc2e-c424-ec4a-3281-f437e287d645,Variant,,,,,,,,,TRUE,,,InStock,,,,,Nº1 - MA0311,,,,,,,,,,,,,,,,,,,,,,,,,,,,,,,,,,,,,,
product_2ba43743-940e-a602-32ee-89f0062a7388,Product,Martelo Faz Tudo,<p>Cor:&nbsp; Melalizado</p><p>Material: Metal</p><p>Embalagem: stiker</p><p>Quantidade mínima de compra 1 unidade</p><p>Preço especial na compra de quantidades maiores</p><p>&nbsp;</p><p>&nbsp;</p>,55dd72_711ec6b2acdf47f18e1f28e14402fa9c~mv2.jpg,,,,11.2,,FALSE,PERCENT,0,InStock,,,Medidas,DROP_DOWN,Cabo Madeira - MA0701,,,,,,,,,,,,,,,,INFORMAÇÕES DO PRODUTO,"<p>NACIONAL</p>
",ENCOMENDA,"<p>O preço apresentado é referente a uma unidade. O valor total será calculado após envio da encomenda, estando&nbsp; dependente da quantidade mínima obrigatória. <span><span>Preços válidos salvo ruptura de stock, erro tipográfico ou fotográfico.</span></span></p>
",,,,,,,,,,,,,,,HARDMAN,110012,General Tools,Tools for The Workshop and Garage\General Tools,2025-06-27T13:51:14.642906
product_2ba43743-940e-a602-32ee-89f0062a7388,Variant,,,,,,,,,TRUE,,,InStock,,,,,Cabo Madeira - MA0701,,,,,,,,,,,,,,,,,,,,,,,,,,,,,,,,,,,,,,
product_e59024b8-3268-a6a7-82de-823b7eab31d3,Product,Martelo Calceteira,<p>Cor:&nbsp; Melalizado</p><p>Material: Metal</p><p>Embalagem: stiker</p><p>Quantidade mínima de compra 1 unidade</p><p>Preço especial na compra de quantidades maiores</p><p>&nbsp;</p><p>&nbsp;</p>,55dd72_17516a3b4be14d43aa6f0c7a2c3d17b5~mv2.jpg,,,,13.4,,FALSE,PERCENT,0,InStock,,,Medidas,DROP_DOWN,Nº2 - MA0307;Nº0 - MA0306;Nº1 - MA0300,,,,,,,,,,,,,,,,INFORMAÇÕES DO PRODUTO,"<p>NACIONAL</p>
",ENCOMENDA,"<p>O preço apresentado é referente a uma unidade. O valor total será calculado após envio da encomenda, estando&nbsp; dependente da quantidade mínima obrigatória. <span><span>Preços válidos salvo ruptura de stock, erro tipográfico ou fotográfico.</span></span></p>
",,,,,,,,,,,,,,,HARDMAN,110012,General Tools,Tools for The Workshop and Garage\General Tools,2025-06-27T13:51:14.642941
product_e59024b8-3268-a6a7-82de-823b7eab31d3,Variant,,,,,,,,,TRUE,,,InStock,,,,,Nº2 - MA0307,,,,,,,,,,,,,,,,,,,,,,,,,,,,,,,,,,,,,,
product_e59024b8-3268-a6a7-82de-823b7eab31d3,Variant,,,,,,,,0.4,TRUE,,,InStock,,,,,Nº0 - MA0306,,,,,,,,,,,,,,,,,,,,,,,,,,,,,,,,,,,,,,
product_e59024b8-3268-a6a7-82de-823b7eab31d3,Variant,,,,,,,,1.1,TRUE,,,InStock,,,,,Nº1 - MA0300,,,,,,,,,,,,,,,,,,,,,,,,,,,,,,,,,,,,,,
product_4636d06c-dec2-629e-fd87-d82e85a15e73,Product,Martelo Calceteiro,<p>Cor:&nbsp; Melalizado</p><p>Material: Metal</p><p>Embalagem: stiker</p><p>Quantidade mínima de compra 1 unidade</p><p>Preço especial na compra de quantidades maiores</p><p>&nbsp;</p><p>&nbsp;</p>,55dd72_43d7f66b488d4bc6a4864bd6165ba11d~mv2.jpg,,,,13.4,,FALSE,PERCENT,0,InStock,,,Medidas,DROP_DOWN,Nº0 - MA0302;Nº1 - MA0303;Nº2 - MA0304,,,,,,,,,,,,,,,,INFORMAÇÕES DO PRODUTO,"<p>NACIONAL</p>
",ENCOMENDA,"<p>O preço apresentado é referente a uma unidade. O valor total será calculado após envio da encomenda, estando&nbsp; dependente da quantidade mínima obrigatória. <span><span>Preços válidos salvo ruptura de stock, erro tipográfico ou fotográfico.</span></span></p>
",,,,,,,,,,,,,,,HARDMAN,110012,General Tools,Tools for The Workshop and Garage\General Tools,2025-06-27T13:51:14.643136
product_4636d06c-dec2-629e-fd87-d82e85a15e73,Variant,,,,,,,,0.4,TRUE,,,InStock,,,,,Nº1 - MA0303,,,,,,,,,,,,,,,,,,,,,,,,,,,,,,,,,,,,,,
product_4636d06c-dec2-629e-fd87-d82e85a15e73,Variant,,,,,,,,,TRUE,,,InStock,,,,,Nº0 - MA0302,,,,,,,,,,,,,,,,,,,,,,,,,,,,,,,,,,,,,,
product_4636d06c-dec2-629e-fd87-d82e85a15e73,Variant,,,,,,,,1.1,TRUE,,,InStock,,,,,Nº2 - MA0304,,,,,,,,,,,,,,,,,,,,,,,,,,,,,,,,,,,,,,
product_67096f70-ca41-6729-3522-1a6c0e9e2833,Product,Marreta Campo,<p>Cor:&nbsp; Melalizado</p><p>Material: Metal</p><p>Embalagem: stiker</p><p>Quantidade mínima de compra 1 unidade</p><p>Preço especial na compra de quantidades maiores</p><p>&nbsp;</p><p>&nbsp;</p>,55dd72_a5d9b330cafd484fb7090ac98962d5e6~mv2.jpg,,,,9.2,,FALSE,PERCENT,0,InStock,,,Medidas,DROP_DOWN,Nº1 - M01011;Nº1.2 - M01012,,,,,,,,,,,,,,,,INFORMAÇÕES DO PRODUTO,"<p>NACIONAL</p>
",ENCOMENDA,"<p>O preço apresentado é referente a uma unidade. O valor total será calculado após envio da encomenda, estando&nbsp; dependente da quantidade mínima obrigatória. <span><span>Preços válidos salvo ruptura de stock, erro tipográfico ou fotográfico.</span></span></p>
",,,,,,,,,,,,,,,HARDMAN,110012,General Tools,Tools for The Workshop and Garage\General Tools,2025-06-27T13:51:14.643207
product_67096f70-ca41-6729-3522-1a6c0e9e2833,Variant,,,,,,,,1.3,TRUE,,,InStock,,,,,Nº1.2 - M01012,,,,,,,,,,,,,,,,,,,,,,,,,,,,,,,,,,,,,,
product_67096f70-ca41-6729-3522-1a6c0e9e2833,Variant,,,,,,,,,TRUE,,,InStock,,,,,Nº1 - M01011,,,,,,,,,,,,,,,,,,,,,,,,,,,,,,,,,,,,,,
product_48da4481-94f2-7f1a-210a-7d2d2e57c641,Product,Marreta  /  Martelo Campo,<p>Cor:&nbsp; Melalizado</p><p>Material: Metal</p><p>Embalagem: stiker</p><p>Quantidade mínima de compra 1 unidade</p><p>Preço especial na compra de quantidades maiores</p><p>&nbsp;</p><p>&nbsp;</p>,55dd72_f562185e4305456daa8f42811a8e2fd5~mv2.jpg,,,,7.8,,FALSE,PERCENT,0,InStock,,,Medidas,DROP_DOWN,Nº1 1kg - M01013;Nº2 2kg - M01014;Nº2 2.5kg - M01015;Nº3 3kg - M01016;Nº4 4kg - M01017;Nº5 5kg - M01018;Nº6 6kg - M01019;Nº7 7kg - M01020;Nº8 8kg - m01021,,,,,,,,,,,,,,,,INFORMAÇÕES DO PRODUTO,"<p>NACIONAL</p>
",ENCOMENDA,"<p>O preço apresentado é referente a uma unidade. O valor total será calculado após envio da encomenda, estando&nbsp; dependente da quantidade mínima obrigatória. <span><span>Preços válidos salvo ruptura de stock, erro tipográfico ou fotográfico.</span></span></p>
",,,,,,,,,,,,,,,HARDMAN,110012,General Tools,Tools for The Workshop and Garage\General Tools,2025-06-27T13:51:14.643254
product_48da4481-94f2-7f1a-210a-7d2d2e57c641,Variant,,,,,,,,53,TRUE,,,InStock,,,,,Nº8 8kg - m01021,,,,,,,,,,,,,,,,,,,,,,,,,,,,,,,,,,,,,,
product_48da4481-94f2-7f1a-210a-7d2d2e57c641,Variant,,,,,,,,10.2,TRUE,,,InStock,,,,,Nº3 3kg - M01016,,,,,,,,,,,,,,,,,,,,,,,,,,,,,,,,,,,,,,
product_48da4481-94f2-7f1a-210a-7d2d2e57c641,Variant,,,,,,,,,TRUE,,,InStock,,,,,Nº1 1kg - M01013,,,,,,,,,,,,,,,,,,,,,,,,,,,,,,,,,,,,,,
product_48da4481-94f2-7f1a-210a-7d2d2e57c641,Variant,,,,,,,,4.2,TRUE,,,InStock,,,,,Nº2 2kg - M01014,,,,,,,,,,,,,,,,,,,,,,,,,,,,,,,,,,,,,,
product_48da4481-94f2-7f1a-210a-7d2d2e57c641,Variant,,,,,,,,17.4,TRUE,,,InStock,,,,,Nº4 4kg - M01017,,,,,,,,,,,,,,,,,,,,,,,,,,,,,,,,,,,,,,
product_48da4481-94f2-7f1a-210a-7d2d2e57c641,Variant,,,,,,,,7.2,TRUE,,,InStock,,,,,Nº2 2.5kg - M01015,,,,,,,,,,,,,,,,,,,,,,,,,,,,,,,,,,,,,,
product_48da4481-94f2-7f1a-210a-7d2d2e57c641,Variant,,,,,,,,30.6,TRUE,,,InStock,,,,,Nº6 6kg - M01019,,,,,,,,,,,,,,,,,,,,,,,,,,,,,,,,,,,,,,
product_48da4481-94f2-7f1a-210a-7d2d2e57c641,Variant,,,,,,,,37,TRUE,,,InStock,,,,,Nº7 7kg - M01020,,,,,,,,,,,,,,,,,,,,,,,,,,,,,,,,,,,,,,
product_48da4481-94f2-7f1a-210a-7d2d2e57c641,Variant,,,,,,,,23.7,TRUE,,,InStock,,,,,Nº5 5kg - M01018,,,,,,,,,,,,,,,,,,,,,,,,,,,,,,,,,,,,,,
product_09215fa6-7b37-13d2-80a7-5d510996fbd6,Product,Raspador Leiria sem cabo,<p>Cor:  Melalizado</p><p>Material: Metal</p><p>Embalagem: stiker</p><p>Quantidade mínima de compra 1 unidade</p><p>Preço especial na compra de quantidades maiores</p><p></p><p>+ cabo (extra) = + 2.80€/pc</p>,55dd72_deb05db88a374b4890f31196126134d4~mv2.jpg,,,,8,,TRUE,PERCENT,0,InStock,,,Medidas,DROP_DOWN,120x100cm - R00405;210X150cm - R00406;350x150cm - R00407,,,,,,,,,,,,,,,,INFORMAÇÕES DO PRODUTO,"<p>NACIONAL</p>
",ENCOMENDA,"<p>O preço apresentado é referente a uma unidade. O valor total será calculado após envio da encomenda, estando&nbsp; dependente da quantidade mínima obrigatória. <span><span>Preços válidos salvo ruptura de stock, erro tipográfico ou fotográfico.</span></span></p>
",,,,,,,,,,,,,,,HARDMAN,110010,Cables and Extensions,Tools for Electricians\Cables and Extensions,2025-06-27T13:51:14.643472
product_09215fa6-7b37-13d2-80a7-5d510996fbd6,Variant,,,,,,,,1.89,TRUE,,,InStock,,,,,350x150cm - R00407,,,,,,,,,,,,,,,,,,,,,,,,,,,,,,,,,,,,,,
product_09215fa6-7b37-13d2-80a7-5d510996fbd6,Variant,,,,,,,,0.6,TRUE,,,InStock,,,,,210X150cm - R00406,,,,,,,,,,,,,,,,,,,,,,,,,,,,,,,,,,,,,,
product_09215fa6-7b37-13d2-80a7-5d510996fbd6,Variant,,,,,,,,,TRUE,,,InStock,,,,,120x100cm - R00405,,,,,,,,,,,,,,,,,,,,,,,,,,,,,,,,,,,,,,
product_2e0137a1-e888-1953-16e7-e200ae14af86,Product,Arrelhada Vinha,<p>Cor:&nbsp; Melalizado</p><p>Material: Metal</p><p>Embalagem: stiker</p><p>Quantidade mínima de compra 1 unidade</p><p>Preço especial na compra de quantidades maiores</p><p>&nbsp;</p><p>&nbsp;</p>,55dd72_554a6cab8f59487b999de2d6c1aaf505~mv2.jpg,,,,11.05,,TRUE,PERCENT,0,InStock,,,Medidas,DROP_DOWN,110x90 - A03101,,,,,,,,,,,,,,,,INFORMAÇÕES DO PRODUTO,"<p>NACIONAL</p>
",ENCOMENDA,"<p>O preço apresentado é referente a uma unidade. O valor total será calculado após envio da encomenda, estando&nbsp; dependente da quantidade mínima obrigatória. <span><span>Preços válidos salvo ruptura de stock, erro tipográfico ou fotográfico.</span></span></p>
",,,,,,,,,,,,,,,HARDMAN,110012,General Tools,Tools for The Workshop and Garage\General Tools,2025-06-27T13:51:14.643538
product_2e0137a1-e888-1953-16e7-e200ae14af86,Variant,,,,,,,,,TRUE,,,InStock,,,,,110x90 - A03101,,,,,,,,,,,,,,,,,,,,,,,,,,,,,,,,,,,,,,
product_421faf50-44fb-0ba3-6cbc-d10511fb70c8,Product,Arrelhada Marisco,<p>Cor:&nbsp; Melalizado</p><p>Material: Metal</p><p>Embalagem: stiker</p><p>Quantidade mínima de compra 1 unidade</p><p>Preço especial na compra de quantidades maiores</p><p>&nbsp;</p><p>&nbsp;</p>,55dd72_45cfa1248d97418e859ee030d0233048~mv2.jpg,,,,9.7,,TRUE,PERCENT,0,InStock,,,Medidas,DROP_DOWN,110x35cm - A03100,,,,,,,,,,,,,,,,INFORMAÇÕES DO PRODUTO,"<p>NACIONAL</p>
",ENCOMENDA,"<p>O preço apresentado é referente a uma unidade. O valor total será calculado após envio da encomenda, estando&nbsp; dependente da quantidade mínima obrigatória. <span><span>Preços válidos salvo ruptura de stock, erro tipográfico ou fotográfico.</span></span></p>
",,,,,,,,,,,,,,,HARDMAN,110012,General Tools,Tools for The Workshop and Garage\General Tools,2025-06-27T13:51:14.643575
product_421faf50-44fb-0ba3-6cbc-d10511fb70c8,Variant,,,,,,,,,TRUE,,,InStock,,,,,110x35cm - A03100,,,,,,,,,,,,,,,,,,,,,,,,,,,,,,,,,,,,,,
product_f93f42b4-cfb2-8f9e-cdb3-78bffa20f67a,Product,Escavadeira Tubo,<p>Cor:&nbsp; Melalizado</p><p>Material: Metal</p><p>Embalagem: stiker</p><p>Quantidade mínima de compra 1 unidade</p><p>Preço especial na compra de quantidades maiores</p><p>&nbsp;</p><p>&nbsp;</p>,55dd72_4b9b60d518c144f6b9635f1411d69f6c~mv2.jpg,,,,34.1,,FALSE,PERCENT,0,InStock,,,Medidas,DROP_DOWN,Cabo metalico - E01601,,,,,,,,,,,,,,,,INFORMAÇÕES DO PRODUTO,"<p>NACIONAL</p>
",ENCOMENDA,"<p>O preço apresentado é referente a uma unidade. O valor total será calculado após envio da encomenda, estando&nbsp; dependente da quantidade mínima obrigatória. <span><span>Preços válidos salvo ruptura de stock, erro tipográfico ou fotográfico.</span></span></p>
",,,,,,,,,,,,,,,HARDMAN,110012,General Tools,Tools for The Workshop and Garage\General Tools,2025-06-27T13:51:14.643611
product_f93f42b4-cfb2-8f9e-cdb3-78bffa20f67a,Variant,,,,,,,,,TRUE,,,InStock,,,,,Cabo metalico - E01601,,,,,,,,,,,,,,,,,,,,,,,,,,,,,,,,,,,,,,
product_c658ebb2-0fd5-48aa-57e0-7e1e8a351de1,Product,Escavadeira Tenaz,<p>Cor:&nbsp; Melalizado</p><p>Material: Metal</p><p>Embalagem: stiker</p><p>Quantidade mínima de compra 1 unidade</p><p>Preço especial na compra de quantidades maiores</p><p>&nbsp;</p><p>&nbsp;</p>,55dd72_ba5d89a14999458091ef9ff370690d58~mv2.jpg,,,,32.6,,FALSE,PERCENT,0,InStock,,,Medidas,DROP_DOWN,Cabo metalico - E01600,,,,,,,,,,,,,,,,INFORMAÇÕES DO PRODUTO,"<p>NACIONAL</p>
",ENCOMENDA,"<p>O preço apresentado é referente a uma unidade. O valor total será calculado após envio da encomenda, estando&nbsp; dependente da quantidade mínima obrigatória. <span><span>Preços válidos salvo ruptura de stock, erro tipográfico ou fotográfico.</span></span></p>
",,,,,,,,,,,,,,,HARDMAN,110012,General Tools,Tools for The Workshop and Garage\General Tools,2025-06-27T13:51:14.643668
product_c658ebb2-0fd5-48aa-57e0-7e1e8a351de1,Variant,,,,,,,,,TRUE,,,InStock,,,,,Cabo metalico - E01600,,,,,,,,,,,,,,,,,,,,,,,,,,,,,,,,,,,,,,
product_d840b799-b0ca-3813-5df1-f0f591da4374,Product,Trado Vinha,<p>Cor:&nbsp; Melalizado</p><p>Material: Metal</p><p>Embalagem: stiker</p><p>Quantidade mínima de compra 1 unidade</p><p>Preço especial na compra de quantidades maiores</p><p>&nbsp;</p><p>&nbsp;</p>,55dd72_1dc661b78bf34327892f25c0009515f1~mv2.jpg,,,,16.7,,FALSE,PERCENT,0,InStock,,,Medidas,DROP_DOWN,10x125cm - T02500;12x125cm - T02501;15x125cm - T02502;18x125cm - T02503;20x125cm - T02504;25x125cm - T02505;30x125cm - T02506,,,,,,,,,,,,,,,,INFORMAÇÕES DO PRODUTO,"<p>NACIONAL</p>
",ENCOMENDA,"<p>O preço apresentado é referente a uma unidade. O valor total será calculado após envio da encomenda, estando&nbsp; dependente da quantidade mínima obrigatória. <span><span>Preços válidos salvo ruptura de stock, erro tipográfico ou fotográfico.</span></span></p>
",,,,,,,,,,,,,,,HARDMAN,110012,General Tools,Tools for The Workshop and Garage\General Tools,2025-06-27T13:51:14.643705
product_d840b799-b0ca-3813-5df1-f0f591da4374,Variant,,,,,,,,,TRUE,,,InStock,,,,,10x125cm - T02500,,,,,,,,,,,,,,,,,,,,,,,,,,,,,,,,,,,,,,
product_d840b799-b0ca-3813-5df1-f0f591da4374,Variant,,,,,,,,3.12,TRUE,,,InStock,,,,,25x125cm - T02505,,,,,,,,,,,,,,,,,,,,,,,,,,,,,,,,,,,,,,
product_d840b799-b0ca-3813-5df1-f0f591da4374,Variant,,,,,,,,3.75,TRUE,,,InStock,,,,,30x125cm - T02506,,,,,,,,,,,,,,,,,,,,,,,,,,,,,,,,,,,,,,
product_d840b799-b0ca-3813-5df1-f0f591da4374,Variant,,,,,,,,2.5,TRUE,,,InStock,,,,,20x125cm - T02504,,,,,,,,,,,,,,,,,,,,,,,,,,,,,,,,,,,,,,
product_d840b799-b0ca-3813-5df1-f0f591da4374,Variant,,,,,,,,0.65,TRUE,,,InStock,,,,,12x125cm - T02501,,,,,,,,,,,,,,,,,,,,,,,,,,,,,,,,,,,,,,
product_d840b799-b0ca-3813-5df1-f0f591da4374,Variant,,,,,,,,1.65,TRUE,,,InStock,,,,,18x125cm - T02503,,,,,,,,,,,,,,,,,,,,,,,,,,,,,,,,,,,,,,
product_d840b799-b0ca-3813-5df1-f0f591da4374,Variant,,,,,,,,1.25,TRUE,,,InStock,,,,,15x125cm - T02502,,,,,,,,,,,,,,,,,,,,,,,,,,,,,,,,,,,,,,
product_29aa172e-a322-d0a8-a6ff-f30f833c31eb,Product,Bate Estacas,<p>Cor:&nbsp; Melalizado</p><p>Material: Metal</p><p>Embalagem: stiker</p><p>Quantidade mínima de compra 1 unidade</p><p>Preço especial na compra de quantidades maiores</p><p>&nbsp;</p><p>&nbsp;</p>,55dd72_6620c78e9fe04534a80a9840b9ea0917~mv2.jpg,,,,38,,FALSE,PERCENT,0,InStock,,,Medidas,DROP_DOWN,120mm - B01001;140mm - B01000,,,,,,,,,,,,,,,,INFORMAÇÕES DO PRODUTO,"<p>NACIONAL</p>
",ENCOMENDA,"<p>O preço apresentado é referente a uma unidade. O valor total será calculado após envio da encomenda, estando&nbsp; dependente da quantidade mínima obrigatória. <span><span>Preços válidos salvo ruptura de stock, erro tipográfico ou fotográfico.</span></span></p>
",,,,,,,,,,,,,,,HARDMAN,110012,General Tools,Tools for The Workshop and Garage\General Tools,2025-06-27T13:51:14.643856
product_29aa172e-a322-d0a8-a6ff-f30f833c31eb,Variant,,,,,,,,,TRUE,,,InStock,,,,,120mm - B01001,,,,,,,,,,,,,,,,,,,,,,,,,,,,,,,,,,,,,,
product_29aa172e-a322-d0a8-a6ff-f30f833c31eb,Variant,,,,,,,,4,TRUE,,,InStock,,,,,140mm - B01000,,,,,,,,,,,,,,,,,,,,,,,,,,,,,,,,,,,,,,
product_fc0d5ffc-4625-02a6-4a0c-dac0fa77ad71,Product,Colher de Jardim,<p>Cor:&nbsp; Melalizado</p><p>Material: Metal</p><p>Embalagem: stiker</p><p>Quantidade mínima de compra 1 unidade</p><p>Preço especial na compra de quantidades maiores</p><p>&nbsp;</p><p>&nbsp;</p>,55dd72_6ae374955bc44cf984a0d8b399ece08d~mv2.jpg,,,,5.7,,FALSE,PERCENT,0,InStock,,,Medidas,DROP_DOWN,Nº1 160X0X90cm - 100127;180x0x100 - P00128,,,,,,,,,,,,,,,,INFORMAÇÕES DO PRODUTO,"<p>NACIONAL</p>
",ENCOMENDA,"<p>O preço apresentado é referente a uma unidade. O valor total será calculado após envio da encomenda, estando&nbsp; dependente da quantidade mínima obrigatória. <span><span>Preços válidos salvo ruptura de stock, erro tipográfico ou fotográfico.</span></span></p>
",,,,,,,,,,,,,,,HARDMAN,110006,Trowels and Spatulas,Construction and Renovation\Hand Tools\Trowels and Spatulas,2025-06-27T13:51:14.643908
product_fc0d5ffc-4625-02a6-4a0c-dac0fa77ad71,Variant,,,,,,,,,TRUE,,,InStock,,,,,Nº1 160X0X90cm - 100127,,,,,,,,,,,,,,,,,,,,,,,,,,,,,,,,,,,,,,
product_fc0d5ffc-4625-02a6-4a0c-dac0fa77ad71,Variant,,,,,,,,0.5,TRUE,,,InStock,,,,,180x0x100 - P00128,,,,,,,,,,,,,,,,,,,,,,,,,,,,,,,,,,,,,,
product_9fe08eeb-d54b-8866-7b93-2fbde6a4a9e1,Product,Pá Corta Raízes,<p>Cor:&nbsp; Melalizado</p><p>Material: Metal</p><p>Embalagem: stiker</p><p>Quantidade mínima de compra 1 unidade</p><p>Preço especial na compra de quantidades maiores</p><p>&nbsp;</p><p>&nbsp;</p>,55dd72_daf50b5f5b7c45d7926222cf06d75a7f~mv2.jpg,,,,16.2,,FALSE,PERCENT,0,InStock,,,Medidas,DROP_DOWN,Cabo Mertalico - P00108,,,,,,,,,,,,,,,,INFORMAÇÕES DO PRODUTO,"<p>NACIONAL</p>
",ENCOMENDA,"<p>O preço apresentado é referente a uma unidade. O valor total será calculado após envio da encomenda, estando&nbsp; dependente da quantidade mínima obrigatória. <span><span>Preços válidos salvo ruptura de stock, erro tipográfico ou fotográfico.</span></span></p>
",,,,,,,,,,,,,,,HARDMAN,110012,General Tools,Tools for The Workshop and Garage\General Tools,2025-06-27T13:51:14.643957
product_9fe08eeb-d54b-8866-7b93-2fbde6a4a9e1,Variant,,,,,,,,,TRUE,,,InStock,,,,,Cabo Mertalico - P00108,,,,,,,,,,,,,,,,,,,,,,,,,,,,,,,,,,,,,,
product_bb069f44-f525-64f1-2231-1296820f4230,Product,Pá de Jardim,<p>Cor:&nbsp; Melalizado</p><p>Material: Metal</p><p>Embalagem: stiker</p><p>Quantidade mínima de compra 1 unidade</p><p>Preço especial na compra de quantidades maiores</p><p>&nbsp;</p><p>&nbsp;</p>,55dd72_6eafdb2ed9a5421bb0ba55215cce5df6~mv2.jpg,,,,16.2,,FALSE,PERCENT,0,InStock,,,Medidas,DROP_DOWN,Cabo Matalico - P00115,,,,,,,,,,,,,,,,INFORMAÇÕES DO PRODUTO,"<p>NACIONAL</p>
",ENCOMENDA,"<p>O preço apresentado é referente a uma unidade. O valor total será calculado após envio da encomenda, estando&nbsp; dependente da quantidade mínima obrigatória. <span><span>Preços válidos salvo ruptura de stock, erro tipográfico ou fotográfico.</span></span></p>
",,,,,,,,,,,,,,,HARDMAN,110012,General Tools,Tools for The Workshop and Garage\General Tools,2025-06-27T13:51:14.643992
product_bb069f44-f525-64f1-2231-1296820f4230,Variant,,,,,,,,,TRUE,,,InStock,,,,,Cabo Matalico - P00115,,,,,,,,,,,,,,,,,,,,,,,,,,,,,,,,,,,,,,
product_52933da6-0862-f351-69c5-b7d9c6fa7136,Product,Pá Valar,<p>Cor:&nbsp; Melalizado</p><p>Material: Metal</p><p>Embalagem: stiker</p><p>Quantidade mínima de compra 1 unidade</p><p>Preço especial na compra de quantidades maiores</p><p>&nbsp;</p><p>&nbsp;</p>,55dd72_ae82c14a43864b019b330b254a49fbe5~mv2.jpg,,,,15.1,,FALSE,PERCENT,0,InStock,,,Medidas,DROP_DOWN,Cabo Madeira - P00124;C/ Apoio Pe,,,,,,,,,,,,,,,,INFORMAÇÕES DO PRODUTO,"<p>NACIONAL</p>
",ENCOMENDA,"<p>O preço apresentado é referente a uma unidade. O valor total será calculado após envio da encomenda, estando&nbsp; dependente da quantidade mínima obrigatória. <span><span>Preços válidos salvo ruptura de stock, erro tipográfico ou fotográfico.</span></span></p>
",,,,,,,,,,,,,,,HARDMAN,110012,General Tools,Tools for The Workshop and Garage\General Tools,2025-06-27T13:51:14.644027
product_52933da6-0862-f351-69c5-b7d9c6fa7136,Variant,,,,,,,,3,TRUE,,,InStock,,,,,C/ Apoio Pe,,,,,,,,,,,,,,,,,,,,,,,,,,,,,,,,,,,,,,
product_52933da6-0862-f351-69c5-b7d9c6fa7136,Variant,,,,,,,,,TRUE,,,InStock,,,,,Cabo Madeira - P00124,,,,,,,,,,,,,,,,,,,,,,,,,,,,,,,,,,,,,,
product_a1d0b49d-6253-1b6a-c940-2970c3866dae,Product,Pá Francesa,<p>Cor:&nbsp; Melalizado</p><p>Material: Metal</p><p>Embalagem: stiker</p><p>Quantidade mínima de compra 1 unidade</p><p>Preço especial na compra de quantidades maiores</p><p>&nbsp;</p><p>&nbsp;</p>,55dd72_2c53a379a63b4ec4aaaf44af089dbb85~mv2.jpg,,,,18,,FALSE,PERCENT,0,InStock,,,Medidas,DROP_DOWN,Pa cabo madeira - P00113;Forquilha Fran - FQ0005,,,,,,,,,,,,,,,,INFORMAÇÕES DO PRODUTO,"<p>NACIONAL</p>
",ENCOMENDA,"<p>O preço apresentado é referente a uma unidade. O valor total será calculado após envio da encomenda, estando&nbsp; dependente da quantidade mínima obrigatória. <span><span>Preços válidos salvo ruptura de stock, erro tipográfico ou fotográfico.</span></span></p>
",,,,,,,,,,,,,,,HARDMAN,110012,General Tools,Tools for The Workshop and Garage\General Tools,2025-06-27T13:51:14.644128
product_a1d0b49d-6253-1b6a-c940-2970c3866dae,Variant,,,,,,,,2.25,TRUE,,,InStock,,,,,Forquilha Fran - FQ0005,,,,,,,,,,,,,,,,,,,,,,,,,,,,,,,,,,,,,,
product_a1d0b49d-6253-1b6a-c940-2970c3866dae,Variant,,,,,,,,,TRUE,,,InStock,,,,,Pa cabo madeira - P00113,,,,,,,,,,,,,,,,,,,,,,,,,,,,,,,,,,,,,,
product_6f6c4a4b-80b0-f6dc-0c17-59c5f8925437,Product,Pá Cabo de Madeira modelo Bufalo,<p>Cor:&nbsp; Melalizado</p><p>Material: Metal</p><p>Embalagem: stiker</p><p>Quantidade mínima de compra 1 unidade</p><p>Preço especial na compra de quantidades maiores</p><p>&nbsp;</p><p>&nbsp;</p>,55dd72_bfaa9ac7632543fa9bc3e2173a6cb537~mv2.jpg,,,,15.6,,FALSE,PERCENT,0,InStock,,,Medidas,DROP_DOWN,Bico - P00135;Quadrada - P00136,,,,,,,,,,,,,,,,INFORMAÇÕES DO PRODUTO,"<p>NACIONAL</p>
",ENCOMENDA,"<p>O preço apresentado é referente a uma unidade. O valor total será calculado após envio da encomenda, estando&nbsp; dependente da quantidade mínima obrigatória. <span><span>Preços válidos salvo ruptura de stock, erro tipográfico ou fotográfico.</span></span></p>
",,,,,,,,,,,,,,,HARDMAN,110010,Cables and Extensions,Tools for Electricians\Cables and Extensions,2025-06-27T13:51:14.644612
product_6f6c4a4b-80b0-f6dc-0c17-59c5f8925437,Variant,,,,,,,,,TRUE,,,InStock,,,,,Bico - P00135,,,,,,,,,,,,,,,,,,,,,,,,,,,,,,,,,,,,,,
product_6f6c4a4b-80b0-f6dc-0c17-59c5f8925437,Variant,,,,,,,,,TRUE,,,InStock,,,,,Quadrada - P00136,,,,,,,,,,,,,,,,,,,,,,,,,,,,,,,,,,,,,,
product_6e7c41bc-4897-1bf5-38cf-8d3d7cdcdc19,Product,Cabo Metálico com Cunha p/ gadanha,<p>Cor:&nbsp; Melalizado</p><p>Material: Metal</p><p>Embalagem: stiker</p><p>Quantidade mínima de compra 1 unidade</p><p>Preço especial na compra de quantidades maiores</p><p>&nbsp;</p><p>&nbsp;</p>,55dd72_30f404a0a42548c0b8d446f35ee52b7d~mv2.jpg,,,,14,,FALSE,PERCENT,0,InStock,,,Medidas,DROP_DOWN,Direito - CA0804;Esquerdo - CA0801;Abra + Cunha - AB0001,,,,,,,,,,,,,,,,INFORMAÇÕES DO PRODUTO,"<p>NACIONAL</p>
",ENCOMENDA,"<p>O preço apresentado é referente a uma unidade. O valor total será calculado após envio da encomenda, estando&nbsp; dependente da quantidade mínima obrigatória. <span><span>Preços válidos salvo ruptura de stock, erro tipográfico ou fotográfico.</span></span></p>
",,,,,,,,,,,,,,,HARDMAN,110010,Cables and Extensions,Tools for Electricians\Cables and Extensions,2025-06-27T13:51:14.644672
product_6e7c41bc-4897-1bf5-38cf-8d3d7cdcdc19,Variant,,,,,,,,,TRUE,,,InStock,,,,,Esquerdo - CA0801,,,,,,,,,,,,,,,,,,,,,,,,,,,,,,,,,,,,,,
product_6e7c41bc-4897-1bf5-38cf-8d3d7cdcdc19,Variant,,,,,,,,2.5,TRUE,,,InStock,,,,,Abra + Cunha - AB0001,,,,,,,,,,,,,,,,,,,,,,,,,,,,,,,,,,,,,,
product_6e7c41bc-4897-1bf5-38cf-8d3d7cdcdc19,Variant,,,,,,,,,TRUE,,,InStock,,,,,Direito - CA0804,,,,,,,,,,,,,,,,,,,,,,,,,,,,,,,,,,,,,,
product_9ce4954a-2a73-421a-d557-742e95aa3ddb,Product,Cabo Metálico com Parafuso,<p>Cor:&nbsp; Melalizado</p><p>Material: Metal</p><p>Embalagem: stiker</p><p>Quantidade mínima de compra 1 unidade</p><p>Preço especial na compra de quantidades maiores</p><p>&nbsp;</p><p>&nbsp;</p>,55dd72_8dc38b524b6345898f88cc3243814c1a~mv2.jpg,,,,14.38,,FALSE,PERCENT,0,InStock,,,Medidas,DROP_DOWN,Direito - CA0800;Esquerdo - CA0801;Abra+parafuso - AB0002,,,,,,,,,,,,,,,,INFORMAÇÕES DO PRODUTO,"<p>NACIONAL</p>
",ENCOMENDA,"<p>O preço apresentado é referente a uma unidade. O valor total será calculado após envio da encomenda, estando&nbsp; dependente da quantidade mínima obrigatória. <span><span>Preços válidos salvo ruptura de stock, erro tipográfico ou fotográfico.</span></span></p>
",,,,,,,,,,,,,,,HARDMAN,110010,Cables and Extensions,Tools for Electricians\Cables and Extensions,2025-06-27T13:51:14.644733
product_9ce4954a-2a73-421a-d557-742e95aa3ddb,Variant,,,,,,,,,TRUE,,,InStock,,,,,Direito - CA0800,,,,,,,,,,,,,,,,,,,,,,,,,,,,,,,,,,,,,,
product_9ce4954a-2a73-421a-d557-742e95aa3ddb,Variant,,,,,,,,,TRUE,,,InStock,,,,,Esquerdo - CA0801,,,,,,,,,,,,,,,,,,,,,,,,,,,,,,,,,,,,,,
product_9ce4954a-2a73-421a-d557-742e95aa3ddb,Variant,,,,,,,,3,TRUE,,,InStock,,,,,Abra+parafuso - AB0002,,,,,,,,,,,,,,,,,,,,,,,,,,,,,,,,,,,,,,
product_e150d00d-d346-0fb2-3aaa-4b5668e6d5af,Product,Safra,<p>Cor:&nbsp; Melalizado</p><p>Material: Metal</p><p>Embalagem: stiker</p><p>Quantidade mínima de compra 1 unidade</p><p>Preço especial na compra de quantidades maiores</p><p>&nbsp;</p><p>&nbsp;</p>,55dd72_07d1974a6bd54bbaa00cf542450b1f32~mv2.jpg,,,,14.75,,FALSE,PERCENT,0,InStock,,,Medidas,DROP_DOWN,S00001,,,,,,,,,,,,,,,,INFORMAÇÕES DO PRODUTO,"<p>NACIONAL</p>
",ENCOMENDA,"<p>O preço apresentado é referente a uma unidade. O valor total será calculado após envio da encomenda, estando&nbsp; dependente da quantidade mínima obrigatória. <span><span>Preços válidos salvo ruptura de stock, erro tipográfico ou fotográfico.</span></span></p>
",,,,,,,,,,,,,,,HARDMAN,110012,General Tools,Tools for The Workshop and Garage\General Tools,2025-06-27T13:51:14.644788
product_e150d00d-d346-0fb2-3aaa-4b5668e6d5af,Variant,,,,,,,,,TRUE,,,InStock,,,,,S00001,,,,,,,,,,,,,,,,,,,,,,,,,,,,,,,,,,,,,,
product_835a3794-65e7-bedc-aed5-c926e25b3874,Product,Gadanha Mato 2 Cortes,<p>Cor:&nbsp; Melalizado</p><p>Material: Metal</p><p>Embalagem: stiker</p><p>Quantidade mínima de compra 1 unidade</p><p>Preço especial na compra de quantidades maiores</p><p>&nbsp;</p><p>&nbsp;</p>,55dd72_1c5c8420f5dd4d47b1e3e0f639ac936b~mv2.jpg,,,,26.1,,FALSE,PERCENT,0,InStock,,,Medidas,DROP_DOWN,"16"" direita - G00100;16"" esquerda - G00101",,,,,,,,,,,,,,,,INFORMAÇÕES DO PRODUTO,"<p>NACIONAL</p>
",ENCOMENDA,"<p>O preço apresentado é referente a uma unidade. O valor total será calculado após envio da encomenda, estando&nbsp; dependente da quantidade mínima obrigatória. <span><span>Preços válidos salvo ruptura de stock, erro tipográfico ou fotográfico.</span></span></p>
",,,,,,,,,,,,,,,HARDMAN,110012,General Tools,Tools for The Workshop and Garage\General Tools,2025-06-27T13:51:14.644823
product_835a3794-65e7-bedc-aed5-c926e25b3874,Variant,,,,,,,,,TRUE,,,InStock,,,,,"16"" direita - G00100",,,,,,,,,,,,,,,,,,,,,,,,,,,,,,,,,,,,,,
product_835a3794-65e7-bedc-aed5-c926e25b3874,Variant,,,,,,,,,TRUE,,,InStock,,,,,"16"" esquerda - G00101",,,,,,,,,,,,,,,,,,,,,,,,,,,,,,,,,,,,,,
product_460ca3ee-8407-f3c2-4b62-a7d315b9b209,Product,Gadanha Mato,<p>Cor:&nbsp; Melalizado</p><p>Material: Metal</p><p>Embalagem: stiker</p><p>Quantidade mínima de compra 1 unidade</p><p>Preço especial na compra de quantidades maiores</p><p>&nbsp;</p><p>&nbsp;</p>,55dd72_51bbdfbd38f04285ada27cc8510d6184~mv2.jpg,,,,25.6,,FALSE,PERCENT,0,InStock,,,Medidas,DROP_DOWN,"16"" esquerda - G00103;16"" direita - G00102;18"" esquerda - G00105;18"" direita - G00104",,,,,,,,,,,,,,,,INFORMAÇÕES DO PRODUTO,"<p>NACIONAL</p>
",ENCOMENDA,"<p>O preço apresentado é referente a uma unidade. O valor total será calculado após envio da encomenda, estando&nbsp; dependente da quantidade mínima obrigatória. <span><span>Preços válidos salvo ruptura de stock, erro tipográfico ou fotográfico.</span></span></p>
",,,,,,,,,,,,,,,HARDMAN,110012,General Tools,Tools for The Workshop and Garage\General Tools,2025-06-27T13:51:14.644868
product_460ca3ee-8407-f3c2-4b62-a7d315b9b209,Variant,,,,,,,,,TRUE,,,InStock,,,,,"16"" direita - G00102",,,,,,,,,,,,,,,,,,,,,,,,,,,,,,,,,,,,,,
product_460ca3ee-8407-f3c2-4b62-a7d315b9b209,Variant,,,,,,,,1.3,TRUE,,,InStock,,,,,"18"" esquerda - G00105",,,,,,,,,,,,,,,,,,,,,,,,,,,,,,,,,,,,,,
product_460ca3ee-8407-f3c2-4b62-a7d315b9b209,Variant,,,,,,,,,TRUE,,,InStock,,,,,"16"" esquerda - G00103",,,,,,,,,,,,,,,,,,,,,,,,,,,,,,,,,,,,,,
product_460ca3ee-8407-f3c2-4b62-a7d315b9b209,Variant,,,,,,,,1.3,TRUE,,,InStock,,,,,"18"" direita - G00104",,,,,,,,,,,,,,,,,,,,,,,,,,,,,,,,,,,,,,
product_a39c6d9d-e5f0-09ad-151e-b620be8c6522,Product,Enxó,<p>Cor:&nbsp; Melalizado</p><p>Material: Metal</p><p>Embalagem: stiker</p><p>Quantidade mínima de compra 1 unidade</p><p>Preço especial na compra de quantidades maiores</p><p>&nbsp;</p><p>&nbsp;</p>,55dd72_082092874f384837895b5027433a3def~mv2.jpg,,,,24.2,,TRUE,PERCENT,0,InStock,,,Medidas,DROP_DOWN,Nº1 - E01100;Nº2 - E01101,,,,,,,,,,,,,,,,INFORMAÇÕES DO PRODUTO,"<p>NACIONAL</p>
",ENCOMENDA,"<p>O preço apresentado é referente a uma unidade. O valor total será calculado após envio da encomenda, estando&nbsp; dependente da quantidade mínima obrigatória. <span><span>Preços válidos salvo ruptura de stock, erro tipográfico ou fotográfico.</span></span></p>
",,,,,,,,,,,,,,,HARDMAN,110012,General Tools,Tools for The Workshop and Garage\General Tools,2025-06-27T13:51:14.645017
product_a39c6d9d-e5f0-09ad-151e-b620be8c6522,Variant,,,,,,,,,TRUE,,,InStock,,,,,Nº1 - E01100,,,,,,,,,,,,,,,,,,,,,,,,,,,,,,,,,,,,,,
product_a39c6d9d-e5f0-09ad-151e-b620be8c6522,Variant,,,,,,,,0.25,TRUE,,,InStock,,,,,Nº2 - E01101,,,,,,,,,,,,,,,,,,,,,,,,,,,,,,,,,,,,,,
product_17720511-2e86-1221-51d7-ed04022869d2,Product,Catana,<p>Cor:&nbsp; Melalizado</p><p>Material: Metal</p><p>Embalagem: stiker</p><p>Quantidade mínima de compra 1 unidade</p><p>Preço especial na compra de quantidades maiores</p><p>&nbsp;</p><p>&nbsp;</p>,55dd72_bb2ca8f02e794301bf601cb5d9334005~mv2.jpg,,,,11.1,,TRUE,PERCENT,0,InStock,,,Medidas,DROP_DOWN,"12"";14"" - C03503;16"" - C03502;18"";21"";16"" - especial;16"" - Bellota - C02440",,,,,,,,,,,,,,,,INFORMAÇÕES DO PRODUTO,"<p>NACIONAL</p>
",ENCOMENDA,"<p>O preço apresentado é referente a uma unidade. O valor total será calculado após envio da encomenda, estando&nbsp; dependente da quantidade mínima obrigatória. <span><span>Preços válidos salvo ruptura de stock, erro tipográfico ou fotográfico.</span></span></p>
",,,,,,,,,,,,,,,HARDMAN,110012,General Tools,Tools for The Workshop and Garage\General Tools,2025-06-27T13:51:14.645150
product_17720511-2e86-1221-51d7-ed04022869d2,Variant,,,,,,,,0.5,TRUE,,,InStock,,,,,"14"" - C03503",,,,,,,,,,,,,,,,,,,,,,,,,,,,,,,,,,,,,,
product_17720511-2e86-1221-51d7-ed04022869d2,Variant,,,,,,,,2.8,TRUE,,,InStock,,,,,"16"" - especial",,,,,,,,,,,,,,,,,,,,,,,,,,,,,,,,,,,,,,
product_17720511-2e86-1221-51d7-ed04022869d2,Variant,,,,,,,,2.8,TRUE,,,InStock,,,,,"18""",,,,,,,,,,,,,,,,,,,,,,,,,,,,,,,,,,,,,,
product_17720511-2e86-1221-51d7-ed04022869d2,Variant,,,,,,,,3.05,TRUE,,,InStock,,,,,"21""",,,,,,,,,,,,,,,,,,,,,,,,,,,,,,,,,,,,,,
product_17720511-2e86-1221-51d7-ed04022869d2,Variant,,,,,,,,2,TRUE,,,InStock,,,,,"16"" - C03502",,,,,,,,,,,,,,,,,,,,,,,,,,,,,,,,,,,,,,
product_17720511-2e86-1221-51d7-ed04022869d2,Variant,,,,,,,,,FALSE,,,InStock,,,,,"16"" - Bellota - C02440",,,,,,,,,,,,,,,,,,,,,,,,,,,,,,,,,,,,,,
product_17720511-2e86-1221-51d7-ed04022869d2,Variant,,,,,,,,,TRUE,,,InStock,,,,,"12""",,,,,,,,,,,,,,,,,,,,,,,,,,,,,,,,,,,,,,
product_a44b87d8-9ddc-4e34-770d-f74035b3213a,Product,Podão Vinha,<p>Cor:&nbsp; Melalizado</p><p>Material: Metal</p><p>Embalagem: stiker</p><p>Quantidade mínima de compra 1 unidade</p><p>Preço especial na compra de quantidades maiores</p><p>&nbsp;</p><p>&nbsp;</p>,55dd72_9094f1e24b2241e28428372d22c8cacd~mv2.jpg,,,,12.99,,FALSE,PERCENT,0,InStock,,,Medidas,DROP_DOWN,110x220x230cm - P03311,,,,,,,,,,,,,,,,INFORMAÇÕES DO PRODUTO,"<p>NACIONAL</p>
",ENCOMENDA,"<p>O preço apresentado é referente a uma unidade. O valor total será calculado após envio da encomenda, estando&nbsp; dependente da quantidade mínima obrigatória. <span><span>Preços válidos salvo ruptura de stock, erro tipográfico ou fotográfico.</span></span></p>
",,,,,,,,,,,,,,,HARDMAN,110012,General Tools,Tools for The Workshop and Garage\General Tools,2025-06-27T13:51:14.645260
product_a44b87d8-9ddc-4e34-770d-f74035b3213a,Variant,,,,,,,,,TRUE,,,InStock,,,,,110x220x230cm - P03311,,,,,,,,,,,,,,,,,,,,,,,,,,,,,,,,,,,,,,
product_687d2d93-25b4-5ec2-20b4-66e299e829b1,Product,Podão para Banana,<p>Cor:&nbsp; Melalizado</p><p>Material: Metal</p><p>Embalagem: stiker</p><p>Quantidade mínima de compra 1 unidade</p><p>Preço especial na compra de quantidades maiores</p><p>&nbsp;</p><p>&nbsp;</p>,55dd72_e0af89bb51de453ea74a99e0c11a83b2~mv2.jpg,,,,8.4,,FALSE,PERCENT,0,InStock,,,Medidas,DROP_DOWN,Nº1 - P03308;Nº2  - P03309;Nº3 - P03310,,,,,,,,,,,,,,,,INFORMAÇÕES DO PRODUTO,"<p>NACIONAL</p>
",ENCOMENDA,"<p>O preço apresentado é referente a uma unidade. O valor total será calculado após envio da encomenda, estando&nbsp; dependente da quantidade mínima obrigatória. <span><span>Preços válidos salvo ruptura de stock, erro tipográfico ou fotográfico.</span></span></p>
",,,,,,,,,,,,,,,HARDMAN,110012,General Tools,Tools for The Workshop and Garage\General Tools,2025-06-27T13:51:14.645299
product_687d2d93-25b4-5ec2-20b4-66e299e829b1,Variant,,,,,,,,0.4,TRUE,,,InStock,,,,,Nº2  - P03309,,,,,,,,,,,,,,,,,,,,,,,,,,,,,,,,,,,,,,
product_687d2d93-25b4-5ec2-20b4-66e299e829b1,Variant,,,,,,,,0.8,TRUE,,,InStock,,,,,Nº3 - P03310,,,,,,,,,,,,,,,,,,,,,,,,,,,,,,,,,,,,,,
product_687d2d93-25b4-5ec2-20b4-66e299e829b1,Variant,,,,,,,,,TRUE,,,InStock,,,,,Nº1 - P03308,,,,,,,,,,,,,,,,,,,,,,,,,,,,,,,,,,,,,,
product_0ab143dc-c644-7b07-3951-f84bd8b34a31,Product,Podão Poda Horticolas,<p>Cor:&nbsp; Melalizado</p><p>Material: Metal</p><p>Embalagem: stiker</p><p>Quantidade mínima de compra 1 unidade</p><p>Preço especial na compra de quantidades maiores</p><p>&nbsp;</p><p>&nbsp;</p>,55dd72_430d03e785264caba7958212ec050b40~mv2.jpg,,,,8.4,,FALSE,PERCENT,0,InStock,,,Medidas,DROP_DOWN,Nº1 100X20X70cm - P03300;Nº2 120X25X80cm - P03301;130X30X90cm - P03302,,,,,,,,,,,,,,,,INFORMAÇÕES DO PRODUTO,"<p>NACIONAL</p>
",ENCOMENDA,"<p>O preço apresentado é referente a uma unidade. O valor total será calculado após envio da encomenda, estando&nbsp; dependente da quantidade mínima obrigatória. <span><span>Preços válidos salvo ruptura de stock, erro tipográfico ou fotográfico.</span></span></p>
",,,,,,,,,,,,,,,HARDMAN,110012,General Tools,Tools for The Workshop and Garage\General Tools,2025-06-27T13:51:14.645354
product_0ab143dc-c644-7b07-3951-f84bd8b34a31,Variant,,,,,,,,,TRUE,,,InStock,,,,,Nº1 100X20X70cm - P03300,,,,,,,,,,,,,,,,,,,,,,,,,,,,,,,,,,,,,,
product_0ab143dc-c644-7b07-3951-f84bd8b34a31,Variant,,,,,,,,0.8,TRUE,,,InStock,,,,,130X30X90cm - P03302,,,,,,,,,,,,,,,,,,,,,,,,,,,,,,,,,,,,,,
product_0ab143dc-c644-7b07-3951-f84bd8b34a31,Variant,,,,,,,,0.4,TRUE,,,InStock,,,,,Nº2 120X25X80cm - P03301,,,,,,,,,,,,,,,,,,,,,,,,,,,,,,,,,,,,,,
product_8dc6d6d7-1297-a473-bef7-52a0ecf9911f,Product,Podão Leiria Aberto,<p>Cor:&nbsp; Melalizado</p><p>Material: Metal</p><p>Embalagem: stiker</p><p>Quantidade mínima de compra 1 unidade</p><p>Preço especial na compra de quantidades maiores</p><p>&nbsp;</p><p>&nbsp;</p>,55dd72_646b212c753e4d21a46021d3c88bfc32~mv2.jpg,,,,13.4,,FALSE,PERCENT,0,InStock,,,Medidas,DROP_DOWN,265x35x90cm - P03300,,,,,,,,,,,,,,,,INFORMAÇÕES DO PRODUTO,"<p>NACIONAL</p>
",ENCOMENDA,"<p>O preço apresentado é referente a uma unidade. O valor total será calculado após envio da encomenda, estando&nbsp; dependente da quantidade mínima obrigatória. <span><span>Preços válidos salvo ruptura de stock, erro tipográfico ou fotográfico.</span></span></p>
",,,,,,,,,,,,,,,HARDMAN,110012,General Tools,Tools for The Workshop and Garage\General Tools,2025-06-27T13:51:14.645451
product_8dc6d6d7-1297-a473-bef7-52a0ecf9911f,Variant,,,,,,,,,TRUE,,,InStock,,,,,265x35x90cm - P03300,,,,,,,,,,,,,,,,,,,,,,,,,,,,,,,,,,,,,,
product_e9ac1cba-3b83-f5ae-8dcf-7e0b5efdc31a,Product,Podão Leiria 2 Cortes,<p>Cor:&nbsp; Melalizado</p><p>Material: Metal</p><p>Embalagem: stiker</p><p>Quantidade mínima de compra 1 unidade</p><p>Preço especial na compra de quantidades maiores</p><p>&nbsp;</p><p>&nbsp;</p>,55dd72_14281e890c404ee38b256b0371e38160~mv2.jpg,,,,11.8,,FALSE,PERCENT,0,InStock,,,Medidas,DROP_DOWN,Nº0 125X25X130cm - PO33O3;Nº1 180X30X175cm - P03304;Nº2 205X35X180cm - P03305;Nº3 230X40x205cm - P03306,,,,,,,,,,,,,,,,INFORMAÇÕES DO PRODUTO,"<p>NACIONAL</p>
",ENCOMENDA,"<p>O preço apresentado é referente a uma unidade. O valor total será calculado após envio da encomenda, estando&nbsp; dependente da quantidade mínima obrigatória. <span><span>Preços válidos salvo ruptura de stock, erro tipográfico ou fotográfico.</span></span></p>
",,,,,,,,,,,,,,,HARDMAN,110012,General Tools,Tools for The Workshop and Garage\General Tools,2025-06-27T13:51:14.645550
product_e9ac1cba-3b83-f5ae-8dcf-7e0b5efdc31a,Variant,,,,,,,,,TRUE,,,InStock,,,,,Nº0 125X25X130cm - PO33O3,,,,,,,,,,,,,,,,,,,,,,,,,,,,,,,,,,,,,,
product_e9ac1cba-3b83-f5ae-8dcf-7e0b5efdc31a,Variant,,,,,,,,1.7,TRUE,,,InStock,,,,,Nº3 230X40x205cm - P03306,,,,,,,,,,,,,,,,,,,,,,,,,,,,,,,,,,,,,,
product_e9ac1cba-3b83-f5ae-8dcf-7e0b5efdc31a,Variant,,,,,,,,1.3,TRUE,,,InStock,,,,,Nº2 205X35X180cm - P03305,,,,,,,,,,,,,,,,,,,,,,,,,,,,,,,,,,,,,,
product_e9ac1cba-3b83-f5ae-8dcf-7e0b5efdc31a,Variant,,,,,,,,0.9,TRUE,,,InStock,,,,,Nº1 180X30X175cm - P03304,,,,,,,,,,,,,,,,,,,,,,,,,,,,,,,,,,,,,,
product_c1f730a0-6ea0-e01e-f98e-4922d2ac033d,Product,Foice Mira,<p>Cor:&nbsp; Melalizado</p><p>Material: Metal</p><p>Embalagem: stiker</p><p>Quantidade mínima de compra 1 unidade</p><p>Preço especial na compra de quantidades maiores</p><p>&nbsp;</p><p>&nbsp;</p>,55dd72_b5ad7e59e3ba4dc4bda9e81bdb534a47~mv2.jpg,,,,12.4,,FALSE,PERCENT,0,InStock,,,Medidas,DROP_DOWN,285x60x80cm - FC1100,,,,,,,,,,,,,,,,INFORMAÇÕES DO PRODUTO,"<p>NACIONAL</p>
",ENCOMENDA,"<p>O preço apresentado é referente a uma unidade. O valor total será calculado após envio da encomenda, estando&nbsp; dependente da quantidade mínima obrigatória. <span><span>Preços válidos salvo ruptura de stock, erro tipográfico ou fotográfico.</span></span></p>
",,,,,,,,,,,,,,,HARDMAN,110012,General Tools,Tools for The Workshop and Garage\General Tools,2025-06-27T13:51:14.645629
product_c1f730a0-6ea0-e01e-f98e-4922d2ac033d,Variant,,,,,,,,,TRUE,,,InStock,,,,,285x60x80cm - FC1100,,,,,,,,,,,,,,,,,,,,,,,,,,,,,,,,,,,,,,
product_bbb75112-b882-06f5-0af3-73f42c51bffc,Product,Foice Barreiro,<p>Cor:&nbsp; Melalizado</p><p>Material: Metal</p><p>Embalagem: stiker</p><p>Quantidade mínima de compra 1 unidade</p><p>Preço especial na compra de quantidades maiores</p><p>&nbsp;</p><p>&nbsp;</p>,55dd72_9fff6a5a2d14411085cf493e402d58da~mv2.jpg,,,,9.7,,FALSE,PERCENT,0,InStock,,,Medidas,DROP_DOWN,Nº1 105X30x110cm - FC0100;Nº2 135X35X145cm - FC0101;Nº3 175x40x190cm - FC0102;Nº4 190X45X205cm - FC0103,,,,,,,,,,,,,,,,INFORMAÇÕES DO PRODUTO,"<p>NACIONAL</p>
",ENCOMENDA,"<p>O preço apresentado é referente a uma unidade. O valor total será calculado após envio da encomenda, estando&nbsp; dependente da quantidade mínima obrigatória. <span><span>Preços válidos salvo ruptura de stock, erro tipográfico ou fotográfico.</span></span></p>
",,,,,,,,,,,,,,,HARDMAN,110012,General Tools,Tools for The Workshop and Garage\General Tools,2025-06-27T13:51:14.645693
product_bbb75112-b882-06f5-0af3-73f42c51bffc,Variant,,,,,,,,1.35,TRUE,,,InStock,,,,,Nº2 135X35X145cm - FC0101,,,,,,,,,,,,,,,,,,,,,,,,,,,,,,,,,,,,,,
product_bbb75112-b882-06f5-0af3-73f42c51bffc,Variant,,,,,,,,2.95,TRUE,,,InStock,,,,,Nº3 175x40x190cm - FC0102,,,,,,,,,,,,,,,,,,,,,,,,,,,,,,,,,,,,,,
product_bbb75112-b882-06f5-0af3-73f42c51bffc,Variant,,,,,,,,,TRUE,,,InStock,,,,,Nº1 105X30x110cm - FC0100,,,,,,,,,,,,,,,,,,,,,,,,,,,,,,,,,,,,,,
product_bbb75112-b882-06f5-0af3-73f42c51bffc,Variant,,,,,,,,3.7,TRUE,,,InStock,,,,,Nº4 190X45X205cm - FC0103,,,,,,,,,,,,,,,,,,,,,,,,,,,,,,,,,,,,,,
product_daed215a-ff85-0833-3a86-af8f6d77f969,Product,Foice Leiria com Peta,<p>Cor:&nbsp; Melalizado</p><p>Material: Metal</p><p>Embalagem: stiker</p><p>Quantidade mínima de compra 1 unidade</p><p>Preço especial na compra de quantidades maiores</p><p>&nbsp;</p><p>&nbsp;</p>,55dd72_bdcea10f58544f7e9ba9d10908e3df5b~mv2.jpg,,,,12.4,,FALSE,PERCENT,0,InStock,,,Medidas,DROP_DOWN,Nº1 190x35x180cm - FC0800;Nº2 210x40x190cm - FC0801;Nº3 200x50x225cm - FC0802,,,,,,,,,,,,,,,,INFORMAÇÕES DO PRODUTO,"<p>NACIONAL</p>
",ENCOMENDA,"<p>O preço apresentado é referente a uma unidade. O valor total será calculado após envio da encomenda, estando&nbsp; dependente da quantidade mínima obrigatória. <span><span>Preços válidos salvo ruptura de stock, erro tipográfico ou fotográfico.</span></span></p>
",,,,,,,,,,,,,,,HARDMAN,110012,General Tools,Tools for The Workshop and Garage\General Tools,2025-06-27T13:51:14.645764
product_daed215a-ff85-0833-3a86-af8f6d77f969,Variant,,,,,,,,,TRUE,,,InStock,,,,,Nº1 190x35x180cm - FC0800,,,,,,,,,,,,,,,,,,,,,,,,,,,,,,,,,,,,,,
product_daed215a-ff85-0833-3a86-af8f6d77f969,Variant,,,,,,,,1,TRUE,,,InStock,,,,,Nº3 200x50x225cm - FC0802,,,,,,,,,,,,,,,,,,,,,,,,,,,,,,,,,,,,,,
product_daed215a-ff85-0833-3a86-af8f6d77f969,Variant,,,,,,,,0.62,TRUE,,,InStock,,,,,Nº2 210x40x190cm - FC0801,,,,,,,,,,,,,,,,,,,,,,,,,,,,,,,,,,,,,,
product_35fc44e7-8dc4-ecba-28de-222afc5f1d94,Product,Foice Meia lua com Galho,<p>Cor:&nbsp; Melalizado</p><p>Material: Metal</p><p>Embalagem: stiker</p><p>Quantidade mínima de compra 1 unidade</p><p>Preço especial na compra de quantidades maiores</p><p>&nbsp;</p><p>&nbsp;</p>,55dd72_69758b66c5fa4e68be0058a7666ececa~mv2.jpg,,,,13.4,,FALSE,PERCENT,0,InStock,,,Medidas,DROP_DOWN,Nº1 210X30x230cm - FC1000;Nº2 250x35x260cm - FC1001;Nº3 285x40x270cm - FC1002,,,,,,,,,,,,,,,,INFORMAÇÕES DO PRODUTO,"<p>NACIONAL</p>
",ENCOMENDA,"<p>O preço apresentado é referente a uma unidade. O valor total será calculado após envio da encomenda, estando&nbsp; dependente da quantidade mínima obrigatória. <span><span>Preços válidos salvo ruptura de stock, erro tipográfico ou fotográfico.</span></span></p>
",,,,,,,,,,,,,,,HARDMAN,110012,General Tools,Tools for The Workshop and Garage\General Tools,2025-06-27T13:51:14.645846
product_35fc44e7-8dc4-ecba-28de-222afc5f1d94,Variant,,,,,,,,,TRUE,,,InStock,,,,,Nº1 210X30x230cm - FC1000,,,,,,,,,,,,,,,,,,,,,,,,,,,,,,,,,,,,,,
product_35fc44e7-8dc4-ecba-28de-222afc5f1d94,Variant,,,,,,,,1.2,TRUE,,,InStock,,,,,Nº2 250x35x260cm - FC1001,,,,,,,,,,,,,,,,,,,,,,,,,,,,,,,,,,,,,,
product_35fc44e7-8dc4-ecba-28de-222afc5f1d94,Variant,,,,,,,,2.9,TRUE,,,InStock,,,,,Nº3 285x40x270cm - FC1002,,,,,,,,,,,,,,,,,,,,,,,,,,,,,,,,,,,,,,
product_a18feb67-0b8c-711a-33f8-6e63aa63f4a5,Product,Foice Meia lua,<p>Cor:&nbsp; Melalizado</p><p>Material: Metal</p><p>Embalagem: stiker</p><p>Quantidade mínima de compra 1 unidade</p><p>Preço especial na compra de quantidades maiores</p><p>&nbsp;</p><p>&nbsp;</p>,55dd72_ddaeff4927e64c0c96e2b06edd7bf410~mv2.jpg,,,,12.3,,FALSE,PERCENT,0,InStock,,,Medidas,DROP_DOWN,Nº1 210X30x180cm - FC0900;Nº2 250X35X200cm - FC0901;Nº3 285X40X220cm - FC0902,,,,,,,,,,,,,,,,INFORMAÇÕES DO PRODUTO,"<p>NACIONAL</p>
",ENCOMENDA,"<p>O preço apresentado é referente a uma unidade. O valor total será calculado após envio da encomenda, estando&nbsp; dependente da quantidade mínima obrigatória. <span><span>Preços válidos salvo ruptura de stock, erro tipográfico ou fotográfico.</span></span></p>
",,,,,,,,,,,,,,,HARDMAN,110012,General Tools,Tools for The Workshop and Garage\General Tools,2025-06-27T13:51:14.645913
product_a18feb67-0b8c-711a-33f8-6e63aa63f4a5,Variant,,,,,,,,1.2,TRUE,,,InStock,,,,,Nº2 250X35X200cm - FC0901,,,,,,,,,,,,,,,,,,,,,,,,,,,,,,,,,,,,,,
product_a18feb67-0b8c-711a-33f8-6e63aa63f4a5,Variant,,,,,,,,,TRUE,,,InStock,,,,,Nº1 210X30x180cm - FC0900,,,,,,,,,,,,,,,,,,,,,,,,,,,,,,,,,,,,,,
product_a18feb67-0b8c-711a-33f8-6e63aa63f4a5,Variant,,,,,,,,2.7,TRUE,,,InStock,,,,,Nº3 285X40X220cm - FC0902,,,,,,,,,,,,,,,,,,,,,,,,,,,,,,,,,,,,,,
product_968fffff-0884-4b0a-a703-05b2bcc6ffe8,Product,Foice Limpa Caldas,<p>Cor:&nbsp; Melalizado</p><p>Material: Metal</p><p>Embalagem: stiker</p><p>Quantidade mínima de compra 1 unidade</p><p>Preço especial na compra de quantidades maiores</p><p>&nbsp;</p><p>&nbsp;</p>,55dd72_225ad1ee56f441538aa76c9ade5f9f20~mv2.jpg,,,,13.2,,FALSE,PERCENT,0,InStock,,,Medidas,DROP_DOWN,220x40x210cm - FC1200,,,,,,,,,,,,,,,,INFORMAÇÕES DO PRODUTO,"<p>NACIONAL</p>
",ENCOMENDA,"<p>O preço apresentado é referente a uma unidade. O valor total será calculado após envio da encomenda, estando&nbsp; dependente da quantidade mínima obrigatória. <span><span>Preços válidos salvo ruptura de stock, erro tipográfico ou fotográfico.</span></span></p>
",,,,,,,,,,,,,,,HARDMAN,110012,General Tools,Tools for The Workshop and Garage\General Tools,2025-06-27T13:51:14.646028
product_968fffff-0884-4b0a-a703-05b2bcc6ffe8,Variant,,,,,,,,,TRUE,,,InStock,,,,,220x40x210cm - FC1200,,,,,,,,,,,,,,,,,,,,,,,,,,,,,,,,,,,,,,
product_c2aa12cd-c674-ec7b-7169-42a1a3bcb117,Product,Foice Douro Limpa,<p>Cor:&nbsp; Melalizado</p><p>Material: Metal</p><p>Embalagem: stiker</p><p>Quantidade mínima de compra 1 unidade</p><p>Preço especial na compra de quantidades maiores</p><p>&nbsp;</p><p>&nbsp;</p>,55dd72_4f14ad95d01748bf9f125a7209dea535~mv2.jpg,,,,11.85,,FALSE,PERCENT,0,InStock,,,Medidas,DROP_DOWN,Nº3.0 - FC0400;Nº2.0 - FC0401;Nº0 - FC0402;Nº1 - FC0403;Nº2 - FC0404;Nº3 - FC0405,,,,,,,,,,,,,,,,INFORMAÇÕES DO PRODUTO,"<p>NACIONAL</p>
",ENCOMENDA,"<p>O preço apresentado é referente a uma unidade. O valor total será calculado após envio da encomenda, estando&nbsp; dependente da quantidade mínima obrigatória. <span><span>Preços válidos salvo ruptura de stock, erro tipográfico ou fotográfico.</span></span></p>
",,,,,,,,,,,,,,,HARDMAN,110012,General Tools,Tools for The Workshop and Garage\General Tools,2025-06-27T13:51:14.646079
product_c2aa12cd-c674-ec7b-7169-42a1a3bcb117,Variant,,,,,,,,2.15,TRUE,,,InStock,,,,,Nº1 - FC0403,,,,,,,,,,,,,,,,,,,,,,,,,,,,,,,,,,,,,,
product_c2aa12cd-c674-ec7b-7169-42a1a3bcb117,Variant,,,,,,,,3.5,TRUE,,,InStock,,,,,Nº3 - FC0405,,,,,,,,,,,,,,,,,,,,,,,,,,,,,,,,,,,,,,
product_c2aa12cd-c674-ec7b-7169-42a1a3bcb117,Variant,,,,,,,,2.7,TRUE,,,InStock,,,,,Nº2 - FC0404,,,,,,,,,,,,,,,,,,,,,,,,,,,,,,,,,,,,,,
product_c2aa12cd-c674-ec7b-7169-42a1a3bcb117,Variant,,,,,,,,,TRUE,,,InStock,,,,,Nº3.0 - FC0400,,,,,,,,,,,,,,,,,,,,,,,,,,,,,,,,,,,,,,
product_c2aa12cd-c674-ec7b-7169-42a1a3bcb117,Variant,,,,,,,,0.55,TRUE,,,InStock,,,,,Nº2.0 - FC0401,,,,,,,,,,,,,,,,,,,,,,,,,,,,,,,,,,,,,,
product_c2aa12cd-c674-ec7b-7169-42a1a3bcb117,Variant,,,,,,,,1.35,TRUE,,,InStock,,,,,Nº0 - FC0402,,,,,,,,,,,,,,,,,,,,,,,,,,,,,,,,,,,,,,
product_f78d4b12-116a-d906-3787-57559074eb9d,Product,Foice Douro,<p>Cor:&nbsp; Melalizado</p><p>Material: Metal</p><p>Embalagem: stiker</p><p>Quantidade mínima de compra 1 unidade</p><p>Preço especial na compra de quantidades maiores</p><p>&nbsp;</p><p>&nbsp;</p>,55dd72_89b678853ad54b5395ab564430f7d16d~mv2.jpg,,,,10.4,,FALSE,PERCENT,0,InStock,,,Medidas,DROP_DOWN,Nº3.0 - FC0300;Nº2.0 - FC0301;Nº0 - FC0302;Nº1 - FC0303;Nº2 - FC0304;Nº3 - FC0305,,,,,,,,,,,,,,,,INFORMAÇÕES DO PRODUTO,"<p>NACIONAL</p>
",ENCOMENDA,"<p>O preço apresentado é referente a uma unidade. O valor total será calculado após envio da encomenda, estando&nbsp; dependente da quantidade mínima obrigatória. <span><span>Preços válidos salvo ruptura de stock, erro tipográfico ou fotográfico.</span></span></p>
",,,,,,,,,,,,,,,HARDMAN,110012,General Tools,Tools for The Workshop and Garage\General Tools,2025-06-27T13:51:14.646198
product_f78d4b12-116a-d906-3787-57559074eb9d,Variant,,,,,,,,0.5,TRUE,,,InStock,,,,,Nº2.0 - FC0301,,,,,,,,,,,,,,,,,,,,,,,,,,,,,,,,,,,,,,
product_f78d4b12-116a-d906-3787-57559074eb9d,Variant,,,,,,,,2.1,TRUE,,,InStock,,,,,Nº1 - FC0303,,,,,,,,,,,,,,,,,,,,,,,,,,,,,,,,,,,,,,
product_f78d4b12-116a-d906-3787-57559074eb9d,Variant,,,,,,,,,TRUE,,,InStock,,,,,Nº3.0 - FC0300,,,,,,,,,,,,,,,,,,,,,,,,,,,,,,,,,,,,,,
product_f78d4b12-116a-d906-3787-57559074eb9d,Variant,,,,,,,,3.35,TRUE,,,InStock,,,,,Nº3 - FC0305,,,,,,,,,,,,,,,,,,,,,,,,,,,,,,,,,,,,,,
product_f78d4b12-116a-d906-3787-57559074eb9d,Variant,,,,,,,,2.8,TRUE,,,InStock,,,,,Nº2 - FC0304,,,,,,,,,,,,,,,,,,,,,,,,,,,,,,,,,,,,,,
product_f78d4b12-116a-d906-3787-57559074eb9d,Variant,,,,,,,,1.2,TRUE,,,InStock,,,,,Nº0 - FC0302,,,,,,,,,,,,,,,,,,,,,,,,,,,,,,,,,,,,,,
product_544c0c14-0346-2084-a76d-f1f3cb893602,Product,Cunha para Lenha,<p>Cor:&nbsp; Melalizado</p><p>Material: Metal</p><p>Embalagem: stiker</p><p>Quantidade mínima de compra 1 unidade</p><p>Preço especial na compra de quantidades maiores</p><p>&nbsp;</p><p>&nbsp;</p>,55dd72_7f50186734f04040afcf27f1f20a28b8~mv2.jpg,,,,6.4,,FALSE,PERCENT,0,InStock,,,Medidas,DROP_DOWN,Nº1 - C08104;Nº1 1.2 - C08105;Nº2 - C08106;Nº2 1.2 - C08107;Nº3 - C08108;Nº3 1.2 - C08109;Nº4 - C08110,,,,,,,,,,,,,,,,INFORMAÇÕES DO PRODUTO,"<p>NACIONAL</p>
",ENCOMENDA,"<p>O preço apresentado é referente a uma unidade. O valor total será calculado após envio da encomenda, estando&nbsp; dependente da quantidade mínima obrigatória. <span><span>Preços válidos salvo ruptura de stock, erro tipográfico ou fotográfico.</span></span></p>
",,,,,,,,,,,,,,,HARDMAN,110012,General Tools,Tools for The Workshop and Garage\General Tools,2025-06-27T13:51:14.646288
product_544c0c14-0346-2084-a76d-f1f3cb893602,Variant,,,,,,,,16,TRUE,,,InStock,,,,,Nº4 - C08110,,,,,,,,,,,,,,,,,,,,,,,,,,,,,,,,,,,,,,
product_544c0c14-0346-2084-a76d-f1f3cb893602,Variant,,,,,,,,7.6,TRUE,,,InStock,,,,,Nº2 1.2 - C08107,,,,,,,,,,,,,,,,,,,,,,,,,,,,,,,,,,,,,,
product_544c0c14-0346-2084-a76d-f1f3cb893602,Variant,,,,,,,,2.4,TRUE,,,InStock,,,,,Nº1 1.2 - C08105,,,,,,,,,,,,,,,,,,,,,,,,,,,,,,,,,,,,,,
product_544c0c14-0346-2084-a76d-f1f3cb893602,Variant,,,,,,,,,TRUE,,,InStock,,,,,Nº1 - C08104,,,,,,,,,,,,,,,,,,,,,,,,,,,,,,,,,,,,,,
product_544c0c14-0346-2084-a76d-f1f3cb893602,Variant,,,,,,,,13.2,TRUE,,,InStock,,,,,Nº3 1.2 - C08109,,,,,,,,,,,,,,,,,,,,,,,,,,,,,,,,,,,,,,
product_544c0c14-0346-2084-a76d-f1f3cb893602,Variant,,,,,,,,4.8,TRUE,,,InStock,,,,,Nº2 - C08106,,,,,,,,,,,,,,,,,,,,,,,,,,,,,,,,,,,,,,
product_544c0c14-0346-2084-a76d-f1f3cb893602,Variant,,,,,,,,10.4,TRUE,,,InStock,,,,,Nº3 - C08108,,,,,,,,,,,,,,,,,,,,,,,,,,,,,,,,,,,,,,
product_6cd64bc8-cf82-8e29-2981-90b894f0774e,Product,Machadão Lenha N°3,<p>Cor:&nbsp; Melalizado</p><p>Material: Metal</p><p>Embalagem: stiker</p><p>Quantidade mínima de compra 1 unidade</p><p>Preço especial na compra de quantidades maiores</p><p>&nbsp;</p><p>&nbsp;</p>,55dd72_9d1f815af37942a9884f047de4f42f04~mv2.jpg,,,,27,,FALSE,PERCENT,0,InStock,,,Medidas,DROP_DOWN,Nº3 230X120X55cm - MC1000,,,,,,,,,,,,,,,,INFORMAÇÕES DO PRODUTO,"<p>NACIONAL</p>
",ENCOMENDA,"<p>O preço apresentado é referente a uma unidade. O valor total será calculado após envio da encomenda, estando&nbsp; dependente da quantidade mínima obrigatória. <span><span>Preços válidos salvo ruptura de stock, erro tipográfico ou fotográfico.</span></span></p>
",,,,,,,,,,,,,,,HARDMAN,110012,General Tools,Tools for The Workshop and Garage\General Tools,2025-06-27T13:51:14.646434
product_6cd64bc8-cf82-8e29-2981-90b894f0774e,Variant,,,,,,,,,TRUE,,,InStock,,,,,Nº3 230X120X55cm - MC1000,,,,,,,,,,,,,,,,,,,,,,,,,,,,,,,,,,,,,,
product_912c545a-6d76-88e7-813a-88c7d522dc47,Product,Machado Cortiça,<p>Cor:&nbsp; Melalizado</p><p>Material: Metal</p><p>Embalagem: stiker</p><p>Quantidade mínima de compra 1 unidade</p><p>Preço especial na compra de quantidades maiores</p><p>&nbsp;</p><p>&nbsp;</p>,55dd72_cd02bc70d06947419b252f6fbc405b4e~mv2.jpg,,,,35.6,,FALSE,PERCENT,0,InStock,,,Medidas,DROP_DOWN,Nº0 165x180x20cm - MC0200;Nº1 190x195x20cm - MC0201;Nº2 195x210x25cm - MC0202,,,,,,,,,,,,,,,,INFORMAÇÕES DO PRODUTO,"<p>NACIONAL</p>
",ENCOMENDA,"<p>O preço apresentado é referente a uma unidade. O valor total será calculado após envio da encomenda, estando&nbsp; dependente da quantidade mínima obrigatória. <span><span>Preços válidos salvo ruptura de stock, erro tipográfico ou fotográfico.</span></span></p>
",,,,,,,,,,,,,,,HARDMAN,110012,General Tools,Tools for The Workshop and Garage\General Tools,2025-06-27T13:51:14.646479
product_f774c74e-4625-47bc-d3f7-29272c6e0360,Product,Machado N°3,<p>Cor:&nbsp; Melalizado</p><p>Material: Metal</p><p>Embalagem: stiker</p><p>Quantidade mínima de compra 1 unidade</p><p>Preço especial na compra de quantidades maiores</p><p>&nbsp;</p><p>&nbsp;</p>,55dd72_6b0fb36b0d56435096f7c3d58b56ec39~mv2.jpg,,,,16,,FALSE,PERCENT,0,InStock,,,Medidas,DROP_DOWN,Nº3 180X130X50cm - MC0309,,,,,,,,,,,,,,,,INFORMAÇÕES DO PRODUTO,"<p>NACIONAL</p>
",ENCOMENDA,"<p>O preço apresentado é referente a uma unidade. O valor total será calculado após envio da encomenda, estando&nbsp; dependente da quantidade mínima obrigatória. <span><span>Preços válidos salvo ruptura de stock, erro tipográfico ou fotográfico.</span></span></p>
",,,,,,,,,,,,,,,HARDMAN,110012,General Tools,Tools for The Workshop and Garage\General Tools,2025-06-27T13:51:14.646718
product_bab9ab87-aa82-f817-8ab9-52fbefc0a61c,Product,Machado Sul,<p>Cor:&nbsp; Melalizado</p><p>Material: Metal</p><p>Embalagem: stiker</p><p>Quantidade mínima de compra 1 unidade</p><p>Preço especial na compra de quantidades maiores</p><p>&nbsp;</p><p>&nbsp;</p>,55dd72_acdddef3e6d14523b0829946fee36c2f~mv2.jpg,,,,22,,FALSE,PERCENT,0,InStock,,,Medidas,DROP_DOWN,Nº0 130x120x40cm - MC0300;Nº1 150X140X45cm - MC0301;Nº2 165x150x50cm - MC0302;Nº3 180x155x55cm - MC0303;Nº4 190X155x60cm - MC0304;Nº5 205x155x65cm - MC0305´,,,,,,,,,,,,,,,,INFORMAÇÕES DO PRODUTO,"<p>NACIONAL</p>
",ENCOMENDA,"<p>O preço apresentado é referente a uma unidade. O valor total será calculado após envio da encomenda, estando&nbsp; dependente da quantidade mínima obrigatória. <span><span>Preços válidos salvo ruptura de stock, erro tipográfico ou fotográfico.</span></span></p>
",,,,,,,,,,,,,,,HARDMAN,110012,General Tools,Tools for The Workshop and Garage\General Tools,2025-06-27T13:51:14.646781
product_ff42facd-09e7-4a2c-6266-c20d8a07a068,Product,Machadinha Rola,<p>Cor:&nbsp; Melalizado</p><p>Material: Metal</p><p>Embalagem: stiker</p><p>Quantidade mínima de compra 1 unidade</p><p>Preço especial na compra de quantidades maiores</p><p>&nbsp;</p><p>&nbsp;</p>,55dd72_98eb6ca63cdc4afb80004e6b71bf0c5e~mv2.jpg,,,,12.4,,FALSE,PERCENT,0,InStock,,,Medidas,DROP_DOWN,N°3- 140x140x55- MC0805;N°2- 125x125x50 -MC0804;N°1 - 115x115x40 -MC0803;N°0 - 110x110x40- MC0802;N°2/0 - 100x100x35- MC0801;3/0 - 90x90x35- MC0800,,,,,,,,,,,,,,,,INFORMAÇÕES DO PRODUTO,"<p>NACIONAL</p>
",ENCOMENDA,"<p>O preço apresentado é referente a uma unidade. O valor total será calculado após envio da encomenda, estando&nbsp; dependente da quantidade mínima obrigatória. <span><span>Preços válidos salvo ruptura de stock, erro tipográfico ou fotográfico.</span></span></p>
",,,,,,,,,,,,,,,HARDMAN,110012,General Tools,Tools for The Workshop and Garage\General Tools,2025-06-27T13:51:14.646827
product_ff42facd-09e7-4a2c-6266-c20d8a07a068,Variant,,,,,,,,0.8,TRUE,,,InStock,,,,,N°2/0 - 100x100x35- MC0801,,,,,,,,,,,,,,,,,,,,,,,,,,,,,,,,,,,,,,
product_ff42facd-09e7-4a2c-6266-c20d8a07a068,Variant,,,,,,,,1.9,TRUE,,,InStock,,,,,N°1 - 115x115x40 -MC0803,,,,,,,,,,,,,,,,,,,,,,,,,,,,,,,,,,,,,,
product_ff42facd-09e7-4a2c-6266-c20d8a07a068,Variant,,,,,,,,,TRUE,,,InStock,,,,,3/0 - 90x90x35- MC0800,,,,,,,,,,,,,,,,,,,,,,,,,,,,,,,,,,,,,,
product_ff42facd-09e7-4a2c-6266-c20d8a07a068,Variant,,,,,,,,2.4,TRUE,,,InStock,,,,,N°2- 125x125x50 -MC0804,,,,,,,,,,,,,,,,,,,,,,,,,,,,,,,,,,,,,,
product_ff42facd-09e7-4a2c-6266-c20d8a07a068,Variant,,,,,,,,3.5,TRUE,,,InStock,,,,,N°3- 140x140x55- MC0805,,,,,,,,,,,,,,,,,,,,,,,,,,,,,,,,,,,,,,
product_ff42facd-09e7-4a2c-6266-c20d8a07a068,Variant,,,,,,,,1.4,TRUE,,,InStock,,,,,N°0 - 110x110x40- MC0802,,,,,,,,,,,,,,,,,,,,,,,,,,,,,,,,,,,,,,
product_0c5d8300-1c0c-a18a-ed3d-419baffa07d8,Product,Machadinha Falca,<p>Cor:&nbsp; Melalizado</p><p>Material: Metal</p><p>Embalagem: stiker</p><p>Quantidade mínima de compra 1 unidade</p><p>Preço especial na compra de quantidades maiores</p><p>&nbsp;</p><p>&nbsp;</p>,55dd72_45d7fa678e924017a12bfc67e8c18cd0~mv2.jpg,,,,11.9,,FALSE,PERCENT,0,InStock,,,Medidas,DROP_DOWN,N°3 -135x155x20 -MC0403;N°2 - 120X125X20 -MC0402;N°1 -110x115x20 -MC0401;N°0 -100x90x18 -MC0400,,,,,,,,,,,,,,,,INFORMAÇÕES DO PRODUTO,"<p>NACIONAL</p>
",ENCOMENDA,"<p>O preço apresentado é referente a uma unidade. O valor total será calculado após envio da encomenda, estando&nbsp; dependente da quantidade mínima obrigatória. <span><span>Preços válidos salvo ruptura de stock, erro tipográfico ou fotográfico.</span></span></p>
",,,,,,,,,,,,,,,HARDMAN,110012,General Tools,Tools for The Workshop and Garage\General Tools,2025-06-27T13:51:14.647002
product_0c5d8300-1c0c-a18a-ed3d-419baffa07d8,Variant,,,,,,,,0.5,TRUE,,,InStock,,,,,N°1 -110x115x20 -MC0401,,,,,,,,,,,,,,,,,,,,,,,,,,,,,,,,,,,,,,
product_0c5d8300-1c0c-a18a-ed3d-419baffa07d8,Variant,,,,,,,,1,TRUE,,,InStock,,,,,N°2 - 120X125X20 -MC0402,,,,,,,,,,,,,,,,,,,,,,,,,,,,,,,,,,,,,,
product_0c5d8300-1c0c-a18a-ed3d-419baffa07d8,Variant,,,,,,,,1.6,TRUE,,,InStock,,,,,N°3 -135x155x20 -MC0403,,,,,,,,,,,,,,,,,,,,,,,,,,,,,,,,,,,,,,
product_0c5d8300-1c0c-a18a-ed3d-419baffa07d8,Variant,,,,,,,,,TRUE,,,InStock,,,,,N°0 -100x90x18 -MC0400,,,,,,,,,,,,,,,,,,,,,,,,,,,,,,,,,,,,,,
product_e49f9c56-6e28-8985-ecae-5753d63cab27,Product,Machadinha Limpeza,<p>Cor:&nbsp; Melalizado</p><p>Material: Metal</p><p>Embalagem: stiker</p><p>Quantidade mínima de compra 1 unidade</p><p>Preço especial na compra de quantidades maiores</p><p>&nbsp;</p><p>&nbsp;</p>,55dd72_5cbfad4927e642d9bb8a19e4519008da~mv2.jpg,,,,11.9,,FALSE,PERCENT,0,InStock,,,Medidas,DROP_DOWN,N°3 -160x120x28 -MC0503;N°2 -145x115x28 -MC0502;N°1 -135x110x23 -MC0501;N°0 -125x95x20 -MC0500,,,,,,,,,,,,,,,,INFORMAÇÕES DO PRODUTO,"<p>NACIONAL</p>
",ENCOMENDA,"<p>O preço apresentado é referente a uma unidade. O valor total será calculado após envio da encomenda, estando&nbsp; dependente da quantidade mínima obrigatória. <span><span>Preços válidos salvo ruptura de stock, erro tipográfico ou fotográfico.</span></span></p>
",,,,,,,,,,,,,,,HARDMAN,110012,General Tools,Tools for The Workshop and Garage\General Tools,2025-06-27T13:51:14.647121
product_e49f9c56-6e28-8985-ecae-5753d63cab27,Variant,,,,,,,,1,TRUE,,,InStock,,,,,N°2 -145x115x28 -MC0502,,,,,,,,,,,,,,,,,,,,,,,,,,,,,,,,,,,,,,
product_e49f9c56-6e28-8985-ecae-5753d63cab27,Variant,,,,,,,,1.6,TRUE,,,InStock,,,,,N°3 -160x120x28 -MC0503,,,,,,,,,,,,,,,,,,,,,,,,,,,,,,,,,,,,,,
product_e49f9c56-6e28-8985-ecae-5753d63cab27,Variant,,,,,,,,,TRUE,,,InStock,,,,,N°0 -125x95x20 -MC0500,,,,,,,,,,,,,,,,,,,,,,,,,,,,,,,,,,,,,,
product_e49f9c56-6e28-8985-ecae-5753d63cab27,Variant,,,,,,,,0.5,TRUE,,,InStock,,,,,N°1 -135x110x23 -MC0501,,,,,,,,,,,,,,,,,,,,,,,,,,,,,,,,,,,,,,
product_a6961558-a230-3bbf-9f75-3b452cd1c68f,Product,Machadinha com Unhas,<p>Cor:&nbsp; Melalizado</p><p>Material: Metal</p><p>Embalagem: stiker</p><p>Quantidade mínima de compra 1 unidade</p><p>Preço especial na compra de quantidades maiores</p><p>&nbsp;</p><p>&nbsp;</p>,55dd72_1877edb381694d0d9164ea39781be938~mv2.jpg,,,,17.4,,TRUE,PERCENT,0,InStock,,,Medidas,DROP_DOWN,180x120x45cm - MC0900,,,,,,,,,,,,,,,,INFORMAÇÕES DO PRODUTO,"<p>NACIONAL</p>
",ENCOMENDA,"<p>O preço apresentado é referente a uma unidade. O valor total será calculado após envio da encomenda, estando&nbsp; dependente da quantidade mínima obrigatória. <span><span>Preços válidos salvo ruptura de stock, erro tipográfico ou fotográfico.</span></span></p>
",,,,,,,,,,,,,,,HARDMAN,110012,General Tools,Tools for The Workshop and Garage\General Tools,2025-06-27T13:51:14.647297
product_a6961558-a230-3bbf-9f75-3b452cd1c68f,Variant,,,,,,,,,TRUE,,,InStock,,,,,180x120x45cm - MC0900,,,,,,,,,,,,,,,,,,,,,,,,,,,,,,,,,,,,,,
product_db597651-daeb-c5c2-4f97-6da870ab5dec,Product,Machadinha com Martelo,<p>Cor:&nbsp; Melalizado</p><p>Material: Metal</p><p>Embalagem: stiker</p><p>Quantidade mínima de compra 1 unidade</p><p>Preço especial na compra de quantidades maiores</p><p>&nbsp;</p><p>&nbsp;</p>,55dd72_a5e6c42371cd4267836e1e2ee9a5bea8~mv2.jpg,,,,14.9,,TRUE,PERCENT,0,InStock,,,Medidas,DROP_DOWN,190x110x25cm - MC0700,,,,,,,,,,,,,,,,INFORMAÇÕES DO PRODUTO,"<p>NACIONAL</p>
",ENCOMENDA,"<p>O preço apresentado é referente a uma unidade. O valor total será calculado após envio da encomenda, estando&nbsp; dependente da quantidade mínima obrigatória. <span><span>Preços válidos salvo ruptura de stock, erro tipográfico ou fotográfico.</span></span></p>
",,,,,,,,,,,,,,,HARDMAN,110012,General Tools,Tools for The Workshop and Garage\General Tools,2025-06-27T13:51:14.647550
product_db597651-daeb-c5c2-4f97-6da870ab5dec,Variant,,,,,,,,,TRUE,,,InStock,,,,,190x110x25cm - MC0700,,,,,,,,,,,,,,,,,,,,,,,,,,,,,,,,,,,,,,
product_c620c756-660f-790d-f0de-4269f7596aaf,Product,Machadinha Rola com cabo,<p>Cor:&nbsp; Melalizado</p><p>Material: Metal</p><p>Embalagem: stiker</p><p>Quantidade mínima de compra 1 unidade</p><p>Preço especial na compra de quantidades maiores</p><p>&nbsp;</p><p>&nbsp;</p>,55dd72_2c9211f84bc148098545ea5efa147349~mv2.jpg,,,,14,,TRUE,PERCENT,0,InStock,,,Medidas,DROP_DOWN,N°3/0 -90×90×35 -MC0800C;N°2/0 -100×100×35 -MC0801C;N°0 -110×110×40 -MC0802c7;N°1 -115×115×40 -MC0803C7;N°2 -125×125×50 -MC0804C7;N°3 -140x140x55 -MC0805C7,,,,,,,,,,,,,,,,INFORMAÇÕES DO PRODUTO,"<p>NACIONAL</p>
",ENCOMENDA,"<p>O preço apresentado é referente a uma unidade. O valor total será calculado após envio da encomenda, estando&nbsp; dependente da quantidade mínima obrigatória. <span><span>Preços válidos salvo ruptura de stock, erro tipográfico ou fotográfico.</span></span></p>
",,,,,,,,,,,,,,,HARDMAN,110010,Cables and Extensions,Tools for Electricians\Cables and Extensions,2025-06-27T13:51:14.647666
product_c620c756-660f-790d-f0de-4269f7596aaf,Variant,,,,,,,,4,TRUE,,,InStock,,,,,N°2 -125×125×50 -MC0804C7,,,,,,,,,,,,,,,,,,,,,,,,,,,,,,,,,,,,,,
product_c620c756-660f-790d-f0de-4269f7596aaf,Variant,,,,,,,,1.4,TRUE,,,InStock,,,,,N°0 -110×110×40 -MC0802c7,,,,,,,,,,,,,,,,,,,,,,,,,,,,,,,,,,,,,,
product_c620c756-660f-790d-f0de-4269f7596aaf,Variant,,,,,,,,5.5,TRUE,,,InStock,,,,,N°3 -140x140x55 -MC0805C7,,,,,,,,,,,,,,,,,,,,,,,,,,,,,,,,,,,,,,
product_c620c756-660f-790d-f0de-4269f7596aaf,Variant,,,,,,,,0.8,TRUE,,,InStock,,,,,N°2/0 -100×100×35 -MC0801C,,,,,,,,,,,,,,,,,,,,,,,,,,,,,,,,,,,,,,
product_c620c756-660f-790d-f0de-4269f7596aaf,Variant,,,,,,,,,TRUE,,,InStock,,,,,N°3/0 -90×90×35 -MC0800C,,,,,,,,,,,,,,,,,,,,,,,,,,,,,,,,,,,,,,
product_c620c756-660f-790d-f0de-4269f7596aaf,Variant,,,,,,,,3,TRUE,,,InStock,,,,,N°1 -115×115×40 -MC0803C7,,,,,,,,,,,,,,,,,,,,,,,,,,,,,,,,,,,,,,
product_3918b41f-e45b-6077-3a16-eef644c7f413,Product,Machadinha Lisa com Cabo,<p>Cor:&nbsp; Melalizado</p><p>Material: Metal</p><p>Embalagem: stiker</p><p>Quantidade mínima de compra 1 unidade</p><p>Preço especial na compra de quantidades maiores</p><p>&nbsp;</p><p>&nbsp;</p>,55dd72_2c9211f84bc148098545ea5efa147349~mv2.jpg,,,,13.8,,TRUE,PERCENT,0,InStock,,,Medidas,DROP_DOWN,N°1 - 100x100x35 - MC0601;N°2- 115x115x35 - MC0602,,,,,,,,,,,,,,,,INFORMAÇÕES DO PRODUTO,"<p>NACIONAL</p>
",ENCOMENDA,"<p>O preço apresentado é referente a uma unidade. O valor total será calculado após envio da encomenda, estando&nbsp; dependente da quantidade mínima obrigatória. <span><span>Preços válidos salvo ruptura de stock, erro tipográfico ou fotográfico.</span></span></p>
",,,,,,,,,,,,,,,HARDMAN,110010,Cables and Extensions,Tools for Electricians\Cables and Extensions,2025-06-27T13:51:14.647862
product_3918b41f-e45b-6077-3a16-eef644c7f413,Variant,,,,,,,,,TRUE,,,InStock,,,,,N°1 - 100x100x35 - MC0601,,,,,,,,,,,,,,,,,,,,,,,,,,,,,,,,,,,,,,
product_3918b41f-e45b-6077-3a16-eef644c7f413,Variant,,,,,,,,1.7,TRUE,,,InStock,,,,,N°2- 115x115x35 - MC0602,,,,,,,,,,,,,,,,,,,,,,,,,,,,,,,,,,,,,,
product_f7d424e4-014c-b45c-0f52-5e6dab9cc3e5,Product,Machadinha Poda com Cabo ( + pequeno),<p>Cor:&nbsp; Melalizado</p><p>Material: Metal</p><p>Embalagem: stiker</p><p>Quantidade mínima de compra 1 unidade</p><p>Preço especial na compra de quantidades maiores</p><p>&nbsp;</p><p>&nbsp;</p>,55dd72_2c9211f84bc148098545ea5efa147349~mv2.jpg,,,,11.2,,TRUE,PERCENT,0,InStock,,,Medidas,DROP_DOWN,80x75x25cm - MC1100,,,,,,,,,,,,,,,,INFORMAÇÕES DO PRODUTO,"<p>NACIONAL</p>
",ENCOMENDA,"<p>O preço apresentado é referente a uma unidade. O valor total será calculado após envio da encomenda, estando&nbsp; dependente da quantidade mínima obrigatória. <span><span>Preços válidos salvo ruptura de stock, erro tipográfico ou fotográfico.</span></span></p>
",,,,,,,,,,,,,,,HARDMAN,110010,Cables and Extensions,Tools for Electricians\Cables and Extensions,2025-06-27T13:51:14.647953
product_f7d424e4-014c-b45c-0f52-5e6dab9cc3e5,Variant,,,,,,,,,TRUE,,,InStock,,,,,80x75x25cm - MC1100,,,,,,,,,,,,,,,,,,,,,,,,,,,,,,,,,,,,,,
product_b5d5d55a-a90e-58f9-6389-bd5833649152,Product,Parka impermeável Reflector ,<p>Ajuste de fecho e velcro na aba; Dois bolsos nas laterais em velcro e bolso no peito para telemóvel e bolsos para cartão identificador; Elástico nas mangas ; ajuste de punho em velcro; carapuço Certificado: EN ISO 20471:2013; EN ISO 343:2003</p><p></p><p>Carateristicas:</p><p></p><p>Composição : Poliester/PU</p><p></p><p>Interior : Forro em tecido tafetá sem acolchoamento</p><p></p><p></p>,88efbe_9e772bc878a949eeb152bbb36c3000ac~mv2.jpg;88efbe_2a24c36e86884222984b982fbe851df1~mv2.jpg,,,,16.45,,TRUE,PERCENT,0,InStock,,,Medidas,DROP_DOWN,2XL;XL;L;M,,,,,,,,,,,,,,,,,,,,,,,,,,,,,,,,,,,110003,Protective Clothing,Health and Safety Articles\Protective Clothing,2025-06-27T13:51:14.648176
product_dccfde0b-4346-d3db-8525-37800155245b,Product,T - Shirt 155 grs - todas as cores,<p>T-shirt 100% Algodão</p><p></p><p>Carateristicas:</p><p></p><p>Composição : 100% Algodão</p><p></p><p>Gramagem : 150/155gr</p><p></p><p>Mais cores disponíveis</p>,88efbe_e45db86ec75d486483f510b31dc04e0d~mv2.jpg,Proteção e Segurança,,,1.99,,TRUE,PERCENT,0,InStock,,,Medidas,DROP_DOWN,Cinza;Castanho;Laranja;Branca;Amarelo;Verde;Vermelho;Azul,,,,,,,,,,,,,,,,,,,,,,,,,,,,,,,,,,,110012,General Tools,Tools for The Workshop and Garage\General Tools,2025-06-27T13:51:14.648707
product_3f27480a-4303-33d9-fb98-afb63245a380,Product,Calça Multibolsos reflectora Azul ou Cinza,<p>Calça com 2 faixas refletoras; Corte reto; 4 bolsos nas laterais com fecho em velcro; 1 bolso traseiro com botão</p><p></p><p>Carateristicas:</p><p></p><p>Material : Sarja</p><p></p><p>Gramagem : 200 gr.</p><p></p><p>Composição : 65% Poliéster 35% Algodão</p><p></p><p></p>,88efbe_83137e69d691458194e85057dbcda6d4~mv2.jpg,Proteção e Segurança,,,11.5,,TRUE,PERCENT,0,InStock,,,Medidas,DROP_DOWN,Cinza - 2XL;Cinza - XL;Cinza - L;Cinza -M;Cinza - S;Azul - 2XL;Azul - XL;Azul - L;Azul - S;Azul - M,,,,,,,,,,,,,,,,,,,,,,,,,,,,,,,,,,,110003,Protective Clothing,Health and Safety Articles\Protective Clothing,2025-06-27T13:51:14.648742
product_9d14bca8-42ce-44d5-c7c1-fd8bdb1c645b,Product,Sapato pele preta S1P biqueira e palmilha em Aço ,<p>Sapato S1P de proteção; Biqueira de aço; Palmilha de aço; Sola resistente a fogo e óleo; Resistência a ácidos; Anti-estático e anti-derrapante; Tacão resistente ao choque</p>,88efbe_42ca21b9ce97406bb0b40dbbbc16ad47~mv2.jpg,Proteção e Segurança,,,13.99,,TRUE,PERCENT,0,InStock,,,Medidas,DROP_DOWN,46- A970246;45- A970245;44- A970244;43- A970243;42- A970242;41- A970241;40- A970240;39- A970239,,,,,,,,,,,,,,,,,,,,,,,,,,,,,,,,,,,110012,General Tools,Tools for The Workshop and Garage\General Tools,2025-06-27T13:51:14.648779
product_1ddbf538-8759-e321-aaaf-ab871b906031,Product,Sapato de Camurça S1P biqueira e Palmilha em Aço ,<p>Sapato S1P em camurça perfurado; Biqueira de aço; Palmilha de aço; Sola resistente a fogo e óleo; Resistência a ácidos; Anti-estático e anti-derrapante; Tacão resistente ao choque</p>,88efbe_84d8b1bd7e954fd08b7d05cbf25607e7~mv2.jpg,Proteção e Segurança,,,14.75,,TRUE,PERCENT,0,InStock,,,Medidas,DROP_DOWN,46- A970146;45- A970145;44- A970144;43- A970143;42- A970142;41- A970141;40- A970140;39- A970139,,,,,,,,,,,,,,,,,,,,,,,,,,,,,,,,,,,110012,General Tools,Tools for The Workshop and Garage\General Tools,2025-06-27T13:51:14.648813
product_b99329e5-26f7-38fd-c23a-46ed155c5488,Product,Alvião Poda,<p>Cor:&nbsp; Melalizado</p><p>Material: Metal</p><p>Embalagem: stiker</p><p>Quantidade mínima de compra 1 unidade</p><p>Preço especial na compra de quantidades maiores</p><p>&nbsp;</p><p>&nbsp;</p>,55dd72_3bc0bb3e8ce14ced8b3dc2cd18d88aef~mv2.jpg,,,,10.2,,FALSE,PERCENT,0,InStock,,,Medidas,DROP_DOWN,Nº5 210X60X70cm - A01811;Nº4 220X65X75cm - A01810;Nº3 260X75X80cm - A01809;Nº2 275x80x85cm - A01808,,,,,,,,,,,,,,,,INFORMAÇÕES DO PRODUTO,"<p>NACIONAL</p>
",ENCOMENDA,"<p>O preço apresentado é referente a uma unidade. O valor total será calculado após envio da encomenda, estando&nbsp; dependente da quantidade mínima obrigatória. <span><span>Preços válidos salvo ruptura de stock, erro tipográfico ou fotográfico.</span></span></p>
",,,,,,,,,,,,,,,HARDMAN,110012,General Tools,Tools for The Workshop and Garage\General Tools,2025-06-27T13:51:14.648848
product_b99329e5-26f7-38fd-c23a-46ed155c5488,Variant,,,,,,,,0.45,TRUE,,,InStock,,,,,Nº4 220X65X75cm - A01810,,,,,,,,,,,,,,,,,,,,,,,,,,,,,,,,,,,,,,
product_b99329e5-26f7-38fd-c23a-46ed155c5488,Variant,,,,,,,,1.4,TRUE,,,InStock,,,,,Nº2 275x80x85cm - A01808,,,,,,,,,,,,,,,,,,,,,,,,,,,,,,,,,,,,,,
product_b99329e5-26f7-38fd-c23a-46ed155c5488,Variant,,,,,,,,,TRUE,,,InStock,,,,,Nº5 210X60X70cm - A01811,,,,,,,,,,,,,,,,,,,,,,,,,,,,,,,,,,,,,,
product_b99329e5-26f7-38fd-c23a-46ed155c5488,Variant,,,,,,,,0.7,TRUE,,,InStock,,,,,Nº3 260X75X80cm - A01809,,,,,,,,,,,,,,,,,,,,,,,,,,,,,,,,,,,,,,
product_8a49716f-1ed5-91b7-813c-aea412d42e6e,Product,Gancho / Forquilha Francesa 4 dentes,<p>Cor:&nbsp; Melalizado</p><p>Material: Metal</p><p>Embalagem: stiker</p><p>Quantidade mínima de compra 1 unidade</p><p>Preço especial na compra de quantidades maiores</p><p>&nbsp;</p><p>&nbsp;</p>,55dd72_0ef6325557994c069722e68ab8e2190d~mv2.jpg,,,,21.6,,FALSE,PERCENT,0,InStock,,,Medidas,DROP_DOWN,4 dentes 260x200x180cm - FQ0005,,,,,,,,,,,,,,,,INFORMAÇÕES DO PRODUTO,"<p>NACIONAL</p>
",ENCOMENDA,"<p>O preço apresentado é referente a uma unidade. O valor total será calculado após envio da encomenda, estando&nbsp; dependente da quantidade mínima obrigatória. <span><span>Preços válidos salvo ruptura de stock, erro tipográfico ou fotográfico.</span></span></p>
",,,,,,,,,,,,,,,HARDMAN,110012,General Tools,Tools for The Workshop and Garage\General Tools,2025-06-27T13:51:14.648950
product_8a49716f-1ed5-91b7-813c-aea412d42e6e,Variant,,,,,,,,,TRUE,,,InStock,,,,,4 dentes 260x200x180cm - FQ0005,,,,,,,,,,,,,,,,,,,,,,,,,,,,,,,,,,,,,,
product_3dcd19f2-4090-c523-827b-5c217c3f5657,Product,Forquilha com cabo metálico,<p>Cor:&nbsp; Melalizado</p><p>Material: Metal</p><p>Embalagem: stiker</p><p>Quantidade mínima de compra 1 unidade</p><p>Preço especial na compra de quantidades maiores</p><p>&nbsp;</p><p>&nbsp;</p>,55dd72_76c880ed2e9348da8272962ab206ffcb~mv2.jpg;88efbe_cc32558286ad402782216a7f15f0ab66~mv2.jpg,,,,20.5,,FALSE,PERCENT,0,InStock,,,Medidas,DROP_DOWN,4 dentes 330x220x180cm - FQ0200;5 dentes 330x260x220cm - FQ0201;6 dentes 330x320x270cm - FQ0202;7 dentes 330x320x270cm - FQ0203;8 dentes 330x320x270cm - FQ0204,,,,,,,,,,,,,,,,INFORMAÇÕES DO PRODUTO,"<p>NACIONAL</p>
",ENCOMENDA,"<p>O preço apresentado é referente a uma unidade. O valor total será calculado após envio da encomenda, estando&nbsp; dependente da quantidade mínima obrigatória. <span><span>Preços válidos salvo ruptura de stock, erro tipográfico ou fotográfico.</span></span></p>
",,,,,,,,,,,,,,,HARDMAN,110010,Cables and Extensions,Tools for Electricians\Cables and Extensions,2025-06-27T13:51:14.649074
product_3dcd19f2-4090-c523-827b-5c217c3f5657,Variant,,,,,,,,0.8,TRUE,,,InStock,,,,,5 dentes 330x260x220cm - FQ0201,,,,,,,,,,,,,,,,,,,,,,,,,,,,,,,,,,,,,,
product_3dcd19f2-4090-c523-827b-5c217c3f5657,Variant,,,,,,,,,TRUE,,,InStock,,,,,4 dentes 330x220x180cm - FQ0200,,,,,,,,,,,,,,,,,,,,,,,,,,,,,,,,,,,,,,
product_3dcd19f2-4090-c523-827b-5c217c3f5657,Variant,,,,,,,,4.1,TRUE,,,InStock,,,,,7 dentes 330x320x270cm - FQ0203,,,,,,,,,,,,,,,,,,,,,,,,,,,,,,,,,,,,,,
product_3dcd19f2-4090-c523-827b-5c217c3f5657,Variant,,,,,,,,7.5,TRUE,,,InStock,,,,,8 dentes 330x320x270cm - FQ0204,,,,,,,,,,,,,,,,,,,,,,,,,,,,,,,,,,,,,,
product_3dcd19f2-4090-c523-827b-5c217c3f5657,Variant,,,,,,,,2.1,TRUE,,,InStock,,,,,6 dentes 330x320x270cm - FQ0202,,,,,,,,,,,,,,,,,,,,,,,,,,,,,,,,,,,,,,
product_e2f72d7f-e3bb-1b83-cb69-63cef242f0f9,Product,Forquilha com cabo madeira,<p>Cor:&nbsp; Melalizado</p><p>Material: Metal</p><p>Embalagem: stiker</p><p>Quantidade mínima de compra 1 unidade</p><p>Preço especial na compra de quantidades maiores</p><p>&nbsp;</p><p>&nbsp;</p>,55dd72_0fbc4d009261449a96a0727561b8b78b~mv2.jpg,,,,21,,FALSE,PERCENT,0,InStock,,,Medidas,DROP_DOWN,4 dentes 300x220x180cm - FQ0100;5 dentes 330x260x220cm - FQ0101;6 dentes 330x320x270cm - FQ0102;7 dentes 300x260x220cm - FQ0103;9 dentes 330x320x270cm - FQ0104,,,,,,,,,,,,,,,,INFORMAÇÕES DO PRODUTO,"<p>NACIONAL</p>
",ENCOMENDA,"<p>O preço apresentado é referente a uma unidade. O valor total será calculado após envio da encomenda, estando&nbsp; dependente da quantidade mínima obrigatória. <span><span>Preços válidos salvo ruptura de stock, erro tipográfico ou fotográfico.</span></span></p>
",,,,,,,,,,,,,,,HARDMAN,110010,Cables and Extensions,Tools for Electricians\Cables and Extensions,2025-06-27T13:51:14.649212
product_e2f72d7f-e3bb-1b83-cb69-63cef242f0f9,Variant,,,,,,,,8.1,TRUE,,,InStock,,,,,9 dentes 330x320x270cm - FQ0104,,,,,,,,,,,,,,,,,,,,,,,,,,,,,,,,,,,,,,
product_e2f72d7f-e3bb-1b83-cb69-63cef242f0f9,Variant,,,,,,,,0.8,TRUE,,,InStock,,,,,5 dentes 330x260x220cm - FQ0101,,,,,,,,,,,,,,,,,,,,,,,,,,,,,,,,,,,,,,
product_e2f72d7f-e3bb-1b83-cb69-63cef242f0f9,Variant,,,,,,,,,TRUE,,,InStock,,,,,4 dentes 300x220x180cm - FQ0100,,,,,,,,,,,,,,,,,,,,,,,,,,,,,,,,,,,,,,
product_e2f72d7f-e3bb-1b83-cb69-63cef242f0f9,Variant,,,,,,,,2.1,TRUE,,,InStock,,,,,6 dentes 330x320x270cm - FQ0102,,,,,,,,,,,,,,,,,,,,,,,,,,,,,,,,,,,,,,
product_e2f72d7f-e3bb-1b83-cb69-63cef242f0f9,Variant,,,,,,,,4.1,TRUE,,,InStock,,,,,7 dentes 300x260x220cm - FQ0103,,,,,,,,,,,,,,,,,,,,,,,,,,,,,,,,,,,,,,
product_3b93872e-b349-da36-f2ec-08ead967c891,Product,Forquilha olho redondo,<p>Cor:&nbsp; Melalizado</p><p>Material: Metal</p><p>Embalagem: stiker</p><p>Quantidade mínima de compra 1 unidade</p><p>Preço especial na compra de quantidades maiores</p><p>&nbsp;</p><p>&nbsp;</p>,55dd72_87081ac5fe854b4aa8ccfbfec72f83d8~mv2.jpg,,,,16.7,,FALSE,PERCENT,0,InStock,,,Medidas,DROP_DOWN,5 dentes 200x240x220cm - FQ0900;6 dentes 200x290x270cm - FQ0901,,,,,,,,,,,,,,,,INFORMAÇÕES DO PRODUTO,"<p>NACIONAL</p>
",ENCOMENDA,"<p>O preço apresentado é referente a uma unidade. O valor total será calculado após envio da encomenda, estando&nbsp; dependente da quantidade mínima obrigatória. <span><span>Preços válidos salvo ruptura de stock, erro tipográfico ou fotográfico.</span></span></p>
",,,,,,,,,,,,,,,HARDMAN,110012,General Tools,Tools for The Workshop and Garage\General Tools,2025-06-27T13:51:14.649384
product_3b93872e-b349-da36-f2ec-08ead967c891,Variant,,,,,,,,,TRUE,,,InStock,,,,,5 dentes 200x240x220cm - FQ0900,,,,,,,,,,,,,,,,,,,,,,,,,,,,,,,,,,,,,,
product_3b93872e-b349-da36-f2ec-08ead967c891,Variant,,,,,,,,1.4,TRUE,,,InStock,,,,,6 dentes 200x290x270cm - FQ0901,,,,,,,,,,,,,,,,,,,,,,,,,,,,,,,,,,,,,,
product_1c61dd84-5b25-7baf-2834-16a14ca46cde,Product,Forquilha curva mini- dente torneado,<p>Cor:&nbsp; Melalizado</p><p>Material: Metal</p><p>Embalagem: stiker</p><p>Quantidade mínima de compra 1 unidade</p><p>Preço especial na compra de quantidades maiores</p><p>&nbsp;</p><p>&nbsp;</p>,55dd72_97b5f1567b4d4a0f83801308f845f0c3~mv2.jpg,,,,11.6,,FALSE,PERCENT,0,InStock,,,Medidas,DROP_DOWN,4 dentes 130x140x130cm - FQ0400;5 dentes 130x190x180cm - FQ0401;6 dentes 130x190x180cm -FQ0402,,,,,,,,,,,,,,,,INFORMAÇÕES DO PRODUTO,"<p>NACIONAL</p>
",ENCOMENDA,"<p>O preço apresentado é referente a uma unidade. O valor total será calculado após envio da encomenda, estando&nbsp; dependente da quantidade mínima obrigatória. <span><span>Preços válidos salvo ruptura de stock, erro tipográfico ou fotográfico.</span></span></p>
",,,,,,,,,,,,,,,HARDMAN,110012,General Tools,Tools for The Workshop and Garage\General Tools,2025-06-27T13:51:14.649542
product_1c61dd84-5b25-7baf-2834-16a14ca46cde,Variant,,,,,,,,,TRUE,,,InStock,,,,,4 dentes 130x140x130cm - FQ0400,,,,,,,,,,,,,,,,,,,,,,,,,,,,,,,,,,,,,,
product_1c61dd84-5b25-7baf-2834-16a14ca46cde,Variant,,,,,,,,1.6,TRUE,,,InStock,,,,,6 dentes 130x190x180cm -FQ0402,,,,,,,,,,,,,,,,,,,,,,,,,,,,,,,,,,,,,,
product_1c61dd84-5b25-7baf-2834-16a14ca46cde,Variant,,,,,,,,0.5,TRUE,,,InStock,,,,,5 dentes 130x190x180cm - FQ0401,,,,,,,,,,,,,,,,,,,,,,,,,,,,,,,,,,,,,,
product_15fa6e21-5a06-dabf-a020-9b20d439e128,Product,Forquilha curva,<p>Cor:&nbsp; Melalizado</p><p>Material: Metal</p><p>Embalagem: stiker</p><p>Quantidade mínima de compra 1 unidade</p><p>Preço especial na compra de quantidades maiores</p><p>&nbsp;</p><p>&nbsp;</p>,55dd72_a82c8aee523a4a12acfacfab12978ab4~mv2.jpg,,,,16.7,,FALSE,PERCENT,0,InStock,,,Medidas,DROP_DOWN,4 dentes 220x210x180cm - FQ0300;5 dentes 220x250x220cm - FQ0301;6 dentes 220x300x270cm - FQ0302,,,,,,,,,,,,,,,,INFORMAÇÕES DO PRODUTO,"<p>NACIONAL</p>
",ENCOMENDA,"<p>O preço apresentado é referente a uma unidade. O valor total será calculado após envio da encomenda, estando&nbsp; dependente da quantidade mínima obrigatória. <span><span>Preços válidos salvo ruptura de stock, erro tipográfico ou fotográfico.</span></span></p>
",,,,,,,,,,,,,,,HARDMAN,110012,General Tools,Tools for The Workshop and Garage\General Tools,2025-06-27T13:51:14.649622
product_15fa6e21-5a06-dabf-a020-9b20d439e128,Variant,,,,,,,,1.4,TRUE,,,InStock,,,,,6 dentes 220x300x270cm - FQ0302,,,,,,,,,,,,,,,,,,,,,,,,,,,,,,,,,,,,,,
product_15fa6e21-5a06-dabf-a020-9b20d439e128,Variant,,,,,,,,,TRUE,,,InStock,,,,,5 dentes 220x250x220cm - FQ0301,,,,,,,,,,,,,,,,,,,,,,,,,,,,,,,,,,,,,,
product_15fa6e21-5a06-dabf-a020-9b20d439e128,Variant,,,,,,,,,TRUE,,,InStock,,,,,4 dentes 220x210x180cm - FQ0300,,,,,,,,,,,,,,,,,,,,,,,,,,,,,,,,,,,,,,
product_18acc363-cdce-912c-aeb7-1d062a801717,Product,Disco diamantado Ceramica 115mm,<p>Para corte cerâmica profissional </p>,88efbe_28b27d5ffd1046acb0a4a17cca68990f~mv2.jpg;88efbe_9d5e331e0f464766bf87694a4e83fe44~mv2.jpg,Discos;Construção,,,3.99,,FALSE,PERCENT,0,InStock,,,Medidas,DROP_DOWN,A380139 - 115mm,,,,,,,,,,,,,,,,Embalagem,<p>Disco para corte ceramica profissional.</p><p>Caixas interiores de 25 pcs</p><p>Caixas exteriores de 100 pcs</p>,,,,,,,,,,,,,,,,,,110007,Cutting Discs,Abrasive Materials\Cutting Discs,2025-06-27T13:51:14.649918
product_e3f6aef7-7aff-1ea9-d662-1125196f55b9,Product,Lança metálica + punho para Pulverizador 5 / 8 Lts,<p>Lança em metal e ponteira plástica + punho plástico </p>,88efbe_e009a81ca0284681b52614faa9f6820e~mv2.jpg,Jardim,,,0.99,,FALSE,PERCENT,0,InStock,,,,,,,,,,,,,,,,,,,,,,,,,,,,,,,,,,,,,,,,110012,General Tools,Tools for The Workshop and Garage\General Tools,2025-06-27T13:51:14.649955
product_09f53daf-a62b-2c76-772b-e2b7e47d8022,Product,Forquilha direita mini (Dente Torneado),<p>Cor:&nbsp; Melalizado</p><p>Material: Metal</p><p>Embalagem: stiker</p><p>Quantidade mínima de compra 1 unidade</p><p>Preço especial na compra de quantidades maiores</p><p>&nbsp;</p><p>&nbsp;</p>,55dd72_8e4ef8560bf34718b5ba302dd5d6ed5b~mv2.jpg,,,,11.6,,FALSE,PERCENT,0,InStock,,,Medidas,DROP_DOWN,4 Dentes 170x140x130cm - FQ0700;5 Dentes 170x190x180cm - FQ0701;7 Dentes 170x190x180cm - FQ0702,,,,,,,,,,,,,,,,INFORMAÇÕES DO PRODUTO,"<p>NACIONAL</p>
",ENCOMENDA,"<p>O preço apresentado é referente a uma unidade. O valor total será calculado após envio da encomenda, estando&nbsp; dependente da quantidade mínima obrigatória. <span><span>Preços válidos salvo ruptura de stock, erro tipográfico ou fotográfico.</span></span></p>
",,,,,,,,,,,,,,,HARDMAN,110012,General Tools,Tools for The Workshop and Garage\General Tools,2025-06-27T13:51:14.649987
product_09f53daf-a62b-2c76-772b-e2b7e47d8022,Variant,,,,,,,,1.6,TRUE,,,InStock,,,,,7 Dentes 170x190x180cm - FQ0702,,,,,,,,,,,,,,,,,,,,,,,,,,,,,,,,,,,,,,
product_09f53daf-a62b-2c76-772b-e2b7e47d8022,Variant,,,,,,,,0.5,TRUE,,,InStock,,,,,5 Dentes 170x190x180cm - FQ0701,,,,,,,,,,,,,,,,,,,,,,,,,,,,,,,,,,,,,,
product_09f53daf-a62b-2c76-772b-e2b7e47d8022,Variant,,,,,,,,,TRUE,,,InStock,,,,,4 Dentes 170x140x130cm - FQ0700,,,,,,,,,,,,,,,,,,,,,,,,,,,,,,,,,,,,,,
product_b4ee163e-3eff-09b7-9bbf-486c0904c378,Product,Forquilha direita pequena,<p>Cor:&nbsp; Melalizado</p><p>Material: Metal</p><p>Embalagem: stiker</p><p>Quantidade mínima de compra 1 unidade</p><p>Preço especial na compra de quantidades maiores</p><p>&nbsp;</p><p>&nbsp;</p>,55dd72_8e4ef8560bf34718b5ba302dd5d6ed5b~mv2.jpg,,,,16.4,,FALSE,PERCENT,0,InStock,,,Medidas,DROP_DOWN,4 Dentes 250x190x160 - FQ0800;5 Dentes 250x220x190cm - FQ0801,,,,,,,,,,,,,,,,INFORMAÇÕES DO PRODUTO,"<p>NACIONAL</p>
",ENCOMENDA,"<p>O preço apresentado é referente a uma unidade. O valor total será calculado após envio da encomenda, estando&nbsp; dependente da quantidade mínima obrigatória. <span><span>Preços válidos salvo ruptura de stock, erro tipográfico ou fotográfico.</span></span></p>
",,,,,,,,,,,,,,,HARDMAN,110012,General Tools,Tools for The Workshop and Garage\General Tools,2025-06-27T13:51:14.650146
product_b4ee163e-3eff-09b7-9bbf-486c0904c378,Variant,,,,,,,,,TRUE,,,InStock,,,,,4 Dentes 250x190x160 - FQ0800,,,,,,,,,,,,,,,,,,,,,,,,,,,,,,,,,,,,,,
product_b4ee163e-3eff-09b7-9bbf-486c0904c378,Variant,,,,,,,,0.8,TRUE,,,InStock,,,,,5 Dentes 250x220x190cm - FQ0801,,,,,,,,,,,,,,,,,,,,,,,,,,,,,,,,,,,,,,
product_93ae7496-0782-c3e6-278e-1790aa44dd5a,Product,Forquilha direita,<p>Cor:&nbsp; Melalizado</p><p>Material: Metal</p><p>Embalagem: stiker</p><p>Quantidade mínima de compra 1 unidade</p><p>Preço especial na compra de quantidades maiores</p><p>&nbsp;</p><p>&nbsp;</p>,55dd72_48830fcaf69840d595a66e6e8aea6b4f~mv2.jpg,,,,11.7,,FALSE,PERCENT,0,InStock,,,Medidas,DROP_DOWN,2 Dentes 330x180x140cm - FQ05500;3 Dentes 330x210x160cm - FQ0501;4 Dentes 330x220x180 - FQ0502;5 Dentes 330x260x220cm - FQ0503;6 Dentes 330x320x270cm - FQ0504;7 Dentes 330x260x220cm - FQ0505;9 Dentes 330x280x260cm - fq0506,,,,,,,,,,,,,,,,INFORMAÇÕES DO PRODUTO,"<p>NACIONAL</p>
",ENCOMENDA,"<p>O preço apresentado é referente a uma unidade. O valor total será calculado após envio da encomenda, estando&nbsp; dependente da quantidade mínima obrigatória. <span><span>Preços válidos salvo ruptura de stock, erro tipográfico ou fotográfico.</span></span></p>
",,,,,,,,,,,,,,,HARDMAN,110012,General Tools,Tools for The Workshop and Garage\General Tools,2025-06-27T13:51:14.650283
product_93ae7496-0782-c3e6-278e-1790aa44dd5a,Variant,,,,,,,,8.9,TRUE,,,InStock,,,,,7 Dentes 330x260x220cm - FQ0505,,,,,,,,,,,,,,,,,,,,,,,,,,,,,,,,,,,,,,
product_93ae7496-0782-c3e6-278e-1790aa44dd5a,Variant,,,,,,,,4.7,TRUE,,,InStock,,,,,4 Dentes 330x220x180 - FQ0502,,,,,,,,,,,,,,,,,,,,,,,,,,,,,,,,,,,,,,
product_93ae7496-0782-c3e6-278e-1790aa44dd5a,Variant,,,,,,,,,TRUE,,,InStock,,,,,2 Dentes 330x180x140cm - FQ05500,,,,,,,,,,,,,,,,,,,,,,,,,,,,,,,,,,,,,,
product_93ae7496-0782-c3e6-278e-1790aa44dd5a,Variant,,,,,,,,12.3,TRUE,,,InStock,,,,,9 Dentes 330x280x260cm - fq0506,,,,,,,,,,,,,,,,,,,,,,,,,,,,,,,,,,,,,,
product_93ae7496-0782-c3e6-278e-1790aa44dd5a,Variant,,,,,,,,5.5,TRUE,,,InStock,,,,,5 Dentes 330x260x220cm - FQ0503,,,,,,,,,,,,,,,,,,,,,,,,,,,,,,,,,,,,,,
product_93ae7496-0782-c3e6-278e-1790aa44dd5a,Variant,,,,,,,,3.9,TRUE,,,InStock,,,,,3 Dentes 330x210x160cm - FQ0501,,,,,,,,,,,,,,,,,,,,,,,,,,,,,,,,,,,,,,
product_93ae7496-0782-c3e6-278e-1790aa44dd5a,Variant,,,,,,,,6.9,TRUE,,,InStock,,,,,6 Dentes 330x320x270cm - FQ0504,,,,,,,,,,,,,,,,,,,,,,,,,,,,,,,,,,,,,,
product_3e28fb51-a509-157f-591a-8e3f25a5fc2b,Product,Ancinho de berbigão,<p>Cor:&nbsp; Melalizado</p><p>Material: Metal</p><p>Embalagem: stiker</p><p>Quantidade mínima de compra 1 unidade</p><p>Preço especial na compra de quantidades maiores</p><p>&nbsp;</p><p>&nbsp;</p>,55dd72_f4e17154ae9e4966a01d2e2d374433c3~mv2.jpg,,,,20.7,,FALSE,PERCENT,0,InStock,,,Medidas,DROP_DOWN,Pequeno 230cm - A01930;Grande 310cm - A01931,,,,,,,,,,,,,,,,INFORMAÇÕES DO PRODUTO,"<p>NACIONAL</p>
",ENCOMENDA,"<p>O preço apresentado é referente a uma unidade. O valor total será calculado após envio da encomenda, estando&nbsp; dependente da quantidade mínima obrigatória. <span><span>Preços válidos salvo ruptura de stock, erro tipográfico ou fotográfico.</span></span></p>
",,,,,,,,,,,,,,,HARDMAN,110012,General Tools,Tools for The Workshop and Garage\General Tools,2025-06-27T13:51:14.650467
product_3e28fb51-a509-157f-591a-8e3f25a5fc2b,Variant,,,,,,,,,TRUE,,,InStock,,,,,Pequeno 230cm - A01930,,,,,,,,,,,,,,,,,,,,,,,,,,,,,,,,,,,,,,
product_3e28fb51-a509-157f-591a-8e3f25a5fc2b,Variant,,,,,,,,2.3,TRUE,,,InStock,,,,,Grande 310cm - A01931,,,,,,,,,,,,,,,,,,,,,,,,,,,,,,,,,,,,,,
product_136ed868-c38d-3f59-1198-ba593aa899d0,Product,Gadanho  Uvas,<p>Cor:&nbsp; Melalizado</p><p>Material: Metal</p><p>Embalagem: stiker</p><p>Quantidade mínima de compra 1 unidade</p><p>Preço especial na compra de quantidades maiores</p><p>&nbsp;</p><p>&nbsp;</p>,55dd72_08d4968c6dcb44e9b7b304abe242cc67~mv2.jpg,,,,11.8,,FALSE,PERCENT,0,InStock,,,Medidas,DROP_DOWN,3 Dentes 185x140x140cm - G00111;4 Dentes 185x185x180cm - G00112,,,,,,,,,,,,,,,,INFORMAÇÕES DO PRODUTO,"<p>NACIONAL</p>
",ENCOMENDA,"<p>O preço apresentado é referente a uma unidade. O valor total será calculado após envio da encomenda, estando&nbsp; dependente da quantidade mínima obrigatória. <span><span>Preços válidos salvo ruptura de stock, erro tipográfico ou fotográfico.</span></span></p>
",,,,,,,,,,,,,,,HARDMAN,110012,General Tools,Tools for The Workshop and Garage\General Tools,2025-06-27T13:51:14.650557
product_136ed868-c38d-3f59-1198-ba593aa899d0,Variant,,,,,,,,1.5,TRUE,,,InStock,,,,,4 Dentes 185x185x180cm - G00112,,,,,,,,,,,,,,,,,,,,,,,,,,,,,,,,,,,,,,
product_136ed868-c38d-3f59-1198-ba593aa899d0,Variant,,,,,,,,,TRUE,,,InStock,,,,,3 Dentes 185x140x140cm - G00111,,,,,,,,,,,,,,,,,,,,,,,,,,,,,,,,,,,,,,
product_45df9e50-0f14-77e9-f576-83a2b0dd69a8,Product,Ancinho Alenquer ,<p>Cor:&nbsp; Melalizado</p><p>Material: Metal</p><p>Embalagem: stiker</p><p>Quantidade mínima de compra 1 unidade</p><p>Preço especial na compra de quantidades maiores</p><p>&nbsp;</p><p>&nbsp;</p>,55dd72_45082ace1c504e89a7d7acde9f967170~mv2.jpg,,,,13.2,,TRUE,PERCENT,0,InStock,,,Medidas,DROP_DOWN,5 Dentes 155x250cm - A01910;7 Dentes 160x360 - A01901;7 Dentes curtos 100x290cm - A01902,,,,,,,,,,,,,,,,INFORMAÇÕES DO PRODUTO,"<p>NACIONAL</p>
",ENCOMENDA,"<p>O preço apresentado é referente a uma unidade. O valor total será calculado após envio da encomenda, estando&nbsp; dependente da quantidade mínima obrigatória. <span><span>Preços válidos salvo ruptura de stock, erro tipográfico ou fotográfico.</span></span></p>
",,,,,,,,,,,,,,,HARDMAN,110012,General Tools,Tools for The Workshop and Garage\General Tools,2025-06-27T13:51:14.650653
product_45df9e50-0f14-77e9-f576-83a2b0dd69a8,Variant,,,,,,,,1.37,TRUE,,,InStock,,,,,7 Dentes 160x360 - A01901,,,,,,,,,,,,,,,,,,,,,,,,,,,,,,,,,,,,,,
product_45df9e50-0f14-77e9-f576-83a2b0dd69a8,Variant,,,,,,,,,TRUE,,,InStock,,,,,5 Dentes 155x250cm - A01910,,,,,,,,,,,,,,,,,,,,,,,,,,,,,,,,,,,,,,
product_45df9e50-0f14-77e9-f576-83a2b0dd69a8,Variant,,,,,,,,1.37,TRUE,,,InStock,,,,,7 Dentes curtos 100x290cm - A01902,,,,,,,,,,,,,,,,,,,,,,,,,,,,,,,,,,,,,,
product_61f8ebaf-6b3a-c546-8465-d21a3a1b14e5,Product,Ancinho Leiria,<p>Cor:&nbsp; Melalizado</p><p>Material: Metal</p><p>Embalagem: stiker</p><p>Quantidade mínima de compra 1 unidade</p><p>Preço especial na compra de quantidades maiores</p><p>&nbsp;</p><p>&nbsp;</p>,55dd72_cd0bcb1cff8045a3b61c8e3f2b77e096~mv2.jpg,,,,13.2,,TRUE,PERCENT,0,InStock,,,Medidas,DROP_DOWN,5 Dentes 230x200x180cm - A01924;7 Dentes 260x240x220cm - A01925,,,,,,,,,,,,,,,,INFORMAÇÕES DO PRODUTO,"<p>NACIONAL</p>
",ENCOMENDA,"<p>O preço apresentado é referente a uma unidade. O valor total será calculado após envio da encomenda, estando&nbsp; dependente da quantidade mínima obrigatória. <span><span>Preços válidos salvo ruptura de stock, erro tipográfico ou fotográfico.</span></span></p>
",,,,,,,,,,,,,,,HARDMAN,110012,General Tools,Tools for The Workshop and Garage\General Tools,2025-06-27T13:51:14.650759
product_61f8ebaf-6b3a-c546-8465-d21a3a1b14e5,Variant,,,,,,,,,TRUE,,,InStock,,,,,5 Dentes 230x200x180cm - A01924,,,,,,,,,,,,,,,,,,,,,,,,,,,,,,,,,,,,,,
product_61f8ebaf-6b3a-c546-8465-d21a3a1b14e5,Variant,,,,,,,,1.5,TRUE,,,InStock,,,,,7 Dentes 260x240x220cm - A01925,,,,,,,,,,,,,,,,,,,,,,,,,,,,,,,,,,,,,,
product_793d08ce-7772-d14d-26d8-6887b4691757,Product,Ancinho Ferreiro,<p>Cor:&nbsp; Melalizado</p><p>Material: Metal</p><p>Embalagem: stiker</p><p>Quantidade mínima de compra 1 unidade</p><p>Preço especial na compra de quantidades maiores</p><p>&nbsp;</p><p>&nbsp;</p>,55dd72_ae16493b8ba847abbcd3b95daa46e6b7~mv2.jpg,,,,10.3,,TRUE,PERCENT,0,InStock,,,Medidas,DROP_DOWN,5 Dentes 140x170cm - A01914;6 Dentes 140x210cm - A01915;7 Dentes 140x250cm - A01916;8 Dentes 140x280cm - A01917;10 Dentes 140x360cm - A01918;12 Dentes 140x410cm - A01919,,,,,,,,,,,,,,,,INFORMAÇÕES DO PRODUTO,"<p>NACIONAL</p>
",ENCOMENDA,"<p>O preço apresentado é referente a uma unidade. O valor total será calculado após envio da encomenda, estando&nbsp; dependente da quantidade mínima obrigatória. <span><span>Preços válidos salvo ruptura de stock, erro tipográfico ou fotográfico.</span></span></p>
",,,,,,,,,,,,,,,HARDMAN,110012,General Tools,Tools for The Workshop and Garage\General Tools,2025-06-27T13:51:14.650937
product_793d08ce-7772-d14d-26d8-6887b4691757,Variant,,,,,,,,1.8,TRUE,,,InStock,,,,,8 Dentes 140x280cm - A01917,,,,,,,,,,,,,,,,,,,,,,,,,,,,,,,,,,,,,,
product_793d08ce-7772-d14d-26d8-6887b4691757,Variant,,,,,,,,,TRUE,,,InStock,,,,,5 Dentes 140x170cm - A01914,,,,,,,,,,,,,,,,,,,,,,,,,,,,,,,,,,,,,,
product_793d08ce-7772-d14d-26d8-6887b4691757,Variant,,,,,,,,2.4,TRUE,,,InStock,,,,,10 Dentes 140x360cm - A01918,,,,,,,,,,,,,,,,,,,,,,,,,,,,,,,,,,,,,,
product_793d08ce-7772-d14d-26d8-6887b4691757,Variant,,,,,,,,0.8,TRUE,,,InStock,,,,,6 Dentes 140x210cm - A01915,,,,,,,,,,,,,,,,,,,,,,,,,,,,,,,,,,,,,,
product_793d08ce-7772-d14d-26d8-6887b4691757,Variant,,,,,,,,1.5,TRUE,,,InStock,,,,,7 Dentes 140x250cm - A01916,,,,,,,,,,,,,,,,,,,,,,,,,,,,,,,,,,,,,,
product_793d08ce-7772-d14d-26d8-6887b4691757,Variant,,,,,,,,3.2,TRUE,,,InStock,,,,,12 Dentes 140x410cm - A01919,,,,,,,,,,,,,,,,,,,,,,,,,,,,,,,,,,,,,,
product_9618ce8d-cbc0-9770-e93f-c13176750bdd,Product,Ancinho Madeira Dente de Prego,<p>Cor:&nbsp; Melalizado</p><p>Material: Metal</p><p>Embalagem: stiker</p><p>Quantidade mínima de compra 1 unidade</p><p>Preço especial na compra de quantidades maiores</p><p>&nbsp;</p><p>&nbsp;</p>,55dd72_10f69cf3152f4e10bc07e2e0b0c789d3~mv2.jpg,,,,5,,FALSE,PERCENT,0,InStock,,,Medidas,DROP_DOWN,6 Dentes 25cm - A01920;8 Dentes 40cm - A01921;10 Dentes 50cm - A01922,,,,,,,,,,,,,,,,INFORMAÇÕES DO PRODUTO,"<p>NACIONAL</p>
",ENCOMENDA,"<p>O preço apresentado é referente a uma unidade. O valor total será calculado após envio da encomenda, estando&nbsp; dependente da quantidade mínima obrigatória. <span><span>Preços válidos salvo ruptura de stock, erro tipográfico ou fotográfico.</span></span></p>
",,,,,,,,,,,,,,,HARDMAN,110012,General Tools,Tools for The Workshop and Garage\General Tools,2025-06-27T13:51:14.651168
product_9618ce8d-cbc0-9770-e93f-c13176750bdd,Variant,,,,,,,,1,TRUE,,,InStock,,,,,8 Dentes 40cm - A01921,,,,,,,,,,,,,,,,,,,,,,,,,,,,,,,,,,,,,,
product_9618ce8d-cbc0-9770-e93f-c13176750bdd,Variant,,,,,,,,,TRUE,,,InStock,,,,,6 Dentes 25cm - A01920,,,,,,,,,,,,,,,,,,,,,,,,,,,,,,,,,,,,,,
product_9618ce8d-cbc0-9770-e93f-c13176750bdd,Variant,,,,,,,,2,TRUE,,,InStock,,,,,10 Dentes 50cm - A01922,,,,,,,,,,,,,,,,,,,,,,,,,,,,,,,,,,,,,,
product_c0504e90-fa69-254c-b66c-163bf260b283,Product,Ancinho para Batata,<p>Cor:&nbsp; Melalizado</p><p>Material: Metal</p><p>Embalagem: stiker</p><p>Quantidade mínima de compra 1 unidade</p><p>Preço especial na compra de quantidades maiores</p><p>&nbsp;</p><p>&nbsp;</p>,55dd72_5536810101614f60aa83a6e257d0442e~mv2.jpg,,,,12,,TRUE,PERCENT,0,InStock,,,Medidas,DROP_DOWN,Batata 120x330cm - A01913,,,,,,,,,,,,,,,,INFORMAÇÕES DO PRODUTO,"<p>NACIONAL</p>
",ENCOMENDA,"<p>O preço apresentado é referente a uma unidade. O valor total será calculado após envio da encomenda, estando&nbsp; dependente da quantidade mínima obrigatória. <span><span>Preços válidos salvo ruptura de stock, erro tipográfico ou fotográfico.</span></span></p>
",,,,,,,,,,,,,,,HARDMAN,110012,General Tools,Tools for The Workshop and Garage\General Tools,2025-06-27T13:51:14.651234
product_c0504e90-fa69-254c-b66c-163bf260b283,Variant,,,,,,,,,TRUE,,,InStock,,,,,Batata 120x330cm - A01913,,,,,,,,,,,,,,,,,,,,,,,,,,,,,,,,,,,,,,
product_087f9a67-d4c6-0ecd-2474-d18babbe21d4,Product,Ancinho,<p>Cor:&nbsp; Melalizado</p><p>Material: Metal</p><p>Embalagem: stiker</p><p>Quantidade mínima de compra 1 unidade</p><p>Preço especial na compra de quantidades maiores</p><p>&nbsp;</p><p>&nbsp;</p>,55dd72_33975ba590184c5fba0794d9fbbe4e12~mv2.jpg,,,,6.8,,TRUE,PERCENT,0,InStock,,,Medidas,DROP_DOWN,4 Dentes 105x120cm - A01900;6 Dentes 105x190cm - A01901;8 dentes 105x260cm - A01902;10 Dentes 105x330cm - A01903;12 Dentes 105x390cm - A01904;14 Dentes 105x460cm - A01905;16 Dentes 105x530 - A01906;18 Dentes 105x600cm - A01907,,,,,,,,,,,,,,,,INFORMAÇÕES DO PRODUTO,"<p>NACIONAL</p>
",ENCOMENDA,"<p>O preço apresentado é referente a uma unidade. O valor total será calculado após envio da encomenda, estando&nbsp; dependente da quantidade mínima obrigatória. <span><span>Preços válidos salvo ruptura de stock, erro tipográfico ou fotográfico.</span></span></p>
",,,,,,,,,,,,,,,HARDMAN,110012,General Tools,Tools for The Workshop and Garage\General Tools,2025-06-27T13:51:14.651272
product_087f9a67-d4c6-0ecd-2474-d18babbe21d4,Variant,,,,,,,,0.62,TRUE,,,InStock,,,,,6 Dentes 105x190cm - A01901,,,,,,,,,,,,,,,,,,,,,,,,,,,,,,,,,,,,,,
product_087f9a67-d4c6-0ecd-2474-d18babbe21d4,Variant,,,,,,,,3.4,TRUE,,,InStock,,,,,14 Dentes 105x460cm - A01905,,,,,,,,,,,,,,,,,,,,,,,,,,,,,,,,,,,,,,
product_087f9a67-d4c6-0ecd-2474-d18babbe21d4,Variant,,,,,,,,4.3,TRUE,,,InStock,,,,,16 Dentes 105x530 - A01906,,,,,,,,,,,,,,,,,,,,,,,,,,,,,,,,,,,,,,
product_087f9a67-d4c6-0ecd-2474-d18babbe21d4,Variant,,,,,,,,2.8,TRUE,,,InStock,,,,,12 Dentes 105x390cm - A01904,,,,,,,,,,,,,,,,,,,,,,,,,,,,,,,,,,,,,,
product_087f9a67-d4c6-0ecd-2474-d18babbe21d4,Variant,,,,,,,,2.1,TRUE,,,InStock,,,,,10 Dentes 105x330cm - A01903,,,,,,,,,,,,,,,,,,,,,,,,,,,,,,,,,,,,,,
product_087f9a67-d4c6-0ecd-2474-d18babbe21d4,Variant,,,,,,,,,TRUE,,,InStock,,,,,4 Dentes 105x120cm - A01900,,,,,,,,,,,,,,,,,,,,,,,,,,,,,,,,,,,,,,
product_087f9a67-d4c6-0ecd-2474-d18babbe21d4,Variant,,,,,,,,5.1,TRUE,,,InStock,,,,,18 Dentes 105x600cm - A01907,,,,,,,,,,,,,,,,,,,,,,,,,,,,,,,,,,,,,,
product_087f9a67-d4c6-0ecd-2474-d18babbe21d4,Variant,,,,,,,,1.4,TRUE,,,InStock,,,,,8 dentes 105x260cm - A01902,,,,,,,,,,,,,,,,,,,,,,,,,,,,,,,,,,,,,,
product_93af16f4-00ec-c249-6852-c29c9d31162c,Product,Disco diamantado - especial Madeira 115mm,,88efbe_12aaa035148b4e12b217afb19ca42b3e~mv2.jpg,Construção;Discos,,,4.5,,TRUE,PERCENT,0,InStock,,,Medidas,DROP_DOWN,380138 - 115mm,,,,,,,,,,,,,,,,,,,,,,,,,,,,,,,,,,,110007,Cutting Discs,Abrasive Materials\Cutting Discs,2025-06-27T13:51:14.651435
product_f217e1ab-e318-146e-191f-6455fbd9b677,Product,Gancho Cavar Leiria,<p>Cor:&nbsp; Melalizado</p><p>Material: Metal</p><p>Embalagem: stiker</p><p>Quantidade mínima de compra 1 unidade</p><p>Preço especial na compra de quantidades maiores</p><p>&nbsp;</p><p>&nbsp;</p>,55dd72_99099f116250416b8de9188c29c65b8e~mv2.jpg,,,,14,,FALSE,PERCENT,0,InStock,,,Medidas,DROP_DOWN,Nº0 170X180X120 cm - GA0300;Nº1 185X175X130 cm - GA0301;Nº2 210X200X150 cm - GA0302;Nº3 240x220x170 cm - GA0303,,,,,,,,,,,,,,,,INFORMAÇÕES DO PRODUTO,"<p>NACIONAL</p>
",ENCOMENDA,"<p>O preço apresentado é referente a uma unidade. O valor total será calculado após envio da encomenda, estando&nbsp; dependente da quantidade mínima obrigatória. <span><span>Preços válidos salvo ruptura de stock, erro tipográfico ou fotográfico.</span></span></p>
",,,,,,,,,,,,,,,HARDMAN,110012,General Tools,Tools for The Workshop and Garage\General Tools,2025-06-27T13:51:14.651463
product_f217e1ab-e318-146e-191f-6455fbd9b677,Variant,,,,,,,,0.6,TRUE,,,InStock,,,,,Nº1 185X175X130 cm - GA0301,,,,,,,,,,,,,,,,,,,,,,,,,,,,,,,,,,,,,,
product_f217e1ab-e318-146e-191f-6455fbd9b677,Variant,,,,,,,,,TRUE,,,InStock,,,,,Nº0 170X180X120 cm - GA0300,,,,,,,,,,,,,,,,,,,,,,,,,,,,,,,,,,,,,,
product_f217e1ab-e318-146e-191f-6455fbd9b677,Variant,,,,,,,,1.5,TRUE,,,InStock,,,,,Nº2 210X200X150 cm - GA0302,,,,,,,,,,,,,,,,,,,,,,,,,,,,,,,,,,,,,,
product_f217e1ab-e318-146e-191f-6455fbd9b677,Variant,,,,,,,,2.2,TRUE,,,InStock,,,,,Nº3 240x220x170 cm - GA0303,,,,,,,,,,,,,,,,,,,,,,,,,,,,,,,,,,,,,,
product_54bd2865-3102-4b9a-6d83-a0b2d2c28963,Product,Gancho Coração,<p>Cor:&nbsp; Melalizado</p><p>Material: Metal</p><p>Embalagem: stiker</p><p>Quantidade mínima de compra 1 unidade</p><p>Preço especial na compra de quantidades maiores</p><p>&nbsp;</p><p>&nbsp;</p>,55dd72_4b2f0cc06bcd485daa7f2370d742e397~mv2.jpg,,,,11.1,,FALSE,PERCENT,0,InStock,,,Medidas,DROP_DOWN,Nº0 130x110x100 cm - GA0400;Nº1 160X140X140 cm - GA0401;Nº2 200X180X170 cm - GA0402;Nº3 240X200X190 cm - GA0403,,,,,,,,,,,,,,,,INFORMAÇÕES DO PRODUTO,"<p>NACIONAL</p>
",ENCOMENDA,"<p>O preço apresentado é referente a uma unidade. O valor total será calculado após envio da encomenda, estando&nbsp; dependente da quantidade mínima obrigatória. <span><span>Preços válidos salvo ruptura de stock, erro tipográfico ou fotográfico.</span></span></p>
",,,,,,,,,,,,,,,HARDMAN,110012,General Tools,Tools for The Workshop and Garage\General Tools,2025-06-27T13:51:14.651622
product_54bd2865-3102-4b9a-6d83-a0b2d2c28963,Variant,,,,,,,,1,TRUE,,,InStock,,,,,Nº2 200X180X170 cm - GA0402,,,,,,,,,,,,,,,,,,,,,,,,,,,,,,,,,,,,,,
product_54bd2865-3102-4b9a-6d83-a0b2d2c28963,Variant,,,,,,,,2,TRUE,,,InStock,,,,,Nº3 240X200X190 cm - GA0403,,,,,,,,,,,,,,,,,,,,,,,,,,,,,,,,,,,,,,
product_54bd2865-3102-4b9a-6d83-a0b2d2c28963,Variant,,,,,,,,0.4,TRUE,,,InStock,,,,,Nº1 160X140X140 cm - GA0401,,,,,,,,,,,,,,,,,,,,,,,,,,,,,,,,,,,,,,
product_54bd2865-3102-4b9a-6d83-a0b2d2c28963,Variant,,,,,,,,,TRUE,,,InStock,,,,,Nº0 130x110x100 cm - GA0400,,,,,,,,,,,,,,,,,,,,,,,,,,,,,,,,,,,,,,
product_e0c6fced-772a-9b13-d405-e99aa7b9107a,Product,Gancho Dentes Redondo,<p>Cor:&nbsp; Melalizado</p><p>Material: Metal</p><p>Embalagem: stiker</p><p>Quantidade mínima de compra 1 unidade</p><p>Preço especial na compra de quantidades maiores</p><p>&nbsp;</p><p>&nbsp;</p>,55dd72_343dad615968445e821f0a2c2b07466d~mv2.jpg,,,,14.8,,FALSE,PERCENT,0,InStock,,,Medidas,DROP_DOWN,3 Dentes 230x200x180 cm - GA0500;4 Dentes 260x240x220 cm - GA0501,,,,,,,,,,,,,,,,INFORMAÇÕES DO PRODUTO,"<p>NACIONAL</p>
",ENCOMENDA,"<p>O preço apresentado é referente a uma unidade. O valor total será calculado após envio da encomenda, estando&nbsp; dependente da quantidade mínima obrigatória. <span><span>Preços válidos salvo ruptura de stock, erro tipográfico ou fotográfico.</span></span></p>
",,,,,,,,,,,,,,,HARDMAN,110012,General Tools,Tools for The Workshop and Garage\General Tools,2025-06-27T13:51:14.651715
product_e0c6fced-772a-9b13-d405-e99aa7b9107a,Variant,,,,,,,,,TRUE,,,InStock,,,,,3 Dentes 230x200x180 cm - GA0500,,,,,,,,,,,,,,,,,,,,,,,,,,,,,,,,,,,,,,
product_e0c6fced-772a-9b13-d405-e99aa7b9107a,Variant,,,,,,,,1.35,TRUE,,,InStock,,,,,4 Dentes 260x240x220 cm - GA0501,,,,,,,,,,,,,,,,,,,,,,,,,,,,,,,,,,,,,,
product_29ca58a8-2058-e700-898e-71ba19973bb7,Product,Arado Mão,<p>Cor:&nbsp; Melalizado</p><p>Material: Metal</p><p>Embalagem: stiker</p><p>Quantidade mínima de compra 1 unidade</p><p>Preço especial na compra de quantidades maiores</p><p>&nbsp;</p><p>&nbsp;</p>,55dd72_bcd7b8fdebc14c0f9664aaa2d974eace~mv2.jpg,,,,11.9,,FALSE,PERCENT,0,InStock,,,Medidas,DROP_DOWN,Pequeno - A00205;Grande - A00204,,,,,,,,,,,,,,,,INFORMAÇÕES DO PRODUTO,"<p>NACIONAL</p>
",ENCOMENDA,"<p>O preço apresentado é referente a uma unidade. O valor total será calculado após envio da encomenda, estando&nbsp; dependente da quantidade mínima obrigatória. <span><span>Preços válidos salvo ruptura de stock, erro tipográfico ou fotográfico.</span></span></p>
",,,,,,,,,,,,,,,HARDMAN,110012,General Tools,Tools for The Workshop and Garage\General Tools,2025-06-27T13:51:14.651766
product_29ca58a8-2058-e700-898e-71ba19973bb7,Variant,,,,,,,,1.3,TRUE,,,InStock,,,,,Grande - A00204,,,,,,,,,,,,,,,,,,,,,,,,,,,,,,,,,,,,,,
product_29ca58a8-2058-e700-898e-71ba19973bb7,Variant,,,,,,,,,TRUE,,,InStock,,,,,Pequeno - A00205,,,,,,,,,,,,,,,,,,,,,,,,,,,,,,,,,,,,,,
product_6c8b6abf-fc5e-3e4d-e7f1-8655b9b5a6fa,Product,Raspador de Batatas,<p>Cor:&nbsp; Melalizado</p><p>Material: Metal</p><p>Embalagem: stiker</p><p>Quantidade mínima de compra 1 unidade</p><p>Preço especial na compra de quantidades maiores</p><p>&nbsp;</p><p>&nbsp;</p>,55dd72_9567fd024b144a6e9200b98bc618a4a9~mv2.jpg,,,,10.5,,TRUE,PERCENT,0,InStock,,,Medidas,DROP_DOWN,Batata 150x200x25 cm - R00420,,,,,,,,,,,,,,,,INFORMAÇÕES DO PRODUTO,"<p>NACIONAL</p>
",ENCOMENDA,"<p>O preço apresentado é referente a uma unidade. O valor total será calculado após envio da encomenda, estando&nbsp; dependente da quantidade mínima obrigatória. <span><span>Preços válidos salvo ruptura de stock, erro tipográfico ou fotográfico.</span></span></p>
",,,,,,,,,,,,,,,HARDMAN,110012,General Tools,Tools for The Workshop and Garage\General Tools,2025-06-27T13:51:14.651813
product_6c8b6abf-fc5e-3e4d-e7f1-8655b9b5a6fa,Variant,,,,,,,,,TRUE,,,InStock,,,,,Batata 150x200x25 cm - R00420,,,,,,,,,,,,,,,,,,,,,,,,,,,,,,,,,,,,,,
product_1e7158c3-8cf4-92d6-d651-e1f10a7ee949,Product,Sacho Monda,<p>Cor:&nbsp; Melalizado</p><p>Material: Metal</p><p>Embalagem: stiker</p><p>Quantidade mínima de compra 1 unidade</p><p>Preço especial na compra de quantidades maiores</p><p>&nbsp;</p><p>&nbsp;</p>,55dd72_6a820dd9f9164a03be07ed5a13aceffa~mv2.jpg,,,,6.9,,TRUE,PERCENT,0,InStock,,,Medidas,DROP_DOWN,Pequeno 85 x 55 cm - SH0500;Bico 215x55 cm - SH0501;Grande 120x65 cm - SH0502;Grande com Bico 280x65 cm - SH0503,,,,,,,,,,,,,,,,INFORMAÇÕES DO PRODUTO,"<p>NACIONAL</p>
",ENCOMENDA,"<p>O preço apresentado é referente a uma unidade. O valor total será calculado após envio da encomenda, estando&nbsp; dependente da quantidade mínima obrigatória. <span><span>Preços válidos salvo ruptura de stock, erro tipográfico ou fotográfico.</span></span></p>
",,,,,,,,,,,,,,,HARDMAN,110012,General Tools,Tools for The Workshop and Garage\General Tools,2025-06-27T13:51:14.651849
product_1e7158c3-8cf4-92d6-d651-e1f10a7ee949,Variant,,,,,,,,0.8,TRUE,,,InStock,,,,,Bico 215x55 cm - SH0501,,,,,,,,,,,,,,,,,,,,,,,,,,,,,,,,,,,,,,
product_1e7158c3-8cf4-92d6-d651-e1f10a7ee949,Variant,,,,,,,,0.4,TRUE,,,InStock,,,,,Grande 120x65 cm - SH0502,,,,,,,,,,,,,,,,,,,,,,,,,,,,,,,,,,,,,,
product_1e7158c3-8cf4-92d6-d651-e1f10a7ee949,Variant,,,,,,,,,TRUE,,,InStock,,,,,Pequeno 85 x 55 cm - SH0500,,,,,,,,,,,,,,,,,,,,,,,,,,,,,,,,,,,,,,
product_1e7158c3-8cf4-92d6-d651-e1f10a7ee949,Variant,,,,,,,,1.2,TRUE,,,InStock,,,,,Grande com Bico 280x65 cm - SH0503,,,,,,,,,,,,,,,,,,,,,,,,,,,,,,,,,,,,,,
product_9e11d837-c97d-78ad-85c6-7ca7bfab717c,Product,Sacho Coração,<p>Cor:  Melalizado</p><p>Material: Metal</p><p>Embalagem: stiker</p><p>Ervas aromáticas </p><p>Quantidade mínima de compra 1 unidade</p><p>Preço especial na compra de quantidades maiores</p>,55dd72_9918a0d9f3514bd1acbd4fc7460ebf29~mv2.jpg,,,,9.15,,TRUE,PERCENT,0,InStock,,,Medidas,DROP_DOWN,Ervas 122x90 cm - SH0003,,,,,,,,,,,,,,,,INFORMAÇÕES DO PRODUTO,"<p>NACIONAL</p>
",ENCOMENDA,"<p>O preço apresentado é referente a uma unidade. O valor total será calculado após envio da encomenda, estando&nbsp; dependente da quantidade mínima obrigatória. <span><span>Preços válidos salvo ruptura de stock, erro tipográfico ou fotográfico.</span></span></p>
",,,,,,,,,,,,,,,HARDMAN,110012,General Tools,Tools for The Workshop and Garage\General Tools,2025-06-27T13:51:14.651915
product_9e11d837-c97d-78ad-85c6-7ca7bfab717c,Variant,,,,,,,,,TRUE,,,InStock,,,,,Ervas 122x90 cm - SH0003,,,,,,,,,,,,,,,,,,,,,,,,,,,,,,,,,,,,,,
product_dcab2433-9700-b61b-1ed0-b9c12769db86,Product,Sacho Vimeiro,<p>Cor:&nbsp; Melalizado</p><p>Material: Metal</p><p>Embalagem: stiker</p><p>Quantidade mínima de compra 1 unidade</p><p>Preço especial na compra de quantidades maiores</p><p>&nbsp;</p><p>&nbsp;</p>,55dd72_b7cc184d0b2548589b909fce4a82a74f~mv2.jpg,,,,7.25,,FALSE,PERCENT,0,InStock,,,Medidas,DROP_DOWN,Peta 240x60x50 cm - SH0604;Bico 240x60x50 cm - SH0603;2 Dentes 240x60x50 cm - SH0601;3 Dentes 240x60x50 cm - SH0602;Vimeiro 110x60x50 cm - SH0600,,,,,,,,,,,,,,,,INFORMAÇÕES DO PRODUTO,"<p>NACIONAL</p>
",ENCOMENDA,"<p>O preço apresentado é referente a uma unidade. O valor total será calculado após envio da encomenda, estando&nbsp; dependente da quantidade mínima obrigatória. <span><span>Preços válidos salvo ruptura de stock, erro tipográfico ou fotográfico.</span></span></p>
",,,,,,,,,,,,,,,HARDMAN,110012,General Tools,Tools for The Workshop and Garage\General Tools,2025-06-27T13:51:14.651952
product_dcab2433-9700-b61b-1ed0-b9c12769db86,Variant,,,,,,,,0.85,TRUE,,,InStock,,,,,2 Dentes 240x60x50 cm - SH0601,,,,,,,,,,,,,,,,,,,,,,,,,,,,,,,,,,,,,,
product_dcab2433-9700-b61b-1ed0-b9c12769db86,Variant,,,,,,,,1.65,TRUE,,,InStock,,,,,3 Dentes 240x60x50 cm - SH0602,,,,,,,,,,,,,,,,,,,,,,,,,,,,,,,,,,,,,,
product_dcab2433-9700-b61b-1ed0-b9c12769db86,Variant,,,,,,,,0.55,TRUE,,,InStock,,,,,Bico 240x60x50 cm - SH0603,,,,,,,,,,,,,,,,,,,,,,,,,,,,,,,,,,,,,,
product_dcab2433-9700-b61b-1ed0-b9c12769db86,Variant,,,,,,,,0.55,TRUE,,,InStock,,,,,Peta 240x60x50 cm - SH0604,,,,,,,,,,,,,,,,,,,,,,,,,,,,,,,,,,,,,,
product_dcab2433-9700-b61b-1ed0-b9c12769db86,Variant,,,,,,,,,TRUE,,,InStock,,,,,Vimeiro 110x60x50 cm - SH0600,,,,,,,,,,,,,,,,,,,,,,,,,,,,,,,,,,,,,,
product_de72d07b-a858-98c6-7660-2314c04dfeec,Product,Extintor Pó Quimico ABC,<p>Devidamente certificados e Aprovados pela APSEI</p>,88efbe_aa60647cc32a4a32b0fc419bf420707d~mv2.jpg,Proteção e Segurança,,,24,,TRUE,PERCENT,0,InStock,,,Medidas,DROP_DOWN,12kgs- A100004;9kgs- A100003;6kgs- A100002;3kgs- A100001;2kgs- A100000,,,,,,,,,,,,,,,,,,,,,,,,,,,,,,,,,,,110012,General Tools,Tools for The Workshop and Garage\General Tools,2025-06-27T13:51:14.652131
product_b11c0bc9-3712-b254-360f-d58e63067cd9,Product,Extintor CO2,<p>Devidamente certificados e aprovados pela APSEI</p>,88efbe_e415cbc9587242f8a89cf32bdf3ed65f~mv2.jpg,Proteção e Segurança,,,44,,TRUE,PERCENT,0,InStock,,,Medidas,DROP_DOWN,10 kgs c/ armação e rodas- A100007;5kgs- A100006;2kgs- A100005,,,,,,,,,,,,,,,,,,,,,,,,,,,,,,,,,,,110012,General Tools,Tools for The Workshop and Garage\General Tools,2025-06-27T13:51:14.652180
product_b11c0bc9-3712-b254-360f-d58e63067cd9,Variant,,,,,,,,155,TRUE,,,InStock,,,,,10 kgs c/ armação e rodas- A100007,,,,,,,,,,,,,,,,,,,,,,,,,,,,,,,,,,,,,,
product_b11c0bc9-3712-b254-360f-d58e63067cd9,Variant,,,,,,,,,TRUE,,,InStock,,,,,2kgs- A100005,,,,,,,,,,,,,,,,,,,,,,,,,,,,,,,,,,,,,,
product_b11c0bc9-3712-b254-360f-d58e63067cd9,Variant,,,,,,,,24,TRUE,,,InStock,,,,,5kgs- A100006,,,,,,,,,,,,,,,,,,,,,,,,,,,,,,,,,,,,,,
product_b08c0755-78ff-d1a0-cd99-a8bba6e4dc8c,Product,Luva gasolineira 27cms Nitrile Azul,,88efbe_8b6512cd00b94b1ca09bb325df4d70ac~mv2.jpg;88efbe_6cea255e819a47c79a2f66b7b8f64dd1~mv2.jpg;88efbe_fe04b731c8044a859c2a7ac685404ddd~mv2.jpg,Luvas de Protecção,,,1.2,,FALSE,PERCENT,0,InStock,,,,,,,,,,,,,,,,,,,,,,,,,,,,,,,,,,,,,,,,110002,Work Gloves,Health and Safety Articles\Work Gloves,2025-06-27T13:51:14.652233
product_479463d4-9889-7671-d1a7-8da79b027222,Product,Pulverizador 2 Lts,,88efbe_30cd48bb7e7244ca8489a5ab8095be71~mv2.jpg;88efbe_8369c3c92144488b85b3dd9775d8ce4b~mv2.jpg,,,,2.69,,TRUE,PERCENT,0,InStock,,,,,,,,,,,,,,,,,,,,,,,,,,,,,,,,,,,,,,,,110012,General Tools,Tools for The Workshop and Garage\General Tools,2025-06-27T13:51:14.652253
product_4f929b32-570a-2397-bb41-539d3dc3bfd9,Product,Maço de Madeira,<p>Cor:&nbsp; Castanha</p><p>Material: madeira</p><p>Embalagem: stiker</p><p>Quantidade mínima de compra 1 unidade</p><p>Preço especial na compra de quantidades maiores</p><p>&nbsp;</p><p>&nbsp;</p>,55dd72_b0e781723e6b48819729b6e504f88ab3~mv2.jpg,,,,5.99,,FALSE,PERCENT,0,InStock,,,Medidas,DROP_DOWN,10cm - M00414;11.5cm - M00415;14cm - M00416,,,,,,,,,,,,,,,,INFORMAÇÕES DO PRODUTO,"<p>NACIONAL</p>
",ENCOMENDA,"<p>O preço apresentado é referente a uma unidade. O valor total será calculado após envio da encomenda, estando&nbsp; dependente da quantidade mínima obrigatória. <span><span>Preços válidos salvo ruptura de stock, erro tipográfico ou fotográfico.</span></span></p>
",,,,,,,,,,,,,,,HARDMAN,110012,General Tools,Tools for The Workshop and Garage\General Tools,2025-06-27T13:51:14.652274
product_4f929b32-570a-2397-bb41-539d3dc3bfd9,Variant,,,,,,,,0.76,TRUE,,,InStock,,,,,11.5cm - M00415,,,,,,,,,,,,,,,,,,,,,,,,,,,,,,,,,,,,,,
product_4f929b32-570a-2397-bb41-539d3dc3bfd9,Variant,,,,,,,,,TRUE,,,InStock,,,,,10cm - M00414,,,,,,,,,,,,,,,,,,,,,,,,,,,,,,,,,,,,,,
product_4f929b32-570a-2397-bb41-539d3dc3bfd9,Variant,,,,,,,,1.36,TRUE,,,InStock,,,,,14cm - M00416,,,,,,,,,,,,,,,,,,,,,,,,,,,,,,,,,,,,,,
product_e6887719-fe85-7eb1-c723-963aca89b0bd,Product,Ancinho Madeira Dente Prego,<p>Cor:&nbsp; Castanha</p><p>Material: madeira</p><p>Embalagem: stiker</p><p>Quantidade mínima de compra 1 unidade</p><p>Preço especial na compra de quantidades maiores</p><p>&nbsp;</p><p>&nbsp;</p>,55dd72_9b68168ab2b24e2bb5631158420122d2~mv2.jpg,,,,4.99,,FALSE,PERCENT,0,InStock,,,Medidas,DROP_DOWN,6 dentes - A01920;8 dentes - A01921;10 dentes - A01922,,,,,,,,,,,,,,,,INFORMAÇÕES DO PRODUTO,"<p>NACIONAL</p>
",ENCOMENDA,"<p>O preço apresentado é referente a uma unidade. O valor total será calculado após envio da encomenda, estando&nbsp; dependente da quantidade mínima obrigatória. <span><span>Preços válidos salvo ruptura de stock, erro tipográfico ou fotográfico.</span></span></p>
",,,,,,,,,,,,,,,HARDMAN,110012,General Tools,Tools for The Workshop and Garage\General Tools,2025-06-27T13:51:14.652331
product_e6887719-fe85-7eb1-c723-963aca89b0bd,Variant,,,,,,,,,TRUE,,,InStock,,,,,6 dentes - A01920,,,,,,,,,,,,,,,,,,,,,,,,,,,,,,,,,,,,,,
product_e6887719-fe85-7eb1-c723-963aca89b0bd,Variant,,,,,,,,1,TRUE,,,InStock,,,,,8 dentes - A01921,,,,,,,,,,,,,,,,,,,,,,,,,,,,,,,,,,,,,,
product_e6887719-fe85-7eb1-c723-963aca89b0bd,Variant,,,,,,,,2,TRUE,,,InStock,,,,,10 dentes - A01922,,,,,,,,,,,,,,,,,,,,,,,,,,,,,,,,,,,,,,
product_714cb250-d90f-014a-f3de-d7da82d51d97,Product,Pião,<p>Cor:&nbsp; Castanha</p><p>Material: madeira</p><p>Embalagem: stiker</p><p>Quantidade mínima de compra 1 unidade</p><p>Preço especial na compra de quantidades maiores</p><p>&nbsp;</p><p>&nbsp;</p>,55dd72_a6dd2eb56fe34f25b057614112d7041b~mv2.jpg,,,,2,,FALSE,PERCENT,0,InStock,,,Medidas,DROP_DOWN,P00002,,,,,,,,,,,,,,,,INFORMAÇÕES DO PRODUTO,"<p>NACIONAL</p>
",ENCOMENDA,"<p>O preço apresentado é referente a uma unidade. O valor total será calculado após envio da encomenda, estando&nbsp; dependente da quantidade mínima obrigatória. <span><span>Preços válidos salvo ruptura de stock, erro tipográfico ou fotográfico.</span></span></p>
",,,,,,,,,,,,,,,HARDMAN,110012,General Tools,Tools for The Workshop and Garage\General Tools,2025-06-27T13:51:14.652397
product_714cb250-d90f-014a-f3de-d7da82d51d97,Variant,,,,,,,,,TRUE,,,InStock,,,,,P00002,,,,,,,,,,,,,,,,,,,,,,,,,,,,,,,,,,,,,,
product_b1c7199d-c8ef-a822-1c53-1d6f7f3e1677,Product,Rodo Madeira,<p>Cor:&nbsp; Castanha</p><p>Material: madeira</p><p>Embalagem: stiker</p><p>Quantidade mínima de compra 1 unidade</p><p>Preço especial na compra de quantidades maiores</p><p>&nbsp;</p><p>&nbsp;</p>,55dd72_46f40ad6f63a4055b6f6c4caf181425b~mv2.jpg,,,,2.38,,TRUE,PERCENT,0,InStock,,,Medidas,DROP_DOWN,30cm - R02213;35cm - R02214;40cm - R02215;50cm - R02216;60cm - R02217;80cm borracha dupla - R02223,,,,,,,,,,,,,,,,INFORMAÇÕES DO PRODUTO,"<p>NACIONAL</p>
",ENCOMENDA,"<p>O preço apresentado é referente a uma unidade. O valor total será calculado após envio da encomenda, estando&nbsp; dependente da quantidade mínima obrigatória. <span><span>Preços válidos salvo ruptura de stock, erro tipográfico ou fotográfico.</span></span></p>
",,,,,,,,,,,,,,,HARDMAN,110012,General Tools,Tools for The Workshop and Garage\General Tools,2025-06-27T13:51:14.652435
product_b1c7199d-c8ef-a822-1c53-1d6f7f3e1677,Variant,,,,,,,,0.2,TRUE,,,InStock,,,,,35cm - R02214,,,,,,,,,,,,,,,,,,,,,,,,,,,,,,,,,,,,,,
product_b1c7199d-c8ef-a822-1c53-1d6f7f3e1677,Variant,,,,,,,,0.59,TRUE,,,InStock,,,,,50cm - R02216,,,,,,,,,,,,,,,,,,,,,,,,,,,,,,,,,,,,,,
product_b1c7199d-c8ef-a822-1c53-1d6f7f3e1677,Variant,,,,,,,,,TRUE,,,InStock,,,,,30cm - R02213,,,,,,,,,,,,,,,,,,,,,,,,,,,,,,,,,,,,,,
product_b1c7199d-c8ef-a822-1c53-1d6f7f3e1677,Variant,,,,,,,,24.62,TRUE,,,InStock,,,,,80cm borracha dupla - R02223,,,,,,,,,,,,,,,,,,,,,,,,,,,,,,,,,,,,,,
product_b1c7199d-c8ef-a822-1c53-1d6f7f3e1677,Variant,,,,,,,,0.41,TRUE,,,InStock,,,,,40cm - R02215,,,,,,,,,,,,,,,,,,,,,,,,,,,,,,,,,,,,,,
product_b1c7199d-c8ef-a822-1c53-1d6f7f3e1677,Variant,,,,,,,,0.77,TRUE,,,InStock,,,,,60cm - R02217,,,,,,,,,,,,,,,,,,,,,,,,,,,,,,,,,,,,,,
product_88877bda-d3ff-edb2-41a9-6879f19c4498,Product,Crivo,<p>Cor:&nbsp; Castanha</p><p>Material: madeira</p><p>Embalagem: stiker</p><p>Quantidade mínima de compra 1 unidade</p><p>Preço especial na compra de quantidades maiores</p><p>&nbsp;</p><p>&nbsp;</p>,55dd72_eccc3c3612a747499025d110e6fe2f7e~mv2.jpg,,,,9,,TRUE,PERCENT,0,InStock,,,Medidas,DROP_DOWN,20cm - C07800;26cm - C07801;32cm - C07802;37cm - C07803;43cm - C07804,,,,,,,,,,,,,,,,INFORMAÇÕES DO PRODUTO,"<p>NACIONAL</p>
",ENCOMENDA,"<p>O preço apresentado é referente a uma unidade. O valor total será calculado após envio da encomenda, estando&nbsp; dependente da quantidade mínima obrigatória. <span><span>Preços válidos salvo ruptura de stock, erro tipográfico ou fotográfico.</span></span></p>
",,,,,,,,,,,,,,,HARDMAN,110012,General Tools,Tools for The Workshop and Garage\General Tools,2025-06-27T13:51:14.652586
product_88877bda-d3ff-edb2-41a9-6879f19c4498,Variant,,,,,,,,2,TRUE,,,InStock,,,,,32cm - C07802,,,,,,,,,,,,,,,,,,,,,,,,,,,,,,,,,,,,,,
product_88877bda-d3ff-edb2-41a9-6879f19c4498,Variant,,,,,,,,,TRUE,,,InStock,,,,,20cm - C07800,,,,,,,,,,,,,,,,,,,,,,,,,,,,,,,,,,,,,,
product_88877bda-d3ff-edb2-41a9-6879f19c4498,Variant,,,,,,,,15,TRUE,,,InStock,,,,,43cm - C07804,,,,,,,,,,,,,,,,,,,,,,,,,,,,,,,,,,,,,,
product_88877bda-d3ff-edb2-41a9-6879f19c4498,Variant,,,,,,,,1.4,TRUE,,,InStock,,,,,26cm - C07801,,,,,,,,,,,,,,,,,,,,,,,,,,,,,,,,,,,,,,
product_88877bda-d3ff-edb2-41a9-6879f19c4498,Variant,,,,,,,,4,TRUE,,,InStock,,,,,37cm - C07803,,,,,,,,,,,,,,,,,,,,,,,,,,,,,,,,,,,,,,
product_5b80a9ff-1727-2623-a62b-74b41b88e344,Product,Peneira,<p>Cor:&nbsp; Castanha</p><p>Material: madeira</p><p>Embalagem: stiker</p><p>Quantidade mínima de compra 1 unidade</p><p>Preço especial na compra de quantidades maiores</p><p>&nbsp;</p><p>&nbsp;</p>,55dd72_fd8fe70fa7d7426b9f3554b2c2b83969~mv2.jpg,,,,3.8,,TRUE,PERCENT,0,InStock,,,Medidas,DROP_DOWN,16.5cm - P01300;19cm - P01301;23cm - P01302;28cm - P01303;32cm - P01304;36cm - P01305,,,,,,,,,,,,,,,,INFORMAÇÕES DO PRODUTO,"<p>NACIONAL</p>
",ENCOMENDA,"<p>O preço apresentado é referente a uma unidade. O valor total será calculado após envio da encomenda, estando&nbsp; dependente da quantidade mínima obrigatória. <span><span>Preços válidos salvo ruptura de stock, erro tipográfico ou fotográfico.</span></span></p>
",,,,,,,,,,,,,,,HARDMAN,110012,General Tools,Tools for The Workshop and Garage\General Tools,2025-06-27T13:51:14.652681
product_5b80a9ff-1727-2623-a62b-74b41b88e344,Variant,,,,,,,,1.8,TRUE,,,InStock,,,,,32cm - P01304,,,,,,,,,,,,,,,,,,,,,,,,,,,,,,,,,,,,,,
product_5b80a9ff-1727-2623-a62b-74b41b88e344,Variant,,,,,,,,0.2,TRUE,,,InStock,,,,,19cm - P01301,,,,,,,,,,,,,,,,,,,,,,,,,,,,,,,,,,,,,,
product_5b80a9ff-1727-2623-a62b-74b41b88e344,Variant,,,,,,,,,TRUE,,,InStock,,,,,16.5cm - P01300,,,,,,,,,,,,,,,,,,,,,,,,,,,,,,,,,,,,,,
product_5b80a9ff-1727-2623-a62b-74b41b88e344,Variant,,,,,,,,1,TRUE,,,InStock,,,,,28cm - P01303,,,,,,,,,,,,,,,,,,,,,,,,,,,,,,,,,,,,,,
product_5b80a9ff-1727-2623-a62b-74b41b88e344,Variant,,,,,,,,2.8,TRUE,,,InStock,,,,,36cm - P01305,,,,,,,,,,,,,,,,,,,,,,,,,,,,,,,,,,,,,,
product_5b80a9ff-1727-2623-a62b-74b41b88e344,Variant,,,,,,,,0.4,TRUE,,,InStock,,,,,23cm - P01302,,,,,,,,,,,,,,,,,,,,,,,,,,,,,,,,,,,,,,
product_d758b3b4-7cbd-0262-89ce-24482b936171,Product,Máscara Protecção FFP2 c/ valvula ,Artigo certificado conforme normas europeias ,88efbe_7582c5b4b8d94a55aa1ef82d8e281b8e~mv2.jpg,Proteção e Segurança,,,0.5,,TRUE,PERCENT,0,InStock,,,,,,,,,,,,,,,,,,,,,,,,,,,,,,,,,,,,,,,,110012,General Tools,Tools for The Workshop and Garage\General Tools,2025-06-27T13:51:14.652770
product_aaa46bd5-0c85-c9f7-7999-f069d4bf563c,Product,Sacho Alce Nº1,<p>Cor:&nbsp; Melalizado</p><p>Material: Metal</p><p>Embalagem: stiker</p><p>Quantidade mínima de compra 1 unidade</p><p>Preço especial na compra de quantidades maiores</p><p>&nbsp;</p><p>&nbsp;</p>,55dd72_b7cc184d0b2548589b909fce4a82a74f~mv2.jpg,,,,7.95,,FALSE,PERCENT,0,InStock,,,Medidas,DROP_DOWN,Alce 120x80x70 cm - SH0106;C/ Peta 260x80x35 cm - SH0105;C/ bico 260x80x0 cm - SH0104;C/ Peta Dupla - SH0107,,,,,,,,,,,,,,,,INFORMAÇÕES DO PRODUTO,"<p>NACIONAL</p>
",ENCOMENDA,"<p>O preço apresentado é referente a uma unidade. O valor total será calculado após envio da encomenda, estando&nbsp; dependente da quantidade mínima obrigatória. <span><span>Preços válidos salvo ruptura de stock, erro tipográfico ou fotográfico.</span></span></p>
",,,,,,,,,,,,,,,HARDMAN,110012,General Tools,Tools for The Workshop and Garage\General Tools,2025-06-27T13:51:14.652811
product_aaa46bd5-0c85-c9f7-7999-f069d4bf563c,Variant,,,,,,,,0.4,TRUE,,,InStock,,,,,C/ Peta 260x80x35 cm - SH0105,,,,,,,,,,,,,,,,,,,,,,,,,,,,,,,,,,,,,,
product_aaa46bd5-0c85-c9f7-7999-f069d4bf563c,Variant,,,,,,,,0.55,TRUE,,,InStock,,,,,C/ Peta Dupla - SH0107,,,,,,,,,,,,,,,,,,,,,,,,,,,,,,,,,,,,,,
product_aaa46bd5-0c85-c9f7-7999-f069d4bf563c,Variant,,,,,,,,,TRUE,,,InStock,,,,,Alce 120x80x70 cm - SH0106,,,,,,,,,,,,,,,,,,,,,,,,,,,,,,,,,,,,,,
product_aaa46bd5-0c85-c9f7-7999-f069d4bf563c,Variant,,,,,,,,0.4,TRUE,,,InStock,,,,,C/ bico 260x80x0 cm - SH0104,,,,,,,,,,,,,,,,,,,,,,,,,,,,,,,,,,,,,,
product_7fc61aea-7834-0ca0-ae54-e4c856c52a75,Product,Sacho Alce Nº0,<p>Cor:&nbsp; Melalizado</p><p>Material: Metal</p><p>Embalagem: stiker</p><p>Quantidade mínima de compra 1 unidade</p><p>Preço especial na compra de quantidades maiores</p><p>&nbsp;</p><p>&nbsp;</p>,55dd72_b7cc184d0b2548589b909fce4a82a74f~mv2.jpg,,,,7.7,,FALSE,PERCENT,0,InStock,,,Medidas,DROP_DOWN,Alce 115x70x65 cm - SH0100;C/Peta 250x70x65 cm - SH0102;C/ Bico 250x70x65 cm - SH0101;C/ Peta Dupla 250x70x65 cm - SH0103,,,,,,,,,,,,,,,,INFORMAÇÕES DO PRODUTO,"<p>NACIONAL</p>
",ENCOMENDA,"<p>O preço apresentado é referente a uma unidade. O valor total será calculado após envio da encomenda, estando&nbsp; dependente da quantidade mínima obrigatória. <span><span>Preços válidos salvo ruptura de stock, erro tipográfico ou fotográfico.</span></span></p>
",,,,,,,,,,,,,,,HARDMAN,110012,General Tools,Tools for The Workshop and Garage\General Tools,2025-06-27T13:51:14.652896
product_7fc61aea-7834-0ca0-ae54-e4c856c52a75,Variant,,,,,,,,0.4,TRUE,,,InStock,,,,,C/ Bico 250x70x65 cm - SH0101,,,,,,,,,,,,,,,,,,,,,,,,,,,,,,,,,,,,,,
product_7fc61aea-7834-0ca0-ae54-e4c856c52a75,Variant,,,,,,,,,TRUE,,,InStock,,,,,Alce 115x70x65 cm - SH0100,,,,,,,,,,,,,,,,,,,,,,,,,,,,,,,,,,,,,,
product_7fc61aea-7834-0ca0-ae54-e4c856c52a75,Variant,,,,,,,,0.4,TRUE,,,InStock,,,,,C/Peta 250x70x65 cm - SH0102,,,,,,,,,,,,,,,,,,,,,,,,,,,,,,,,,,,,,,
product_7fc61aea-7834-0ca0-ae54-e4c856c52a75,Variant,,,,,,,,0.5,TRUE,,,InStock,,,,,C/ Peta Dupla 250x70x65 cm - SH0103,,,,,,,,,,,,,,,,,,,,,,,,,,,,,,,,,,,,,,
product_b3af21e5-4df0-5fa6-8992-f0de0b370fa8,Product,Sacho Viseu Nº0,<p>Cor:&nbsp; Melalizado</p><p>Material: Metal</p><p>Embalagem: stiker</p><p>Quantidade mínima de compra 1 unidade</p><p>Preço especial na compra de quantidades maiores</p><p>&nbsp;</p><p>&nbsp;</p>,55dd72_65083501c818427f93a3b467e55889af~mv2.jpg,,,,7.95,,FALSE,PERCENT,0,InStock,,,Medidas,DROP_DOWN,Viseu 135x95x85 cm - SH0706;C/Peta 280x95x85 cm - SH0701;C/Bico 280x95x85 cm - SH0709;C/2 Dentes 280x95x85 cm - SH0707;C/ 3 Dentes 280x95x85 cm - SH0708;C/ Peta Dupla 280x95x85 cm - SH0711,,,,,,,,,,,,,,,,INFORMAÇÕES DO PRODUTO,"<p>NACIONAL</p>
",ENCOMENDA,"<p>O preço apresentado é referente a uma unidade. O valor total será calculado após envio da encomenda, estando&nbsp; dependente da quantidade mínima obrigatória. <span><span>Preços válidos salvo ruptura de stock, erro tipográfico ou fotográfico.</span></span></p>
",,,,,,,,,,,,,,,HARDMAN,110012,General Tools,Tools for The Workshop and Garage\General Tools,2025-06-27T13:51:14.653030
product_b3af21e5-4df0-5fa6-8992-f0de0b370fa8,Variant,,,,,,,,1.5,TRUE,,,InStock,,,,,C/ Peta Dupla 280x95x85 cm - SH0711,,,,,,,,,,,,,,,,,,,,,,,,,,,,,,,,,,,,,,
product_b3af21e5-4df0-5fa6-8992-f0de0b370fa8,Variant,,,,,,,,0.95,TRUE,,,InStock,,,,,C/2 Dentes 280x95x85 cm - SH0707,,,,,,,,,,,,,,,,,,,,,,,,,,,,,,,,,,,,,,
product_b3af21e5-4df0-5fa6-8992-f0de0b370fa8,Variant,,,,,,,,,TRUE,,,InStock,,,,,Viseu 135x95x85 cm - SH0706,,,,,,,,,,,,,,,,,,,,,,,,,,,,,,,,,,,,,,
product_b3af21e5-4df0-5fa6-8992-f0de0b370fa8,Variant,,,,,,,,0.95,TRUE,,,InStock,,,,,C/Bico 280x95x85 cm - SH0709,,,,,,,,,,,,,,,,,,,,,,,,,,,,,,,,,,,,,,
product_b3af21e5-4df0-5fa6-8992-f0de0b370fa8,Variant,,,,,,,,0.95,TRUE,,,InStock,,,,,C/Peta 280x95x85 cm - SH0701,,,,,,,,,,,,,,,,,,,,,,,,,,,,,,,,,,,,,,
product_b3af21e5-4df0-5fa6-8992-f0de0b370fa8,Variant,,,,,,,,1.2,TRUE,,,InStock,,,,,C/ 3 Dentes 280x95x85 cm - SH0708,,,,,,,,,,,,,,,,,,,,,,,,,,,,,,,,,,,,,,
product_38c43f2e-5ebb-b1b8-cefd-51e6d6d86f43,Product,Sacho Viseu Nº2/0,<p>Cor:&nbsp; Melalizado</p><p>Material: Metal</p><p>Embalagem: stiker</p><p>Quantidade mínima de compra 1 unidade</p><p>Preço especial na compra de quantidades maiores</p><p>&nbsp;</p><p>&nbsp;</p>,55dd72_65083501c818427f93a3b467e55889af~mv2.jpg,,,,7.8,,FALSE,PERCENT,0,InStock,,,Medidas,DROP_DOWN,Viseu 125x95x85 cm - SH0700;C/Peta 275x95x85 cm - SH0704;C/ Bico 275x95x85 cm - SH0703;C/ 2 Dentes 275x95x85 cm - SH0701;C/ 3 Dentes 275x95x85 cm - SH0702;C/ Peta Dupla 275x95x85 cm - SH0705,,,,,,,,,,,,,,,,INFORMAÇÕES DO PRODUTO,"<p>NACIONAL</p>
",ENCOMENDA,"<p>O preço apresentado é referente a uma unidade. O valor total será calculado após envio da encomenda, estando&nbsp; dependente da quantidade mínima obrigatória. <span><span>Preços válidos salvo ruptura de stock, erro tipográfico ou fotográfico.</span></span></p>
",,,,,,,,,,,,,,,HARDMAN,110012,General Tools,Tools for The Workshop and Garage\General Tools,2025-06-27T13:51:14.653126
product_38c43f2e-5ebb-b1b8-cefd-51e6d6d86f43,Variant,,,,,,,,0.7,TRUE,,,InStock,,,,,C/Peta 275x95x85 cm - SH0704,,,,,,,,,,,,,,,,,,,,,,,,,,,,,,,,,,,,,,
product_38c43f2e-5ebb-b1b8-cefd-51e6d6d86f43,Variant,,,,,,,,1.15,TRUE,,,InStock,,,,,C/ 3 Dentes 275x95x85 cm - SH0702,,,,,,,,,,,,,,,,,,,,,,,,,,,,,,,,,,,,,,
product_38c43f2e-5ebb-b1b8-cefd-51e6d6d86f43,Variant,,,,,,,,0.7,TRUE,,,InStock,,,,,C/ Bico 275x95x85 cm - SH0703,,,,,,,,,,,,,,,,,,,,,,,,,,,,,,,,,,,,,,
product_38c43f2e-5ebb-b1b8-cefd-51e6d6d86f43,Variant,,,,,,,,,TRUE,,,InStock,,,,,Viseu 125x95x85 cm - SH0700,,,,,,,,,,,,,,,,,,,,,,,,,,,,,,,,,,,,,,
product_38c43f2e-5ebb-b1b8-cefd-51e6d6d86f43,Variant,,,,,,,,0.95,TRUE,,,InStock,,,,,C/ 2 Dentes 275x95x85 cm - SH0701,,,,,,,,,,,,,,,,,,,,,,,,,,,,,,,,,,,,,,
product_38c43f2e-5ebb-b1b8-cefd-51e6d6d86f43,Variant,,,,,,,,1.5,TRUE,,,InStock,,,,,C/ Peta Dupla 275x95x85 cm - SH0705,,,,,,,,,,,,,,,,,,,,,,,,,,,,,,,,,,,,,,
product_4475b9c3-b5b7-9409-593e-f3f4d7a26d8f,Product,Sacho Feijão,<p>Cor:&nbsp; Melalizado</p><p>Material: Metal</p><p>Embalagem: stiker</p><p>Quantidade mínima de compra 1 unidade</p><p>Preço especial na compra de quantidades maiores</p><p>&nbsp;</p><p>&nbsp;</p>,55dd72_9133f59abe364eb39cec186847843fa3~mv2.jpg,,,,6.7,,FALSE,PERCENT,0,InStock,,,Medidas,DROP_DOWN,Feijao 120x100 cm - SH0300;c/ Peta 250x100 cm - SH0305;c/Bico 250x100 cm - SH0301;C/2 Dentes 250x100 cm - SH0302;C/ 3 dentes 250x100 cm - SH0303;c/ 4 dentes 250x100 cm - SH0304,,,,,,,,,,,,,,,,INFORMAÇÕES DO PRODUTO,"<p>NACIONAL</p>
",ENCOMENDA,"<p>O preço apresentado é referente a uma unidade. O valor total será calculado após envio da encomenda, estando&nbsp; dependente da quantidade mínima obrigatória. <span><span>Preços válidos salvo ruptura de stock, erro tipográfico ou fotográfico.</span></span></p>
",,,,,,,,,,,,,,,HARDMAN,110012,General Tools,Tools for The Workshop and Garage\General Tools,2025-06-27T13:51:14.653237
product_4475b9c3-b5b7-9409-593e-f3f4d7a26d8f,Variant,,,,,,,,1.7,TRUE,,,InStock,,,,,C/ 3 dentes 250x100 cm - SH0303,,,,,,,,,,,,,,,,,,,,,,,,,,,,,,,,,,,,,,
product_4475b9c3-b5b7-9409-593e-f3f4d7a26d8f,Variant,,,,,,,,1.4,TRUE,,,InStock,,,,,C/2 Dentes 250x100 cm - SH0302,,,,,,,,,,,,,,,,,,,,,,,,,,,,,,,,,,,,,,
product_4475b9c3-b5b7-9409-593e-f3f4d7a26d8f,Variant,,,,,,,,0.55,TRUE,,,InStock,,,,,c/Bico 250x100 cm - SH0301,,,,,,,,,,,,,,,,,,,,,,,,,,,,,,,,,,,,,,
product_4475b9c3-b5b7-9409-593e-f3f4d7a26d8f,Variant,,,,,,,,2,TRUE,,,InStock,,,,,c/ 4 dentes 250x100 cm - SH0304,,,,,,,,,,,,,,,,,,,,,,,,,,,,,,,,,,,,,,
product_4475b9c3-b5b7-9409-593e-f3f4d7a26d8f,Variant,,,,,,,,,TRUE,,,InStock,,,,,Feijao 120x100 cm - SH0300,,,,,,,,,,,,,,,,,,,,,,,,,,,,,,,,,,,,,,
product_4475b9c3-b5b7-9409-593e-f3f4d7a26d8f,Variant,,,,,,,,0.55,TRUE,,,InStock,,,,,c/ Peta 250x100 cm - SH0305,,,,,,,,,,,,,,,,,,,,,,,,,,,,,,,,,,,,,,
product_46db3a6d-05d0-9858-f80c-b77a9d222cb4,Product,Pá (colher) Jardim,<p>Cor:&nbsp; Melalizado</p><p>Material: Metal</p><p>Embalagem: stiker</p><p>Quantidade mínima de compra 1 unidade</p><p>Preço especial na compra de quantidades maiores</p><p>&nbsp;</p><p>&nbsp;</p>,55dd72_6ae374955bc44cf984a0d8b399ece08d~mv2.jpg,,,,4.73,,FALSE,PERCENT,0,InStock,,,Medidas,DROP_DOWN,Nº1 160X0X90CM - P00127;Nº2 180X0X100 - P00128,,,,,,,,,,,,,,,,INFORMAÇÕES DO PRODUTO,"<p>NACIONAL</p>
",ENCOMENDA,"<p>O preço apresentado é referente a uma unidade. O valor total será calculado após envio da encomenda, estando&nbsp; dependente da quantidade mínima obrigatória. <span><span>Preços válidos salvo ruptura de stock, erro tipográfico ou fotográfico.</span></span></p>
",,,,,,,,,,,,,,,HARDMAN,110006,Trowels and Spatulas,Construction and Renovation\Hand Tools\Trowels and Spatulas,2025-06-27T13:51:14.653330
product_46db3a6d-05d0-9858-f80c-b77a9d222cb4,Variant,,,,,,,,,TRUE,,,InStock,,,,,Nº2 180X0X100 - P00128,,,,,,,,,,,,,,,,,,,,,,,,,,,,,,,,,,,,,,
product_46db3a6d-05d0-9858-f80c-b77a9d222cb4,Variant,,,,,,,,,TRUE,,,InStock,,,,,Nº1 160X0X90CM - P00127,,,,,,,,,,,,,,,,,,,,,,,,,,,,,,,,,,,,,,
product_4fdf7038-f3d0-9de9-0887-6520c6b36989,Product,Sacho de Plantação,<p>Cor:&nbsp; Melalizado</p><p>Material: Metal</p><p>Embalagem: stiker</p><p>Quantidade mínima de compra 1 unidade</p><p>Preço especial na compra de quantidades maiores</p><p>&nbsp;</p><p>&nbsp;</p>,55dd72_9980b533a5f843d0bc56a256fbc01a24~mv2.jpg,,,,9.45,,FALSE,PERCENT,0,InStock,,,Medidas,DROP_DOWN,Nº0 150X0X70 - SH0800;Nº1 170X0X80 - SH0801;Nº2 200X0X90 - SH0802,,,,,,,,,,,,,,,,INFORMAÇÕES DO PRODUTO,"<p>NACIONAL</p>
",ENCOMENDA,"<p>O preço apresentado é referente a uma unidade. O valor total será calculado após envio da encomenda, estando&nbsp; dependente da quantidade mínima obrigatória. <span><span>Preços válidos salvo ruptura de stock, erro tipográfico ou fotográfico.</span></span></p>
",,,,,,,,,,,,,,,HARDMAN,110012,General Tools,Tools for The Workshop and Garage\General Tools,2025-06-27T13:51:14.653382
product_4fdf7038-f3d0-9de9-0887-6520c6b36989,Variant,,,,,,,,,TRUE,,,InStock,,,,,Nº1 170X0X80 - SH0801,,,,,,,,,,,,,,,,,,,,,,,,,,,,,,,,,,,,,,
product_4fdf7038-f3d0-9de9-0887-6520c6b36989,Variant,,,,,,,,0.2,TRUE,,,InStock,,,,,Nº2 200X0X90 - SH0802,,,,,,,,,,,,,,,,,,,,,,,,,,,,,,,,,,,,,,
product_4fdf7038-f3d0-9de9-0887-6520c6b36989,Variant,,,,,,,,,TRUE,,,InStock,,,,,Nº0 150X0X70 - SH0800,,,,,,,,,,,,,,,,,,,,,,,,,,,,,,,,,,,,,,
product_d5a455dd-4ce6-eeb6-c7f4-e377a05fa0c7,Product,Sacho de Jardim,<p>Cor:&nbsp; Melalizado</p><p>Material: Metal</p><p>Embalagem: stiker</p><p>Quantidade mínima de compra 1 unidade</p><p>Preço especial na compra de quantidades maiores</p><p>&nbsp;</p><p>&nbsp;</p>,55dd72_8ff51fdefc894804bc185f48a64d2b95~mv2.jpg,,,,5.3,,FALSE,PERCENT,0,InStock,,,Medidas,DROP_DOWN,Bico 130x0x60 - SH0400;Bico+2dentes 180 - SH0401;Bico+Peta 180 - SH0402;Peta+2Dentes 180 - SH0403,,,,,,,,,,,,,,,,INFORMAÇÕES DO PRODUTO,"<p>NACIONAL</p>
",ENCOMENDA,"<p>O preço apresentado é referente a uma unidade. O valor total será calculado após envio da encomenda, estando&nbsp; dependente da quantidade mínima obrigatória. <span><span>Preços válidos salvo ruptura de stock, erro tipográfico ou fotográfico.</span></span></p>
",,,,,,,,,,,,,,,HARDMAN,110012,General Tools,Tools for The Workshop and Garage\General Tools,2025-06-27T13:51:14.653494
product_d5a455dd-4ce6-eeb6-c7f4-e377a05fa0c7,Variant,,,,,,,,0.1,TRUE,,,InStock,,,,,Bico+Peta 180 - SH0402,,,,,,,,,,,,,,,,,,,,,,,,,,,,,,,,,,,,,,
product_d5a455dd-4ce6-eeb6-c7f4-e377a05fa0c7,Variant,,,,,,,,,TRUE,,,InStock,,,,,Bico 130x0x60 - SH0400,,,,,,,,,,,,,,,,,,,,,,,,,,,,,,,,,,,,,,
product_d5a455dd-4ce6-eeb6-c7f4-e377a05fa0c7,Variant,,,,,,,,0.1,TRUE,,,InStock,,,,,Peta+2Dentes 180 - SH0403,,,,,,,,,,,,,,,,,,,,,,,,,,,,,,,,,,,,,,
product_d5a455dd-4ce6-eeb6-c7f4-e377a05fa0c7,Variant,,,,,,,,0.1,TRUE,,,InStock,,,,,Bico+2dentes 180 - SH0401,,,,,,,,,,,,,,,,,,,,,,,,,,,,,,,,,,,,,,
product_2c10f44a-e463-9df5-1125-519bea5524fa,Product,Sacho com Cabo,<p>Cor:&nbsp; Melalizado</p><p>Material: Metal</p><p>Embalagem: stiker</p><p>Quantidade mínima de compra 1 unidade</p><p>Preço especial na compra de quantidades maiores</p><p>&nbsp;</p><p>&nbsp;</p>,55dd72_927dd9adf2724cffb9ddb94f950c7dab~mv2.jpg,,,,4.85,,TRUE,PERCENT,0,InStock,,,Medidas,DROP_DOWN,Sacho 100x80x70 - SH0200;c/Peta 220x80x30 - SH0206;c/Bico 220x80 - SH0201;c/2 Dentes 220x80x40 - SH0202;c/ 3 Dentes 220x80x75 - SH0203;Diabito 220x0x75 - SH0205;Bico 220x0x60 - SH0204,,,,,,,,,,,,,,,,INFORMAÇÕES DO PRODUTO,"<p>NACIONAL</p>
",ENCOMENDA,"<p>O preço apresentado é referente a uma unidade. O valor total será calculado após envio da encomenda, estando&nbsp; dependente da quantidade mínima obrigatória. <span><span>Preços válidos salvo ruptura de stock, erro tipográfico ou fotográfico.</span></span></p>
",,,,,,,,,,,,,,,HARDMAN,110010,Cables and Extensions,Tools for Electricians\Cables and Extensions,2025-06-27T13:51:14.653566
product_2c10f44a-e463-9df5-1125-519bea5524fa,Variant,,,,,,,,2.85,TRUE,,,InStock,,,,,Diabito 220x0x75 - SH0205,,,,,,,,,,,,,,,,,,,,,,,,,,,,,,,,,,,,,,
product_2c10f44a-e463-9df5-1125-519bea5524fa,Variant,,,,,,,,0.95,TRUE,,,InStock,,,,,c/2 Dentes 220x80x40 - SH0202,,,,,,,,,,,,,,,,,,,,,,,,,,,,,,,,,,,,,,
product_2c10f44a-e463-9df5-1125-519bea5524fa,Variant,,,,,,,,0.45,TRUE,,,InStock,,,,,Bico 220x0x60 - SH0204,,,,,,,,,,,,,,,,,,,,,,,,,,,,,,,,,,,,,,
product_2c10f44a-e463-9df5-1125-519bea5524fa,Variant,,,,,,,,0.55,TRUE,,,InStock,,,,,c/Peta 220x80x30 - SH0206,,,,,,,,,,,,,,,,,,,,,,,,,,,,,,,,,,,,,,
product_2c10f44a-e463-9df5-1125-519bea5524fa,Variant,,,,,,,,0.55,TRUE,,,InStock,,,,,c/Bico 220x80 - SH0201,,,,,,,,,,,,,,,,,,,,,,,,,,,,,,,,,,,,,,
product_2c10f44a-e463-9df5-1125-519bea5524fa,Variant,,,,,,,,1.35,TRUE,,,InStock,,,,,c/ 3 Dentes 220x80x75 - SH0203,,,,,,,,,,,,,,,,,,,,,,,,,,,,,,,,,,,,,,
product_2c10f44a-e463-9df5-1125-519bea5524fa,Variant,,,,,,,,,TRUE,,,InStock,,,,,Sacho 100x80x70 - SH0200,,,,,,,,,,,,,,,,,,,,,,,,,,,,,,,,,,,,,,
product_29e69226-b33b-b037-0a87-9ba2a7ecfe42,Product,Pescasses,<p>Cor:&nbsp; Melalizado</p><p>Material: Metal</p><p>Embalagem: stiker</p><p>Quantidade mínima de compra 1 unidade ( CAIXA com 100 unidades)</p><p>Preço especial na compra de quantidades maiores</p><p>&nbsp;</p><p>&nbsp;</p>,55dd72_1164ad33fe854be590407bfd7f1b7f91~mv2.jpg,,,,0.63,,TRUE,PERCENT,0,InStock,,,Medidas,DROP_DOWN,nº8 - P01700;nº10 - P01701,,,,,,,,,,,,,,,,INFORMAÇÕES DO PRODUTO,"<p>NACIONAL</p>
",ENCOMENDA,"<p>O preço apresentado é referente a uma unidade. O valor total será calculado após envio da encomenda, estando&nbsp; dependente da quantidade mínima obrigatória. <span><span>Preços válidos salvo ruptura de stock, erro tipográfico ou fotográfico.</span></span></p>
",,,,,,,,,,,,,,,HARDMAN,110012,General Tools,Tools for The Workshop and Garage\General Tools,2025-06-27T13:51:14.653668
product_29e69226-b33b-b037-0a87-9ba2a7ecfe42,Variant,,,,,,,,,TRUE,,,InStock,,,,,nº8 - P01700,,,,,,,,,,,,,,,,,,,,,,,,,,,,,,,,,,,,,,
product_29e69226-b33b-b037-0a87-9ba2a7ecfe42,Variant,,,,,,,,,TRUE,,,InStock,,,,,nº10 - P01701,,,,,,,,,,,,,,,,,,,,,,,,,,,,,,,,,,,,,,
product_59169a9a-0d20-13dc-977f-6cc9a1258dea,Product,Cunhas para Enxadas,<p>Cor:&nbsp; Melalizado</p><p>Material: Metal</p><p>Embalagem: stiker</p><p>Quantidade mínima de compra 1 unidade ( CAIXA com 100 unidades)</p><p>Preço especial na compra de quantidades maiores</p><p>&nbsp;</p><p>&nbsp;</p>,55dd72_037c22359449430d8d73e601b6a0023f~mv2.jpg,,,,0.63,,TRUE,PERCENT,0,InStock,,,Medidas,DROP_DOWN,nº8 - C08100;nº10 - C08101;nº12 - C08102;nº16 - C08103,,,,,,,,,,,,,,,,INFORMAÇÕES DO PRODUTO,"<p>NACIONAL</p>
",ENCOMENDA,"<p>O preço apresentado é referente a uma unidade. O valor total será calculado após envio da encomenda, estando&nbsp; dependente da quantidade mínima obrigatória. <span><span>Preços válidos salvo ruptura de stock, erro tipográfico ou fotográfico.</span></span></p>
",,,,,,,,,,,,,,,HARDMAN,110012,General Tools,Tools for The Workshop and Garage\General Tools,2025-06-27T13:51:14.653738
product_59169a9a-0d20-13dc-977f-6cc9a1258dea,Variant,,,,,,,,,TRUE,,,InStock,,,,,nº12 - C08102,,,,,,,,,,,,,,,,,,,,,,,,,,,,,,,,,,,,,,
product_59169a9a-0d20-13dc-977f-6cc9a1258dea,Variant,,,,,,,,,TRUE,,,InStock,,,,,nº16 - C08103,,,,,,,,,,,,,,,,,,,,,,,,,,,,,,,,,,,,,,
product_59169a9a-0d20-13dc-977f-6cc9a1258dea,Variant,,,,,,,,,TRUE,,,InStock,,,,,nº10 - C08101,,,,,,,,,,,,,,,,,,,,,,,,,,,,,,,,,,,,,,
product_59169a9a-0d20-13dc-977f-6cc9a1258dea,Variant,,,,,,,,,TRUE,,,InStock,,,,,nº8 - C08100,,,,,,,,,,,,,,,,,,,,,,,,,,,,,,,,,,,,,,
product_556b4ce8-992e-c17a-e787-ee26bc7e0af9,Product,Enxada de Bico Turquel,<p>Cor:&nbsp; Melalizado</p><p>Material: Metal</p><p>Embalagem: stiker</p><p>Quantidade mínima de compra 1 unidade</p><p>Preço especial na compra de quantidades maiores</p><p>&nbsp;</p><p>&nbsp;</p>,55dd72_0fb5d3ed279045b488c0c25ad1cac90a~mv2.jpg,,,,16.25,,FALSE,PERCENT,0,InStock,,,Medidas,DROP_DOWN,315x120x110 cm - EN1500,,,,,,,,,,,,,,,,INFORMAÇÕES DO PRODUTO,"<p>NACIONAL</p>
",ENCOMENDA,"<p>O preço apresentado é referente a uma unidade. O valor total será calculado após envio da encomenda, estando&nbsp; dependente da quantidade mínima obrigatória. <span><span>Preços válidos salvo ruptura de stock, erro tipográfico ou fotográfico.</span></span></p>
",,,,,,,,,,,,,,,HARDMAN,110012,General Tools,Tools for The Workshop and Garage\General Tools,2025-06-27T13:51:14.653805
product_556b4ce8-992e-c17a-e787-ee26bc7e0af9,Variant,,,,,,,,,TRUE,,,InStock,,,,,315x120x110 cm - EN1500,,,,,,,,,,,,,,,,,,,,,,,,,,,,,,,,,,,,,,
product_6dc04830-1f9b-6d27-f91c-87233e0fb492,Product,Enxada Pontas Meia Redonda Turquel,<p>Cor:&nbsp; Melalizado</p><p>Material: Metal</p><p>Embalagem: stiker</p><p>Quantidade mínima de compra 1 unidade</p><p>Preço especial na compra de quantidades maiores</p><p>&nbsp;</p><p>&nbsp;</p>,55dd72_d14114053e364a9dace94124ad304bac~mv2.jpg,,,,18.65,,FALSE,PERCENT,0,InStock,,,Medidas,DROP_DOWN,Nº1 210X105 - EN1034;Nº2 225X125 - EN1030;Nº3 260X140 - EN1026,,,,,,,,,,,,,,,,INFORMAÇÕES DO PRODUTO,"<p>NACIONAL</p>
",ENCOMENDA,"<p>O preço apresentado é referente a uma unidade. O valor total será calculado após envio da encomenda, estando&nbsp; dependente da quantidade mínima obrigatória. <span><span>Preços válidos salvo ruptura de stock, erro tipográfico ou fotográfico.</span></span></p>
",,,,,,,,,,,,,,,HARDMAN,110012,General Tools,Tools for The Workshop and Garage\General Tools,2025-06-27T13:51:14.654030
product_6dc04830-1f9b-6d27-f91c-87233e0fb492,Variant,,,,,,,,1.25,TRUE,,,InStock,,,,,Nº3 260X140 - EN1026,,,,,,,,,,,,,,,,,,,,,,,,,,,,,,,,,,,,,,
product_6dc04830-1f9b-6d27-f91c-87233e0fb492,Variant,,,,,,,,0.65,TRUE,,,InStock,,,,,Nº2 225X125 - EN1030,,,,,,,,,,,,,,,,,,,,,,,,,,,,,,,,,,,,,,
product_6dc04830-1f9b-6d27-f91c-87233e0fb492,Variant,,,,,,,,,TRUE,,,InStock,,,,,Nº1 210X105 - EN1034,,,,,,,,,,,,,,,,,,,,,,,,,,,,,,,,,,,,,,
product_4c1ff90e-138b-cbda-8ea5-b43be293985e,Product,Enxada Pontas RedondasTurquel,<p>Cor:&nbsp; Melalizado</p><p>Material: Metal</p><p>Embalagem: stiker</p><p>Quantidade mínima de compra 1 unidade</p><p>Preço especial na compra de quantidades maiores</p><p>&nbsp;</p><p>&nbsp;</p>,55dd72_8c40421b8fe64bc4a25356f7e3b6f757~mv2.jpg,,,,18.65,,FALSE,PERCENT,0,InStock,,,Medidas,DROP_DOWN,Nº1 210X105 - EN1033;Nº2 225X125 - EN1029;Nº3 260X140 - EN1025,,,,,,,,,,,,,,,,INFORMAÇÕES DO PRODUTO,"<p>NACIONAL</p>
",ENCOMENDA,"<p>O preço apresentado é referente a uma unidade. O valor total será calculado após envio da encomenda, estando&nbsp; dependente da quantidade mínima obrigatória. <span><span>Preços válidos salvo ruptura de stock, erro tipográfico ou fotográfico.</span></span></p>
",,,,,,,,,,,,,,,HARDMAN,110012,General Tools,Tools for The Workshop and Garage\General Tools,2025-06-27T13:51:14.654095
product_4c1ff90e-138b-cbda-8ea5-b43be293985e,Variant,,,,,,,,0.65,TRUE,,,InStock,,,,,Nº2 225X125 - EN1029,,,,,,,,,,,,,,,,,,,,,,,,,,,,,,,,,,,,,,
product_4c1ff90e-138b-cbda-8ea5-b43be293985e,Variant,,,,,,,,1.25,TRUE,,,InStock,,,,,Nº3 260X140 - EN1025,,,,,,,,,,,,,,,,,,,,,,,,,,,,,,,,,,,,,,
product_4c1ff90e-138b-cbda-8ea5-b43be293985e,Variant,,,,,,,,,TRUE,,,InStock,,,,,Nº1 210X105 - EN1033,,,,,,,,,,,,,,,,,,,,,,,,,,,,,,,,,,,,,,
product_022329c4-dee6-0b79-3f30-79cbc317ad41,Product,Enxada Pontas Bico Turquel,<p>Cor:&nbsp; Melalizado</p><p>Material: Metal</p><p>Embalagem: stiker</p><p>Quantidade mínima de compra 1 unidade</p><p>Preço especial na compra de quantidades maiores</p><p>&nbsp;</p><p>&nbsp;</p>,55dd72_c71c02acfed0444ca2d705ce9c61abdb~mv2.jpg,,,,18.65,,FALSE,PERCENT,0,InStock,,,Medidas,DROP_DOWN,Nº1 210X105 - EN1032;Nº2 225X125 - EN1028;Nº3 260X140 - EN1024,,,,,,,,,,,,,,,,INFORMAÇÕES DO PRODUTO,"<p>NACIONAL</p>
",ENCOMENDA,"<p>O preço apresentado é referente a uma unidade. O valor total será calculado após envio da encomenda, estando&nbsp; dependente da quantidade mínima obrigatória. <span><span>Preços válidos salvo ruptura de stock, erro tipográfico ou fotográfico.</span></span></p>
",,,,,,,,,,,,,,,HARDMAN,110012,General Tools,Tools for The Workshop and Garage\General Tools,2025-06-27T13:51:14.654154
product_022329c4-dee6-0b79-3f30-79cbc317ad41,Variant,,,,,,,,1.25,TRUE,,,InStock,,,,,Nº3 260X140 - EN1024,,,,,,,,,,,,,,,,,,,,,,,,,,,,,,,,,,,,,,
product_022329c4-dee6-0b79-3f30-79cbc317ad41,Variant,,,,,,,,,TRUE,,,InStock,,,,,Nº1 210X105 - EN1032,,,,,,,,,,,,,,,,,,,,,,,,,,,,,,,,,,,,,,
product_022329c4-dee6-0b79-3f30-79cbc317ad41,Variant,,,,,,,,0.65,TRUE,,,InStock,,,,,Nº2 225X125 - EN1028,,,,,,,,,,,,,,,,,,,,,,,,,,,,,,,,,,,,,,
product_7705e957-0d83-19c0-a886-e0572a08898e,Product,Enxada Pontas Faca Turquel,<p>Cor:&nbsp; Melalizado</p><p>Material: Metal</p><p>Embalagem: stiker</p><p>Quantidade mínima de compra 1 unidade</p><p>Preço especial na compra de quantidades maiores</p><p>&nbsp;</p><p>&nbsp;</p>,55dd72_aa82f8bbc5924667bf90c1cf29e4c68e~mv2.jpg,,,,18.65,,FALSE,PERCENT,0,InStock,,,Medidas,DROP_DOWN,Nº1 210X105 - EN1031;Nº2 225X125 - EN1027;Nº3 260X140 - EN1023,,,,,,,,,,,,,,,,INFORMAÇÕES DO PRODUTO,"<p>NACIONAL</p>
",ENCOMENDA,"<p>O preço apresentado é referente a uma unidade. O valor total será calculado após envio da encomenda, estando&nbsp; dependente da quantidade mínima obrigatória. <span><span>Preços válidos salvo ruptura de stock, erro tipográfico ou fotográfico.</span></span></p>
",,,,,,,,,,,,,,,HARDMAN,110012,General Tools,Tools for The Workshop and Garage\General Tools,2025-06-27T13:51:14.654209
product_7705e957-0d83-19c0-a886-e0572a08898e,Variant,,,,,,,,,TRUE,,,InStock,,,,,Nº1 210X105 - EN1031,,,,,,,,,,,,,,,,,,,,,,,,,,,,,,,,,,,,,,
product_7705e957-0d83-19c0-a886-e0572a08898e,Variant,,,,,,,,0.65,TRUE,,,InStock,,,,,Nº2 225X125 - EN1027,,,,,,,,,,,,,,,,,,,,,,,,,,,,,,,,,,,,,,
product_7705e957-0d83-19c0-a886-e0572a08898e,Variant,,,,,,,,1.25,TRUE,,,InStock,,,,,Nº3 260X140 - EN1023,,,,,,,,,,,,,,,,,,,,,,,,,,,,,,,,,,,,,,
product_458225b4-9bc5-5957-b192-0f6c4e0f6200,Product,Enxada Pontas Bico,<p>Cor:&nbsp; Melalizado</p><p>Material: Metal</p><p>Embalagem: stiker</p><p>Quantidade mínima de compra 1 unidade</p><p>Preço especial na compra de quantidades maiores</p><p>&nbsp;</p><p>&nbsp;</p>,55dd72_c71c02acfed0444ca2d705ce9c61abdb~mv2.jpg,,,,12.95,,FALSE,PERCENT,0,InStock,,,Medidas,DROP_DOWN,Mini 135X80X80 - EN1009;Eucalipto 175X105X100 - EN1010;Nº1 220X118X100 - EN1011;Nº1 1/2 240X120X110 - EN1021;Nº2 255X125X120 - EN1012;Nº3 285X125X120 - EN1013,,,,,,,,,,,,,,,,INFORMAÇÕES DO PRODUTO,"<p>NACIONAL</p>
",ENCOMENDA,"<p>O preço apresentado é referente a uma unidade. O valor total será calculado após envio da encomenda, estando&nbsp; dependente da quantidade mínima obrigatória. <span><span>Preços válidos salvo ruptura de stock, erro tipográfico ou fotográfico.</span></span></p>
",,,,,,,,,,,,,,,HARDMAN,110012,General Tools,Tools for The Workshop and Garage\General Tools,2025-06-27T13:51:14.654329
product_458225b4-9bc5-5957-b192-0f6c4e0f6200,Variant,,,,,,,,,TRUE,,,InStock,,,,,Mini 135X80X80 - EN1009,,,,,,,,,,,,,,,,,,,,,,,,,,,,,,,,,,,,,,
product_458225b4-9bc5-5957-b192-0f6c4e0f6200,Variant,,,,,,,,4.4,TRUE,,,InStock,,,,,Nº1 220X118X100 - EN1011,,,,,,,,,,,,,,,,,,,,,,,,,,,,,,,,,,,,,,
product_458225b4-9bc5-5957-b192-0f6c4e0f6200,Variant,,,,,,,,5.25,TRUE,,,InStock,,,,,Nº2 255X125X120 - EN1012,,,,,,,,,,,,,,,,,,,,,,,,,,,,,,,,,,,,,,
product_458225b4-9bc5-5957-b192-0f6c4e0f6200,Variant,,,,,,,,2.8,TRUE,,,InStock,,,,,Eucalipto 175X105X100 - EN1010,,,,,,,,,,,,,,,,,,,,,,,,,,,,,,,,,,,,,,
product_458225b4-9bc5-5957-b192-0f6c4e0f6200,Variant,,,,,,,,4.85,TRUE,,,InStock,,,,,Nº1 1/2 240X120X110 - EN1021,,,,,,,,,,,,,,,,,,,,,,,,,,,,,,,,,,,,,,
product_458225b4-9bc5-5957-b192-0f6c4e0f6200,Variant,,,,,,,,5.9,TRUE,,,InStock,,,,,Nº3 285X125X120 - EN1013,,,,,,,,,,,,,,,,,,,,,,,,,,,,,,,,,,,,,,
product_44115038-167e-9488-ec8a-1f5f880f9261,Product,Enxada Pontas Redondas,<p>Cor:&nbsp; Melalizado</p><p>Material: Metal</p><p>Embalagem: stiker</p><p>Quantidade mínima de compra 1 unidade</p><p>Preço especial na compra de quantidades maiores</p><p>&nbsp;</p><p>&nbsp;</p>,55dd72_8c40421b8fe64bc4a25356f7e3b6f757~mv2.jpg,,,,12.95,,FALSE,PERCENT,0,InStock,,,Medidas,DROP_DOWN,Mini 135x80x80 - EN1001;Eucalipto 175x105x100 - EN1002;Nº1 220X118X100 - EN1003;Nº1 1/2 240X120X110 - EN1020;Nº2 255X125X120 - EN1004;Nº3 - 285X125X120 - EN1005,,,,,,,,,,,,,,,,INFORMAÇÕES DO PRODUTO,"<p>NACIONAL</p>
",ENCOMENDA,"<p>O preço apresentado é referente a uma unidade. O valor total será calculado após envio da encomenda, estando&nbsp; dependente da quantidade mínima obrigatória. <span><span>Preços válidos salvo ruptura de stock, erro tipográfico ou fotográfico.</span></span></p>
",,,,,,,,,,,,,,,HARDMAN,110012,General Tools,Tools for The Workshop and Garage\General Tools,2025-06-27T13:51:14.654546
product_44115038-167e-9488-ec8a-1f5f880f9261,Variant,,,,,,,,5.9,TRUE,,,InStock,,,,,Nº3 - 285X125X120 - EN1005,,,,,,,,,,,,,,,,,,,,,,,,,,,,,,,,,,,,,,
product_44115038-167e-9488-ec8a-1f5f880f9261,Variant,,,,,,,,2.8,TRUE,,,InStock,,,,,Eucalipto 175x105x100 - EN1002,,,,,,,,,,,,,,,,,,,,,,,,,,,,,,,,,,,,,,
product_44115038-167e-9488-ec8a-1f5f880f9261,Variant,,,,,,,,4.4,TRUE,,,InStock,,,,,Nº1 220X118X100 - EN1003,,,,,,,,,,,,,,,,,,,,,,,,,,,,,,,,,,,,,,
product_44115038-167e-9488-ec8a-1f5f880f9261,Variant,,,,,,,,5.25,TRUE,,,InStock,,,,,Nº2 255X125X120 - EN1004,,,,,,,,,,,,,,,,,,,,,,,,,,,,,,,,,,,,,,
product_44115038-167e-9488-ec8a-1f5f880f9261,Variant,,,,,,,,4.85,TRUE,,,InStock,,,,,Nº1 1/2 240X120X110 - EN1020,,,,,,,,,,,,,,,,,,,,,,,,,,,,,,,,,,,,,,
product_44115038-167e-9488-ec8a-1f5f880f9261,Variant,,,,,,,,,TRUE,,,InStock,,,,,Mini 135x80x80 - EN1001,,,,,,,,,,,,,,,,,,,,,,,,,,,,,,,,,,,,,,
product_94bc4dcc-27c2-3ab7-19e3-4e6ab298f1dd,Product,Enxada Pontas Faca,<p>Cor:&nbsp; Melalizado</p><p>Material: Metal</p><p>Embalagem: stiker</p><p>Quantidade mínima de compra 1 unidade</p><p>Preço especial na compra de quantidades maiores</p><p>&nbsp;</p><p>&nbsp;</p>,55dd72_aa82f8bbc5924667bf90c1cf29e4c68e~mv2.jpg,,,,12.95,,FALSE,PERCENT,0,InStock,,,Medidas,DROP_DOWN,Mini 135X80X80 - EN1014;Eucalipto 175X105X100 - EN1015;Nº1 220X118X100 - EN1016;Nº2 255X125X120 - EN1018;Nº3 285X125X120 - EN1018;Nº1 1/2 240X120X110 - EN1022,,,,,,,,,,,,,,,,INFORMAÇÕES DO PRODUTO,"<p>NACIONAL</p>
",ENCOMENDA,"<p>O preço apresentado é referente a uma unidade. O valor total será calculado após envio da encomenda, estando&nbsp; dependente da quantidade mínima obrigatória. <span><span>Preços válidos salvo ruptura de stock, erro tipográfico ou fotográfico.</span></span></p>
",,,,,,,,,,,,,,,HARDMAN,110012,General Tools,Tools for The Workshop and Garage\General Tools,2025-06-27T13:51:14.654652
product_94bc4dcc-27c2-3ab7-19e3-4e6ab298f1dd,Variant,,,,,,,,5.9,TRUE,,,InStock,,,,,Nº1 1/2 240X120X110 - EN1022,,,,,,,,,,,,,,,,,,,,,,,,,,,,,,,,,,,,,,
product_94bc4dcc-27c2-3ab7-19e3-4e6ab298f1dd,Variant,,,,,,,,,TRUE,,,InStock,,,,,Mini 135X80X80 - EN1014,,,,,,,,,,,,,,,,,,,,,,,,,,,,,,,,,,,,,,
product_94bc4dcc-27c2-3ab7-19e3-4e6ab298f1dd,Variant,,,,,,,,4.85,TRUE,,,InStock,,,,,Nº2 255X125X120 - EN1018,,,,,,,,,,,,,,,,,,,,,,,,,,,,,,,,,,,,,,
product_94bc4dcc-27c2-3ab7-19e3-4e6ab298f1dd,Variant,,,,,,,,2.8,TRUE,,,InStock,,,,,Eucalipto 175X105X100 - EN1015,,,,,,,,,,,,,,,,,,,,,,,,,,,,,,,,,,,,,,
product_94bc4dcc-27c2-3ab7-19e3-4e6ab298f1dd,Variant,,,,,,,,5.25,TRUE,,,InStock,,,,,Nº3 285X125X120 - EN1018,,,,,,,,,,,,,,,,,,,,,,,,,,,,,,,,,,,,,,
product_94bc4dcc-27c2-3ab7-19e3-4e6ab298f1dd,Variant,,,,,,,,4.4,TRUE,,,InStock,,,,,Nº1 220X118X100 - EN1016,,,,,,,,,,,,,,,,,,,,,,,,,,,,,,,,,,,,,,
product_87ed5f67-0474-47f0-cf48-d0ab941cd0e7,Product,Enxada Pontas Meia Redonda,<p>Cor:&nbsp; Melalizado</p><p>Material: Metal</p><p>Embalagem: stiker</p><p>Quantidade mínima de compra 1 unidade</p><p>Preço especial na compra de quantidades maiores</p><p>&nbsp;</p><p>&nbsp;</p>,55dd72_d14114053e364a9dace94124ad304bac~mv2.jpg,,,,18.85,,FALSE,PERCENT,0,InStock,,,Medidas,DROP_DOWN,230x140x135 cm - EN1000,,,,,,,,,,,,,,,,INFORMAÇÕES DO PRODUTO,"<p>NACIONAL</p>
",ENCOMENDA,"<p>O preço apresentado é referente a uma unidade. O valor total será calculado após envio da encomenda, estando&nbsp; dependente da quantidade mínima obrigatória. <span><span>Preços válidos salvo ruptura de stock, erro tipográfico ou fotográfico.</span></span></p>
",,,,,,,,,,,,,,,HARDMAN,110012,General Tools,Tools for The Workshop and Garage\General Tools,2025-06-27T13:51:14.654742
product_87ed5f67-0474-47f0-cf48-d0ab941cd0e7,Variant,,,,,,,,,TRUE,,,InStock,,,,,230x140x135 cm - EN1000,,,,,,,,,,,,,,,,,,,,,,,,,,,,,,,,,,,,,,
product_3929039a-9263-8f59-bc71-a08388dbf1af,Product,Enxada Pontas Vimeiro,<p>Cor:&nbsp; Melalizado</p><p>Material: Metal</p><p>Embalagem: stiker</p><p>Quantidade mínima de compra 1 unidade</p><p>Preço especial na compra de quantidades maiores</p><p>&nbsp;</p><p>&nbsp;</p>,55dd72_f5d9c601a3a74cecbc8822ab65d8c085~mv2.jpg,,,,18.85,,FALSE,PERCENT,0,InStock,,,Medidas,DROP_DOWN,240x140x130 cm - EN1019,,,,,,,,,,,,,,,,INFORMAÇÕES DO PRODUTO,"<p>NACIONAL</p>
",ENCOMENDA,"<p>O preço apresentado é referente a uma unidade. O valor total será calculado após envio da encomenda, estando&nbsp; dependente da quantidade mínima obrigatória. <span><span>Preços válidos salvo ruptura de stock, erro tipográfico ou fotográfico.</span></span></p>
",,,,,,,,,,,,,,,HARDMAN,110012,General Tools,Tools for The Workshop and Garage\General Tools,2025-06-27T13:51:14.654777
product_3929039a-9263-8f59-bc71-a08388dbf1af,Variant,,,,,,,,,TRUE,,,InStock,,,,,240x140x130 cm - EN1019,,,,,,,,,,,,,,,,,,,,,,,,,,,,,,,,,,,,,,
product_80aaee10-ccc5-8e69-878b-b815f8a76bd6,Product,Enxada 2 bicos,<p>Cor:&nbsp; Melalizado</p><p>Material: Metal</p><p>Embalagem: stiker</p><p>Quantidade mínima de compra 1 unidade</p><p>Preço especial na compra de quantidades maiores</p><p>&nbsp;</p><p>&nbsp;</p>,55dd72_dfb73c92660948ffaebeae3f2baadc6a~mv2.jpg,,,,11.9,,FALSE,PERCENT,0,InStock,,,Medidas,DROP_DOWN,Nº1 220X118X100 - EN1006;Nº2 255X125X120 - EN1007;Nº3 285X125X120 - EN1008,,,,,,,,,,,,,,,,INFORMAÇÕES DO PRODUTO,"<p>NACIONAL</p>
",ENCOMENDA,"<p>O preço apresentado é referente a uma unidade. O valor total será calculado após envio da encomenda, estando&nbsp; dependente da quantidade mínima obrigatória. <span><span>Preços válidos salvo ruptura de stock, erro tipográfico ou fotográfico.</span></span></p>
",,,,,,,,,,,,,,,HARDMAN,110012,General Tools,Tools for The Workshop and Garage\General Tools,2025-06-27T13:51:14.654837
product_80aaee10-ccc5-8e69-878b-b815f8a76bd6,Variant,,,,,,,,0.8,TRUE,,,InStock,,,,,Nº2 255X125X120 - EN1007,,,,,,,,,,,,,,,,,,,,,,,,,,,,,,,,,,,,,,
product_80aaee10-ccc5-8e69-878b-b815f8a76bd6,Variant,,,,,,,,,TRUE,,,InStock,,,,,Nº1 220X118X100 - EN1006,,,,,,,,,,,,,,,,,,,,,,,,,,,,,,,,,,,,,,
product_80aaee10-ccc5-8e69-878b-b815f8a76bd6,Variant,,,,,,,,1.5,TRUE,,,InStock,,,,,Nº3 285X125X120 - EN1008,,,,,,,,,,,,,,,,,,,,,,,,,,,,,,,,,,,,,,
product_9ca13960-356a-a216-524f-729690548491,Product,Enxada Tipo Ancinho,<p>Cor:&nbsp; Melalizado</p><p>Material: Metal</p><p>Embalagem: stiker</p><p>Quantidade mínima de compra 1 unidade</p><p>Preço especial na compra de quantidades maiores</p><p>&nbsp;</p><p>&nbsp;</p>,55dd72_1adf4ea0558c48f492f4cbde9ae60a82~mv2.jpg,,,,17.3,,FALSE,PERCENT,0,InStock,,,Medidas,DROP_DOWN,190x300x300 cm - EN0001,,,,,,,,,,,,,,,,INFORMAÇÕES DO PRODUTO,"<p>NACIONAL</p>
",ENCOMENDA,"<p>O preço apresentado é referente a uma unidade. O valor total será calculado após envio da encomenda, estando&nbsp; dependente da quantidade mínima obrigatória. <span><span>Preços válidos salvo ruptura de stock, erro tipográfico ou fotográfico.</span></span></p>
",,,,,,,,,,,,,,,HARDMAN,110012,General Tools,Tools for The Workshop and Garage\General Tools,2025-06-27T13:51:14.654903
product_9ca13960-356a-a216-524f-729690548491,Variant,,,,,,,,,TRUE,,,InStock,,,,,190x300x300 cm - EN0001,,,,,,,,,,,,,,,,,,,,,,,,,,,,,,,,,,,,,,
product_c1656870-44dc-45e5-160c-00a0c69944c2,Product,Enxadão Vinha,<p>Cor:&nbsp; Melalizado</p><p>Material: Metal</p><p>Embalagem: stiker</p><p>Quantidade mínima de compra 1 unidade</p><p>Preço especial na compra de quantidades maiores</p><p>&nbsp;</p><p>&nbsp;</p>,55dd72_3cd17efaaea5496fba0822a886736859~mv2.jpg,,,,8.1,,FALSE,PERCENT,0,InStock,,,Medidas,DROP_DOWN,Mini - EN1400;Nº0 185X64X60 - EN1401;Nº1 205X72X68 - EN1402;Nº2 230X85X79 - EN1403;Nº3 257X95X85 - EN1404;Nº4;Nº5,,,,,,,,,,,,,,,,INFORMAÇÕES DO PRODUTO,"<p>NACIONAL</p>
",ENCOMENDA,"<p>O preço apresentado é referente a uma unidade. O valor total será calculado após envio da encomenda, estando&nbsp; dependente da quantidade mínima obrigatória. <span><span>Preços válidos salvo ruptura de stock, erro tipográfico ou fotográfico.</span></span></p>
",,,,,,,,,,,,,,,HARDMAN,110012,General Tools,Tools for The Workshop and Garage\General Tools,2025-06-27T13:51:14.655013
product_c1656870-44dc-45e5-160c-00a0c69944c2,Variant,,,,,,,,,TRUE,,,InStock,,,,,Mini - EN1400,,,,,,,,,,,,,,,,,,,,,,,,,,,,,,,,,,,,,,
product_c1656870-44dc-45e5-160c-00a0c69944c2,Variant,,,,,,,,,TRUE,,,InStock,,,,,Nº3 257X95X85 - EN1404,,,,,,,,,,,,,,,,,,,,,,,,,,,,,,,,,,,,,,
product_c1656870-44dc-45e5-160c-00a0c69944c2,Variant,,,,,,,,,TRUE,,,InStock,,,,,Nº4,,,,,,,,,,,,,,,,,,,,,,,,,,,,,,,,,,,,,,
product_c1656870-44dc-45e5-160c-00a0c69944c2,Variant,,,,,,,,,TRUE,,,InStock,,,,,Nº0 185X64X60 - EN1401,,,,,,,,,,,,,,,,,,,,,,,,,,,,,,,,,,,,,,
product_c1656870-44dc-45e5-160c-00a0c69944c2,Variant,,,,,,,,,TRUE,,,InStock,,,,,Nº5,,,,,,,,,,,,,,,,,,,,,,,,,,,,,,,,,,,,,,
product_c1656870-44dc-45e5-160c-00a0c69944c2,Variant,,,,,,,,,TRUE,,,InStock,,,,,Nº1 205X72X68 - EN1402,,,,,,,,,,,,,,,,,,,,,,,,,,,,,,,,,,,,,,
product_c1656870-44dc-45e5-160c-00a0c69944c2,Variant,,,,,,,,,TRUE,,,InStock,,,,,Nº2 230X85X79 - EN1403,,,,,,,,,,,,,,,,,,,,,,,,,,,,,,,,,,,,,,
product_f1851b7f-382b-5c32-914d-4a18c731f3ab,Product,Enxada Mato Redonda,<p>Cor:&nbsp; Melalizado</p><p>Material: Metal</p><p>Embalagem: stiker</p><p>Quantidade mínima de compra 1 unidade</p><p>Preço especial na compra de quantidades maiores</p><p>&nbsp;</p><p>&nbsp;</p>,55dd72_c41d2b8defa4479d8ee95de3f7e13c10~mv2.jpg,,,,14.3,,FALSE,PERCENT,0,InStock,,,Medidas,DROP_DOWN,155x175x160cm - Nº1 - EN0600;160x190x175cm - Nº2 - EN0601;180x200x185cm - Nº2 1/2 - EN0602;195x215x195cm - Nº3 - EN0603,,,,,,,,,,,,,,,,INFORMAÇÕES DO PRODUTO,"<p>NACIONAL</p>
",ENCOMENDA,"<p>O preço apresentado é referente a uma unidade. O valor total será calculado após envio da encomenda, estando&nbsp; dependente da quantidade mínima obrigatória. <span><span>Preços válidos salvo ruptura de stock, erro tipográfico ou fotográfico.</span></span></p>
",,,,,,,,,,,,,,,HARDMAN,110012,General Tools,Tools for The Workshop and Garage\General Tools,2025-06-27T13:51:14.655113
product_f1851b7f-382b-5c32-914d-4a18c731f3ab,Variant,,,,,,,,3.05,TRUE,,,InStock,,,,,195x215x195cm - Nº3 - EN0603,,,,,,,,,,,,,,,,,,,,,,,,,,,,,,,,,,,,,,
product_f1851b7f-382b-5c32-914d-4a18c731f3ab,Variant,,,,,,,,1.3,TRUE,,,InStock,,,,,160x190x175cm - Nº2 - EN0601,,,,,,,,,,,,,,,,,,,,,,,,,,,,,,,,,,,,,,
product_f1851b7f-382b-5c32-914d-4a18c731f3ab,Variant,,,,,,,,2.3,TRUE,,,InStock,,,,,180x200x185cm - Nº2 1/2 - EN0602,,,,,,,,,,,,,,,,,,,,,,,,,,,,,,,,,,,,,,
product_f1851b7f-382b-5c32-914d-4a18c731f3ab,Variant,,,,,,,,,TRUE,,,InStock,,,,,155x175x160cm - Nº1 - EN0600,,,,,,,,,,,,,,,,,,,,,,,,,,,,,,,,,,,,,,
product_91455084-afab-9b47-a0cc-dca57492008a,Product,Enxada Barreiro,<p>Cor:&nbsp; Melalizado</p><p>Material: Metal</p><p>Embalagem: stiker</p><p>Quantidade mínima de compra 1 unidade</p><p>Preço especial na compra de quantidades maiores</p><p>&nbsp;</p><p>&nbsp;</p>,55dd72_a33b5ff6e30d4f85b5fe5aa5d275bbae~mv2.jpg,,,,15.6,,FALSE,PERCENT,0,InStock,,,Medidas,DROP_DOWN,Nº1 215X180X175 - EN0100;Nº2 250X185X190 - EN0101;Nº3 265X205X210 - EN0102,,,,,,,,,,,,,,,,INFORMAÇÕES DO PRODUTO,"<p>NACIONAL</p>
",ENCOMENDA,"<p>O preço apresentado é referente a uma unidade. O valor total será calculado após envio da encomenda, estando&nbsp; dependente da quantidade mínima obrigatória. <span><span>Preços válidos salvo ruptura de stock, erro tipográfico ou fotográfico.</span></span></p>
",,,,,,,,,,,,,,,HARDMAN,110012,General Tools,Tools for The Workshop and Garage\General Tools,2025-06-27T13:51:14.655184
product_91455084-afab-9b47-a0cc-dca57492008a,Variant,,,,,,,,1.5,TRUE,,,InStock,,,,,Nº2 250X185X190 - EN0101,,,,,,,,,,,,,,,,,,,,,,,,,,,,,,,,,,,,,,
product_91455084-afab-9b47-a0cc-dca57492008a,Variant,,,,,,,,2.2,TRUE,,,InStock,,,,,Nº3 265X205X210 - EN0102,,,,,,,,,,,,,,,,,,,,,,,,,,,,,,,,,,,,,,
product_91455084-afab-9b47-a0cc-dca57492008a,Variant,,,,,,,,,TRUE,,,InStock,,,,,Nº1 215X180X175 - EN0100,,,,,,,,,,,,,,,,,,,,,,,,,,,,,,,,,,,,,,
product_d05aec76-6fab-ae7e-2f39-97ec5091659b,Product,Enxada USA,<p>Cor:&nbsp; Melalizado</p><p>Material: Metal</p><p>Embalagem: stiker</p><p>Quantidade mínima de compra 1 unidade</p><p>Preço especial na compra de quantidades maiores</p><p>&nbsp;</p><p>&nbsp;</p>,55dd72_d453bea4e7bd4604a314a3661a0bfd0a~mv2.jpg,,,,10.8,,FALSE,PERCENT,0,InStock,,,Medidas,DROP_DOWN,Nº0 220X0X160 - EN1200;Nº1 240X0X180 - EN1201;Nº2 265X0X200 - EN1202,,,,,,,,,,,,,,,,INFORMAÇÕES DO PRODUTO,"<p>NACIONAL</p>
",ENCOMENDA,"<p>O preço apresentado é referente a uma unidade. O valor total será calculado após envio da encomenda, estando&nbsp; dependente da quantidade mínima obrigatória. <span><span>Preços válidos salvo ruptura de stock, erro tipográfico ou fotográfico.</span></span></p>
",,,,,,,,,,,,,,,HARDMAN,110012,General Tools,Tools for The Workshop and Garage\General Tools,2025-06-27T13:51:14.655239
product_d05aec76-6fab-ae7e-2f39-97ec5091659b,Variant,,,,,,,,0.8,TRUE,,,InStock,,,,,Nº1 240X0X180 - EN1201,,,,,,,,,,,,,,,,,,,,,,,,,,,,,,,,,,,,,,
product_d05aec76-6fab-ae7e-2f39-97ec5091659b,Variant,,,,,,,,,TRUE,,,InStock,,,,,Nº0 220X0X160 - EN1200,,,,,,,,,,,,,,,,,,,,,,,,,,,,,,,,,,,,,,
product_d05aec76-6fab-ae7e-2f39-97ec5091659b,Variant,,,,,,,,1.6,TRUE,,,InStock,,,,,Nº2 265X0X200 - EN1202,,,,,,,,,,,,,,,,,,,,,,,,,,,,,,,,,,,,,,
product_748f8f2b-f0ae-daf8-2065-2a690f869711,Product,Enxada castelo Branco,<p>Cor:&nbsp; Melalizado</p><p>Material: Metal</p><p>Embalagem: stiker</p><p>Quantidade mínima de compra 1 unidade</p><p>Preço especial na compra de quantidades maiores</p><p>&nbsp;</p><p>&nbsp;</p>,55dd72_2c6fa057c39d4bcc886a7b3a1ef7c78e~mv2.jpg,,,,12.8,,FALSE,PERCENT,0,InStock,,,Medidas,DROP_DOWN,Nº1 185X90X135 - EN0400;Nº1 1/2 225X105X160 - EN0401;Nº2 250X120X180 - EN0402,,,,,,,,,,,,,,,,INFORMAÇÕES DO PRODUTO,"<p>NACIONAL</p>
",ENCOMENDA,"<p>O preço apresentado é referente a uma unidade. O valor total será calculado após envio da encomenda, estando&nbsp; dependente da quantidade mínima obrigatória. <span><span>Preços válidos salvo ruptura de stock, erro tipográfico ou fotográfico.</span></span></p>
",,,,,,,,,,,,,,,HARDMAN,110012,General Tools,Tools for The Workshop and Garage\General Tools,2025-06-27T13:51:14.655293
product_748f8f2b-f0ae-daf8-2065-2a690f869711,Variant,,,,,,,,3.1,TRUE,,,InStock,,,,,Nº2 250X120X180 - EN0402,,,,,,,,,,,,,,,,,,,,,,,,,,,,,,,,,,,,,,
product_748f8f2b-f0ae-daf8-2065-2a690f869711,Variant,,,,,,,,1.5,TRUE,,,InStock,,,,,Nº1 1/2 225X105X160 - EN0401,,,,,,,,,,,,,,,,,,,,,,,,,,,,,,,,,,,,,,
product_748f8f2b-f0ae-daf8-2065-2a690f869711,Variant,,,,,,,,,TRUE,,,InStock,,,,,Nº1 185X90X135 - EN0400,,,,,,,,,,,,,,,,,,,,,,,,,,,,,,,,,,,,,,
product_1d2f881b-fb52-33f4-25c5-e3b7bc2c9172,Product,Enxada Meia Lua Triangular Turquel,<p>Cor:&nbsp; Melalizado</p><p>Material: Metal</p><p>Embalagem: stiker</p><p>Quantidade mínima de compra 1 unidade</p><p>Preço especial na compra de quantidades maiores</p><p>&nbsp;</p><p>&nbsp;</p>,55dd72_c81b69555e424d1499ee181f67623052~mv2.jpg,,,,18.7,,FALSE,PERCENT,0,InStock,,,Medidas,DROP_DOWN,Turquel 220X145X130 - EN0703,,,,,,,,,,,,,,,,INFORMAÇÕES DO PRODUTO,"<p>NACIONAL</p>
",ENCOMENDA,"<p>O preço apresentado é referente a uma unidade. O valor total será calculado após envio da encomenda, estando&nbsp; dependente da quantidade mínima obrigatória. <span><span>Preços válidos salvo ruptura de stock, erro tipográfico ou fotográfico.</span></span></p>
",,,,,,,,,,,,,,,HARDMAN,110012,General Tools,Tools for The Workshop and Garage\General Tools,2025-06-27T13:51:14.655408
product_1d2f881b-fb52-33f4-25c5-e3b7bc2c9172,Variant,,,,,,,,,TRUE,,,InStock,,,,,Turquel 220X145X130 - EN0703,,,,,,,,,,,,,,,,,,,,,,,,,,,,,,,,,,,,,,
product_87193210-1a97-ebf3-024d-141caf3db8ed,Product,Enxada Meia Lua Turquel,<p>Cor:&nbsp; Melalizado</p><p>Material: Metal</p><p>Embalagem: stiker</p><p>Quantidade mínima de compra 1 unidade</p><p>Preço especial na compra de quantidades maiores</p><p>&nbsp;</p><p>&nbsp;</p>,55dd72_30f7da53b3e54145bc3f4f55442e9a4d~mv2.jpg,,,,9,,TRUE,PERCENT,0,InStock,,,Medidas,DROP_DOWN,Nº1 - EN0704;Nº2 165X135X135 - EN0705;Nº2 1/2 180X140X140 - EN0706;Nº3 185X150X150 - EN0707,,,,,,,,,,,,,,,,INFORMAÇÕES DO PRODUTO,"<p>NACIONAL</p>
",ENCOMENDA,"<p>O preço apresentado é referente a uma unidade. O valor total será calculado após envio da encomenda, estando&nbsp; dependente da quantidade mínima obrigatória. <span><span>Preços válidos salvo ruptura de stock, erro tipográfico ou fotográfico.</span></span></p>
",,,,,,,,,,,,,,,HARDMAN,110012,General Tools,Tools for The Workshop and Garage\General Tools,2025-06-27T13:51:14.655477
product_87193210-1a97-ebf3-024d-141caf3db8ed,Variant,,,,,,,,,TRUE,,,InStock,,,,,Nº1 - EN0704,,,,,,,,,,,,,,,,,,,,,,,,,,,,,,,,,,,,,,
product_87193210-1a97-ebf3-024d-141caf3db8ed,Variant,,,,,,,,4.35,TRUE,,,InStock,,,,,Nº2 1/2 180X140X140 - EN0706,,,,,,,,,,,,,,,,,,,,,,,,,,,,,,,,,,,,,,
product_87193210-1a97-ebf3-024d-141caf3db8ed,Variant,,,,,,,,3.8,TRUE,,,InStock,,,,,Nº2 165X135X135 - EN0705,,,,,,,,,,,,,,,,,,,,,,,,,,,,,,,,,,,,,,
product_87193210-1a97-ebf3-024d-141caf3db8ed,Variant,,,,,,,,5,TRUE,,,InStock,,,,,Nº3 185X150X150 - EN0707,,,,,,,,,,,,,,,,,,,,,,,,,,,,,,,,,,,,,,
product_b62a654a-24f9-ded9-15ce-9a620e85ef2c,Product,Enxada Meia Lua Alcobaça,<p>Cor:&nbsp; Melalizado</p><p>Material: Metal</p><p>Embalagem: stiker</p><p>Quantidade mínima de compra 1 unidade</p><p>Preço especial na compra de quantidades maiores</p><p>&nbsp;</p><p>&nbsp;</p>,55dd72_c81b69555e424d1499ee181f67623052~mv2.jpg,,,,18.7,,FALSE,PERCENT,0,InStock,,,Medidas,DROP_DOWN,220x145x130 - EN0700,,,,,,,,,,,,,,,,INFORMAÇÕES DO PRODUTO,"<p>NACIONAL</p>
",ENCOMENDA,"<p>O preço apresentado é referente a uma unidade. O valor total será calculado após envio da encomenda, estando&nbsp; dependente da quantidade mínima obrigatória. <span><span>Preços válidos salvo ruptura de stock, erro tipográfico ou fotográfico.</span></span></p>
",,,,,,,,,,,,,,,HARDMAN,110012,General Tools,Tools for The Workshop and Garage\General Tools,2025-06-27T13:51:14.655548
product_b62a654a-24f9-ded9-15ce-9a620e85ef2c,Variant,,,,,,,,,TRUE,,,InStock,,,,,220x145x130 - EN0700,,,,,,,,,,,,,,,,,,,,,,,,,,,,,,,,,,,,,,
product_68bc8a78-5e37-bd12-ebd6-9827bf8de534,Product,Enxada Meia Lua Caldas,<p>Cor:&nbsp; Melalizado</p><p>Material: Metal</p><p>Embalagem: stiker</p><p>Quantidade mínima de compra 1 unidade</p><p>Preço especial na compra de quantidades maiores</p><p>&nbsp;</p><p>&nbsp;</p>,55dd72_fd2f8f0586544a2bba985550027e81d2~mv2.jpg,,,,18.7,,FALSE,PERCENT,0,InStock,,,Medidas,DROP_DOWN,245x165x160 - EN0701,,,,,,,,,,,,,,,,INFORMAÇÕES DO PRODUTO,"<p>NACIONAL</p>
",ENCOMENDA,"<p>O preço apresentado é referente a uma unidade. O valor total será calculado após envio da encomenda, estando&nbsp; dependente da quantidade mínima obrigatória. <span><span>Preços válidos salvo ruptura de stock, erro tipográfico ou fotográfico.</span></span></p>
",,,,,,,,,,,,,,,HARDMAN,110012,General Tools,Tools for The Workshop and Garage\General Tools,2025-06-27T13:51:14.655584
product_68bc8a78-5e37-bd12-ebd6-9827bf8de534,Variant,,,,,,,,,TRUE,,,InStock,,,,,245x165x160 - EN0701,,,,,,,,,,,,,,,,,,,,,,,,,,,,,,,,,,,,,,
product_68322be5-ea24-18ac-6be0-e472c6dc58fb,Product,Enxada Meia Lua Leiria,<p>Cor:&nbsp; Melalizado</p><p>Material: Metal</p><p>Embalagem: stiker</p><p>Quantidade mínima de compra 1 unidade</p><p>Preço especial na compra de quantidades maiores</p><p>&nbsp;</p><p>&nbsp;</p>,55dd72_c81b69555e424d1499ee181f67623052~mv2.jpg,,,,18.7,,FALSE,PERCENT,0,InStock,,,Medidas,DROP_DOWN,243x140x133 - EN0702,,,,,,,,,,,,,,,,INFORMAÇÕES DO PRODUTO,"<p>NACIONAL</p>
",ENCOMENDA,"<p>O preço apresentado é referente a uma unidade. O valor total será calculado após envio da encomenda, estando&nbsp; dependente da quantidade mínima obrigatória. <span><span>Preços válidos salvo ruptura de stock, erro tipográfico ou fotográfico.</span></span></p>
",,,,,,,,,,,,,,,HARDMAN,110012,General Tools,Tools for The Workshop and Garage\General Tools,2025-06-27T13:51:14.655619
product_68322be5-ea24-18ac-6be0-e472c6dc58fb,Variant,,,,,,,,,TRUE,,,InStock,,,,,243x140x133 - EN0702,,,,,,,,,,,,,,,,,,,,,,,,,,,,,,,,,,,,,,
product_6a39d07a-457a-625e-db7a-38ba3fbb37ac,Product,Enxada Relvas,<p>Cor:&nbsp; Melalizado</p><p>Material: Metal</p><p>Embalagem: stiker</p><p>Quantidade mínima de compra 1 unidade</p><p>Preço especial na compra de quantidades maiores</p><p>&nbsp;</p><p>&nbsp;</p>,55dd72_bb3aafb505984a25b9fe350a3c2937e5~mv2.jpg,,,,14.8,,FALSE,PERCENT,0,InStock,,,Medidas,DROP_DOWN,Nº1 1/2 200X170X145 - EN1100;Nº2 210X180X155 - EN1101,,,,,,,,,,,,,,,,INFORMAÇÕES DO PRODUTO,"<p>NACIONAL</p>
",ENCOMENDA,"<p>O preço apresentado é referente a uma unidade. O valor total será calculado após envio da encomenda, estando&nbsp; dependente da quantidade mínima obrigatória. <span><span>Preços válidos salvo ruptura de stock, erro tipográfico ou fotográfico.</span></span></p>
",,,,,,,,,,,,,,,HARDMAN,110012,General Tools,Tools for The Workshop and Garage\General Tools,2025-06-27T13:51:14.655654
product_6a39d07a-457a-625e-db7a-38ba3fbb37ac,Variant,,,,,,,,,TRUE,,,InStock,,,,,Nº1 1/2 200X170X145 - EN1100,,,,,,,,,,,,,,,,,,,,,,,,,,,,,,,,,,,,,,
product_6a39d07a-457a-625e-db7a-38ba3fbb37ac,Variant,,,,,,,,0.8,TRUE,,,InStock,,,,,Nº2 210X180X155 - EN1101,,,,,,,,,,,,,,,,,,,,,,,,,,,,,,,,,,,,,,
product_6c2da025-f4de-8ba9-930c-c43a46e93f04,Product,Enxada Leiria,<p>Cor:&nbsp; Melalizado</p><p>Material: Metal</p><p>Embalagem: stiker</p><p>Quantidade mínima de compra 1 unidade</p><p>Preço especial na compra de quantidades maiores</p><p>&nbsp;</p><p>&nbsp;</p>,55dd72_bb3aafb505984a25b9fe350a3c2937e5~mv2.jpg,,,,11.85,,TRUE,PERCENT,0,InStock,,,Medidas,DROP_DOWN,Nº0 145X135X115 - EN0500;Nº1 165X160X125 - EN0501;Nº1 1/2 180X170X140 - EN0502;Nº2 190X180X150 - EN0503;Nº2 1/2,,,,,,,,,,,,,,,,INFORMAÇÕES DO PRODUTO,"<p>NACIONAL</p>
",ENCOMENDA,"<p>O preço apresentado é referente a uma unidade. O valor total será calculado após envio da encomenda, estando&nbsp; dependente da quantidade mínima obrigatória. <span><span>Preços válidos salvo ruptura de stock, erro tipográfico ou fotográfico.</span></span></p>
",,,,,,,,,,,,,,,HARDMAN,110012,General Tools,Tools for The Workshop and Garage\General Tools,2025-06-27T13:51:14.655704
product_6c2da025-f4de-8ba9-930c-c43a46e93f04,Variant,,,,,,,,0.8,TRUE,,,InStock,,,,,Nº1 165X160X125 - EN0501,,,,,,,,,,,,,,,,,,,,,,,,,,,,,,,,,,,,,,
product_6c2da025-f4de-8ba9-930c-c43a46e93f04,Variant,,,,,,,,,TRUE,,,InStock,,,,,Nº0 145X135X115 - EN0500,,,,,,,,,,,,,,,,,,,,,,,,,,,,,,,,,,,,,,
product_6c2da025-f4de-8ba9-930c-c43a46e93f04,Variant,,,,,,,,4.3,TRUE,,,InStock,,,,,Nº2 1/2,,,,,,,,,,,,,,,,,,,,,,,,,,,,,,,,,,,,,,
product_6c2da025-f4de-8ba9-930c-c43a46e93f04,Variant,,,,,,,,1.75,TRUE,,,InStock,,,,,Nº1 1/2 180X170X140 - EN0502,,,,,,,,,,,,,,,,,,,,,,,,,,,,,,,,,,,,,,
product_6c2da025-f4de-8ba9-930c-c43a46e93f04,Variant,,,,,,,,3.25,TRUE,,,InStock,,,,,Nº2 190X180X150 - EN0503,,,,,,,,,,,,,,,,,,,,,,,,,,,,,,,,,,,,,,
product_ab1e49e0-ac72-b168-950d-d052aa35d7bb,Product,Enxada Vimeiro,<p>Cor:&nbsp; Melalizado</p><p>Material: Metal</p><p>Embalagem: stiker</p><p>Quantidade mínima de compra 1 unidade</p><p>Preço especial na compra de quantidades maiores</p><p>&nbsp;</p><p>&nbsp;</p>,55dd72_bb3aafb505984a25b9fe350a3c2937e5~mv2.jpg,,,,13.75,,FALSE,PERCENT,0,InStock,,,Medidas,DROP_DOWN,Nº5/0 190X150X140 - EN1300;Nº4/0 200X160X150 - EN1301;Nº3/0 205X170X160 - EN1302;Nº2/0 215X180X170 - EN1303,,,,,,,,,,,,,,,,INFORMAÇÕES DO PRODUTO,"<p>NACIONAL</p>
",ENCOMENDA,"<p>O preço apresentado é referente a uma unidade. O valor total será calculado após envio da encomenda, estando&nbsp; dependente da quantidade mínima obrigatória. <span><span>Preços válidos salvo ruptura de stock, erro tipográfico ou fotográfico.</span></span></p>
",,,,,,,,,,,,,,,HARDMAN,110012,General Tools,Tools for The Workshop and Garage\General Tools,2025-06-27T13:51:14.655864
product_ab1e49e0-ac72-b168-950d-d052aa35d7bb,Variant,,,,,,,,2.25,TRUE,,,InStock,,,,,Nº2/0 215X180X170 - EN1303,,,,,,,,,,,,,,,,,,,,,,,,,,,,,,,,,,,,,,
product_ab1e49e0-ac72-b168-950d-d052aa35d7bb,Variant,,,,,,,,,TRUE,,,InStock,,,,,Nº5/0 190X150X140 - EN1300,,,,,,,,,,,,,,,,,,,,,,,,,,,,,,,,,,,,,,
product_ab1e49e0-ac72-b168-950d-d052aa35d7bb,Variant,,,,,,,,1.45,TRUE,,,InStock,,,,,Nº3/0 205X170X160 - EN1302,,,,,,,,,,,,,,,,,,,,,,,,,,,,,,,,,,,,,,
product_ab1e49e0-ac72-b168-950d-d052aa35d7bb,Variant,,,,,,,,0.8,TRUE,,,InStock,,,,,Nº4/0 200X160X150 - EN1301,,,,,,,,,,,,,,,,,,,,,,,,,,,,,,,,,,,,,,
product_094fe22f-fb26-bd74-a09d-5b3ad6bc6776,Product,Enxada Nacional com Peta,<p>Cor:&nbsp; Melalizado</p><p>Material: Metal</p><p>Embalagem: stiker</p><p>Quantidade mínima de compra 1 unidade</p><p>Preço especial na compra de quantidades maiores</p><p>&nbsp;</p><p>&nbsp;</p>,55dd72_22fc71d2ebde410ea11ce6b9d09e3fe9~mv2.jpg,,,,11.05,,TRUE,PERCENT,0,InStock,,,Medidas,DROP_DOWN,Nº5/0 240X102X85 - EN0800;Nº4/0 260X110X90 - EN0801;Nº3/0 275X120X100 - EN0802;Nº2/0 290X130X105 - EM0803;Nº0 310X140X112 - EN0804;Nº1 350X160X120 - EN0805,,,,,,,,,,,,,,,,INFORMAÇÕES DO PRODUTO,"<p>NACIONAL</p>
",ENCOMENDA,"<p>O preço apresentado é referente a uma unidade. O valor total será calculado após envio da encomenda, estando&nbsp; dependente da quantidade mínima obrigatória. <span><span>Preços válidos salvo ruptura de stock, erro tipográfico ou fotográfico.</span></span></p>
",,,,,,,,,,,,,,,HARDMAN,110012,General Tools,Tools for The Workshop and Garage\General Tools,2025-06-27T13:51:14.655957
product_094fe22f-fb26-bd74-a09d-5b3ad6bc6776,Variant,,,,,,,,1.6,TRUE,,,InStock,,,,,Nº2/0 290X130X105 - EM0803,,,,,,,,,,,,,,,,,,,,,,,,,,,,,,,,,,,,,,
product_094fe22f-fb26-bd74-a09d-5b3ad6bc6776,Variant,,,,,,,,0.4,TRUE,,,InStock,,,,,Nº4/0 260X110X90 - EN0801,,,,,,,,,,,,,,,,,,,,,,,,,,,,,,,,,,,,,,
product_094fe22f-fb26-bd74-a09d-5b3ad6bc6776,Variant,,,,,,,,,TRUE,,,InStock,,,,,Nº5/0 240X102X85 - EN0800,,,,,,,,,,,,,,,,,,,,,,,,,,,,,,,,,,,,,,
product_094fe22f-fb26-bd74-a09d-5b3ad6bc6776,Variant,,,,,,,,2.4,TRUE,,,InStock,,,,,Nº0 310X140X112 - EN0804,,,,,,,,,,,,,,,,,,,,,,,,,,,,,,,,,,,,,,
product_094fe22f-fb26-bd74-a09d-5b3ad6bc6776,Variant,,,,,,,,3.25,TRUE,,,InStock,,,,,Nº1 350X160X120 - EN0805,,,,,,,,,,,,,,,,,,,,,,,,,,,,,,,,,,,,,,
product_094fe22f-fb26-bd74-a09d-5b3ad6bc6776,Variant,,,,,,,,0.8,TRUE,,,InStock,,,,,Nº3/0 275X120X100 - EN0802,,,,,,,,,,,,,,,,,,,,,,,,,,,,,,,,,,,,,,
product_c213ecae-60a5-40fe-c31a-5d5b876ca8e6,Product,Enxada Nacional,<p>Cor:&nbsp; Melalizado</p><p>Material: Metal</p><p>Embalagem: stiker</p><p>Quantidade mínima de compra 1 unidade</p><p>Preço especial na compra de quantidades maiores</p><p>&nbsp;</p><p>&nbsp;</p>,55dd72_6e30eb75f556485cae8a2dda64ad942e~mv2.jpg,,,,8.75,,TRUE,PERCENT,0,InStock,,,Medidas,DROP_DOWN,Nº5/0 112X102X85 - ENJ0900;Nº4/0 125X110X90 - EN0901;Nº 3/0 130X120X100 - EN0902;Nº2/0 141X130X105 - EN0903;Nº0 150X140X112 - EN0904;Nº1 170X160X120 - EN0905;Nº1 1/2 185X170X135 - EN0906;Nº2 195X180X140 - EN0907;Nº2 1/2 210X200X160 - EN0908;Nº3 230X220X180 - EN0909,,,,,,,,,,,,,,,,INFORMAÇÕES DO PRODUTO,"<p>NACIONAL</p>
",ENCOMENDA,"<p>O preço apresentado é referente a uma unidade. O valor total será calculado após envio da encomenda, estando&nbsp; dependente da quantidade mínima obrigatória. <span><span>Preços válidos salvo ruptura de stock, erro tipográfico ou fotográfico.</span></span></p>
",,,,,,,,,,,,,,,HARDMAN,110012,General Tools,Tools for The Workshop and Garage\General Tools,2025-06-27T13:51:14.656047
product_c213ecae-60a5-40fe-c31a-5d5b876ca8e6,Variant,,,,,,,,3.35,TRUE,,,InStock,,,,,Nº1 170X160X120 - EN0905,,,,,,,,,,,,,,,,,,,,,,,,,,,,,,,,,,,,,,
product_c213ecae-60a5-40fe-c31a-5d5b876ca8e6,Variant,,,,,,,,0.95,TRUE,,,InStock,,,,,Nº 3/0 130X120X100 - EN0902,,,,,,,,,,,,,,,,,,,,,,,,,,,,,,,,,,,,,,
product_c213ecae-60a5-40fe-c31a-5d5b876ca8e6,Variant,,,,,,,,4.3,TRUE,,,InStock,,,,,Nº1 1/2 185X170X135 - EN0906,,,,,,,,,,,,,,,,,,,,,,,,,,,,,,,,,,,,,,
product_c213ecae-60a5-40fe-c31a-5d5b876ca8e6,Variant,,,,,,,,,TRUE,,,InStock,,,,,Nº5/0 112X102X85 - ENJ0900,,,,,,,,,,,,,,,,,,,,,,,,,,,,,,,,,,,,,,
product_c213ecae-60a5-40fe-c31a-5d5b876ca8e6,Variant,,,,,,,,2.55,TRUE,,,InStock,,,,,Nº0 150X140X112 - EN0904,,,,,,,,,,,,,,,,,,,,,,,,,,,,,,,,,,,,,,
product_c213ecae-60a5-40fe-c31a-5d5b876ca8e6,Variant,,,,,,,,6.85,TRUE,,,InStock,,,,,Nº2 1/2 210X200X160 - EN0908,,,,,,,,,,,,,,,,,,,,,,,,,,,,,,,,,,,,,,
product_c213ecae-60a5-40fe-c31a-5d5b876ca8e6,Variant,,,,,,,,0.55,TRUE,,,InStock,,,,,Nº4/0 125X110X90 - EN0901,,,,,,,,,,,,,,,,,,,,,,,,,,,,,,,,,,,,,,
product_c213ecae-60a5-40fe-c31a-5d5b876ca8e6,Variant,,,,,,,,7.65,TRUE,,,InStock,,,,,Nº3 230X220X180 - EN0909,,,,,,,,,,,,,,,,,,,,,,,,,,,,,,,,,,,,,,
product_c213ecae-60a5-40fe-c31a-5d5b876ca8e6,Variant,,,,,,,,5.8,TRUE,,,InStock,,,,,Nº2 195X180X140 - EN0907,,,,,,,,,,,,,,,,,,,,,,,,,,,,,,,,,,,,,,
product_c213ecae-60a5-40fe-c31a-5d5b876ca8e6,Variant,,,,,,,,1.9,TRUE,,,InStock,,,,,Nº2/0 141X130X105 - EN0903,,,,,,,,,,,,,,,,,,,,,,,,,,,,,,,,,,,,,,
product_6f26ec50-9030-20fb-e13f-5f6df544023c,Product,Medidas Aferidas INOX,<p>Cor:&nbsp; Melalizado</p><p>Material: Inox</p><p>Embalagem: stiker</p><p>Quantidade mínima de compra 1 unidade</p><p>Preço especial na compra de quantidades maiores</p><p>&nbsp;</p><p>&nbsp;</p>,55dd72_c4b6b16546704c1283e1147818f49b30~mv2.jpg,,,,10.98,,FALSE,PERCENT,0,InStock,,,Medidas,DROP_DOWN,1/2 Dlt. - M01413;1 Dlt. - M01414;1/8 Lts. - M01415;2 Dlt. - M01416;1/4 Lt. - M01417;1/2 Lt. - M01418;1 Lt. - M01419;2 Lts. - M01420,,,,,,,,,,,,,,,,INFORMAÇÕES DO PRODUTO,"<p>NACIONAL</p>
",ENCOMENDA,"<p>O preço apresentado é referente a uma unidade. O valor total será calculado após envio da encomenda, estando&nbsp; dependente da quantidade mínima obrigatória. <span><span>Preços válidos salvo ruptura de stock, erro tipográfico ou fotográfico.</span></span></p>
",,,,,,,,,,,,,,,HARDMAN,110012,General Tools,Tools for The Workshop and Garage\General Tools,2025-06-27T13:51:14.656179
product_6f26ec50-9030-20fb-e13f-5f6df544023c,Variant,,,,,,,,5.2,TRUE,,,InStock,,,,,1/2 Lt. - M01418,,,,,,,,,,,,,,,,,,,,,,,,,,,,,,,,,,,,,,
product_6f26ec50-9030-20fb-e13f-5f6df544023c,Variant,,,,,,,,3.4,TRUE,,,InStock,,,,,1/4 Lt. - M01417,,,,,,,,,,,,,,,,,,,,,,,,,,,,,,,,,,,,,,
product_6f26ec50-9030-20fb-e13f-5f6df544023c,Variant,,,,,,,,0.99,TRUE,,,InStock,,,,,1/8 Lts. - M01415,,,,,,,,,,,,,,,,,,,,,,,,,,,,,,,,,,,,,,
product_6f26ec50-9030-20fb-e13f-5f6df544023c,Variant,,,,,,,,0.48,TRUE,,,InStock,,,,,1 Dlt. - M01414,,,,,,,,,,,,,,,,,,,,,,,,,,,,,,,,,,,,,,
product_6f26ec50-9030-20fb-e13f-5f6df544023c,Variant,,,,,,,,11.39,TRUE,,,InStock,,,,,2 Lts. - M01420,,,,,,,,,,,,,,,,,,,,,,,,,,,,,,,,,,,,,,
product_6f26ec50-9030-20fb-e13f-5f6df544023c,Variant,,,,,,,,10.79,TRUE,,,InStock,,,,,1 Lt. - M01419,,,,,,,,,,,,,,,,,,,,,,,,,,,,,,,,,,,,,,
product_6f26ec50-9030-20fb-e13f-5f6df544023c,Variant,,,,,,,,1.42,TRUE,,,InStock,,,,,2 Dlt. - M01416,,,,,,,,,,,,,,,,,,,,,,,,,,,,,,,,,,,,,,
product_6f26ec50-9030-20fb-e13f-5f6df544023c,Variant,,,,,,,,,TRUE,,,InStock,,,,,1/2 Dlt. - M01413,,,,,,,,,,,,,,,,,,,,,,,,,,,,,,,,,,,,,,
product_4ee13373-9afa-613a-c257-6b30be309a90,Product,Apanha Fruta,<p>Cor:&nbsp; Melalizado</p><p>Material: latão Zincado</p><p>Embalagem: stiker</p><p>Quantidade mínima de compra 1 unidade</p><p>Preço especial na compra de quantidades maiores</p><p>&nbsp;</p><p>&nbsp;</p>,55dd72_092846a6ac8d4dfbbde47d761ec88114~mv2.jpg,,,,3.78,,FALSE,PERCENT,0,InStock,,,Medidas,DROP_DOWN,Nº 1 - A02202;Nº 2 - A02201,,,,,,,,,,,,,,,,INFORMAÇÕES DO PRODUTO,"<p>NACIONAL</p>
",ENCOMENDA,"<p>O preço apresentado é referente a uma unidade. O valor total será calculado após envio da encomenda, estando&nbsp; dependente da quantidade mínima obrigatória. <span><span>Preços válidos salvo ruptura de stock, erro tipográfico ou fotográfico.</span></span></p>
",,,,,,,,,,,,,,,HARDMAN,110012,General Tools,Tools for The Workshop and Garage\General Tools,2025-06-27T13:51:14.656401
product_4ee13373-9afa-613a-c257-6b30be309a90,Variant,,,,,,,,0.2,TRUE,,,InStock,,,,,Nº 2 - A02201,,,,,,,,,,,,,,,,,,,,,,,,,,,,,,,,,,,,,,
product_4ee13373-9afa-613a-c257-6b30be309a90,Variant,,,,,,,,,TRUE,,,InStock,,,,,Nº 1 - A02202,,,,,,,,,,,,,,,,,,,,,,,,,,,,,,,,,,,,,,
product_cfd543ef-5f1e-e519-6ba2-05c15d91ddf7,Product,Pá do Lixo,<p>Cor:&nbsp; Melalizado</p><p>Material: latão Zincado</p><p>Embalagem: stiker</p><p>Quantidade mínima de compra 1 unidade</p><p>Preço especial na compra de quantidades maiores</p><p>&nbsp;</p><p>&nbsp;</p>,55dd72_218b5ea27b6446028a026362fc08b77f~mv2.jpg,,,,1.44,,FALSE,PERCENT,0,InStock,,,Medidas,DROP_DOWN,Nº 1 - P00117;Nº 2 - P00118;Cabo Alto - P00116,,,,,,,,,,,,,,,,INFORMAÇÕES DO PRODUTO,"<p>NACIONAL</p>
",ENCOMENDA,"<p>O preço apresentado é referente a uma unidade. O valor total será calculado após envio da encomenda, estando&nbsp; dependente da quantidade mínima obrigatória. <span><span>Preços válidos salvo ruptura de stock, erro tipográfico ou fotográfico.</span></span></p>
",,,,,,,,,,,,,,,HARDMAN,110012,General Tools,Tools for The Workshop and Garage\General Tools,2025-06-27T13:51:14.656455
product_cfd543ef-5f1e-e519-6ba2-05c15d91ddf7,Variant,,,,,,,,0.16,TRUE,,,InStock,,,,,Nº 2 - P00118,,,,,,,,,,,,,,,,,,,,,,,,,,,,,,,,,,,,,,
product_cfd543ef-5f1e-e519-6ba2-05c15d91ddf7,Variant,,,,,,,,2.86,TRUE,,,InStock,,,,,Cabo Alto - P00116,,,,,,,,,,,,,,,,,,,,,,,,,,,,,,,,,,,,,,
product_cfd543ef-5f1e-e519-6ba2-05c15d91ddf7,Variant,,,,,,,,,TRUE,,,InStock,,,,,Nº 1 - P00117,,,,,,,,,,,,,,,,,,,,,,,,,,,,,,,,,,,,,,
product_7df1af65-464a-c9fd-0b0d-a5c9530fc3f4,Product,Enxofradeira,<p>Cor:&nbsp; Melalizado</p><p>Material: latão Zincado</p><p>Embalagem: stiker</p><p>Quantidade mínima de compra 1 unidade</p><p>Preço especial na compra de quantidades maiores</p><p>&nbsp;</p><p>&nbsp;</p>,55dd72_bffda39bafa14339b23ca560d87f01a8~mv2.jpg;55dd72_bfeac096ab02421fa472f0f2cea091c0~mv2.jpg,,,,3.96,,TRUE,PERCENT,0,InStock,,,Medidas,DROP_DOWN,Nº1 - E01203;Nº 2 - E01204;Nº 2 c/ separador - E01205,,,,,,,,,,,,,,,,INFORMAÇÕES DO PRODUTO,"<p>NACIONAL</p>
",ENCOMENDA,"<p>O preço apresentado é referente a uma unidade. O valor total será calculado após envio da encomenda, estando&nbsp; dependente da quantidade mínima obrigatória. <span><span>Preços válidos salvo ruptura de stock, erro tipográfico ou fotográfico.</span></span></p>
",,,,,,,,,,,,,,,HARDMAN,110012,General Tools,Tools for The Workshop and Garage\General Tools,2025-06-27T13:51:14.656573
product_7df1af65-464a-c9fd-0b0d-a5c9530fc3f4,Variant,,,,,,,,,TRUE,,,InStock,,,,,Nº1 - E01203,,,,,,,,,,,,,,,,,,,,,,,,,,,,,,,,,,,,,,
product_7df1af65-464a-c9fd-0b0d-a5c9530fc3f4,Variant,,,,,,,,4.64,TRUE,,,InStock,,,,,Nº 2 c/ separador - E01205,,,,,,,,,,,,,,,,,,,,,,,,,,,,,,,,,,,,,,
product_7df1af65-464a-c9fd-0b0d-a5c9530fc3f4,Variant,,,,,,,,1.54,TRUE,,,InStock,,,,,Nº 2 - E01204,,,,,,,,,,,,,,,,,,,,,,,,,,,,,,,,,,,,,,
product_14858aa2-f8cf-680f-7838-3f6625c7efbd,Product,Baldes Cónicos com Tampa,<p>Cor:&nbsp; Melalizado</p><p>Material: latão Zincado</p><p>Embalagem: stiker</p><p>Quantidade mínima de compra 1 unidade</p><p>Preço especial na compra de quantidades maiores</p><p>&nbsp;</p><p>&nbsp;</p>,55dd72_9155a3bcb4934f9bbd92d37c298db04d~mv2.jpg,,,,15.29,,TRUE,PERCENT,0,InStock,,,Medidas,DROP_DOWN,8 Lts. - B00321;10 Lts. - B00315,,,,,,,,,,,,,,,,INFORMAÇÕES DO PRODUTO,"<p>NACIONAL</p>
",ENCOMENDA,"<p>O preço apresentado é referente a uma unidade. O valor total será calculado após envio da encomenda, estando&nbsp; dependente da quantidade mínima obrigatória. <span><span>Preços válidos salvo ruptura de stock, erro tipográfico ou fotográfico.</span></span></p>
",,,,,,,,,,,,,,,HARDMAN,110012,General Tools,Tools for The Workshop and Garage\General Tools,2025-06-27T13:51:14.656650
product_14858aa2-f8cf-680f-7838-3f6625c7efbd,Variant,,,,,,,,1.36,TRUE,,,InStock,,,,,10 Lts. - B00315,,,,,,,,,,,,,,,,,,,,,,,,,,,,,,,,,,,,,,
product_14858aa2-f8cf-680f-7838-3f6625c7efbd,Variant,,,,,,,,,TRUE,,,InStock,,,,,8 Lts. - B00321,,,,,,,,,,,,,,,,,,,,,,,,,,,,,,,,,,,,,,
product_56377bae-4876-62cd-1e74-d66038820fb0,Product,Baldes Cónicos,<p>Cor:&nbsp; Melalizado</p><p>Material: latão Zincado</p><p>Embalagem: stiker</p><p>Quantidade mínima de compra 1 unidade</p><p>Preço especial na compra de quantidades maiores</p><p>&nbsp;</p><p>&nbsp;</p>,55dd72_ec7cafeae6164dd7a25d73d6b7851f34~mv2.jpg,,,,9.76,,TRUE,PERCENT,0,InStock,,,Medidas,DROP_DOWN,5 Lts. - B00331;1 Lt. - B00316;2 Lts. - B00317;3 Lts. - B00318;4 Lts. - B00319;6 Lts. - B00320;8 Lts. - B00321;10 Lts. - B00315;12 Lts. - B00330,,,,,,,,,,,,,,,,INFORMAÇÕES DO PRODUTO,"<p>NACIONAL</p>
",ENCOMENDA,"<p>O preço apresentado é referente a uma unidade. O valor total será calculado após envio da encomenda, estando&nbsp; dependente da quantidade mínima obrigatória. <span><span>Preços válidos salvo ruptura de stock, erro tipográfico ou fotográfico.</span></span></p>
",,,,,,,,,,,,,,,HARDMAN,110012,General Tools,Tools for The Workshop and Garage\General Tools,2025-06-27T13:51:14.656698
product_56377bae-4876-62cd-1e74-d66038820fb0,Variant,,,,,,,,2.71,TRUE,,,InStock,,,,,10 Lts. - B00315,,,,,,,,,,,,,,,,,,,,,,,,,,,,,,,,,,,,,,
product_56377bae-4876-62cd-1e74-d66038820fb0,Variant,,,,,,,,,TRUE,,,InStock,,,,,1 Lt. - B00316,,,,,,,,,,,,,,,,,,,,,,,,,,,,,,,,,,,,,,
product_56377bae-4876-62cd-1e74-d66038820fb0,Variant,,,,,,,,0.45,TRUE,,,InStock,,,,,3 Lts. - B00318,,,,,,,,,,,,,,,,,,,,,,,,,,,,,,,,,,,,,,
product_56377bae-4876-62cd-1e74-d66038820fb0,Variant,,,,,,,,1.5,TRUE,,,InStock,,,,,8 Lts. - B00321,,,,,,,,,,,,,,,,,,,,,,,,,,,,,,,,,,,,,,
product_56377bae-4876-62cd-1e74-d66038820fb0,Variant,,,,,,,,3.73,TRUE,,,InStock,,,,,12 Lts. - B00330,,,,,,,,,,,,,,,,,,,,,,,,,,,,,,,,,,,,,,
product_56377bae-4876-62cd-1e74-d66038820fb0,Variant,,,,,,,,0.14,TRUE,,,InStock,,,,,2 Lts. - B00317,,,,,,,,,,,,,,,,,,,,,,,,,,,,,,,,,,,,,,
product_56377bae-4876-62cd-1e74-d66038820fb0,Variant,,,,,,,,0.82,TRUE,,,InStock,,,,,6 Lts. - B00320,,,,,,,,,,,,,,,,,,,,,,,,,,,,,,,,,,,,,,
product_56377bae-4876-62cd-1e74-d66038820fb0,Variant,,,,,,,,,FALSE,,,InStock,,,,,5 Lts. - B00331,,,,,,,,,,,,,,,,,,,,,,,,,,,,,,,,,,,,,,
product_56377bae-4876-62cd-1e74-d66038820fb0,Variant,,,,,,,,0.6,TRUE,,,InStock,,,,,4 Lts. - B00319,,,,,,,,,,,,,,,,,,,,,,,,,,,,,,,,,,,,,,
product_9cd586f3-002a-539a-9ddc-5a2a40c6c302,Product,Cabaço,<p>Cor:&nbsp; Melalizado</p><p>Material: latão Zincado</p><p>Embalagem: stiker</p><p>Quantidade mínima de compra 1 unidade</p><p>Preço especial na compra de quantidades maiores</p><p>&nbsp;</p><p>&nbsp;</p>,55dd72_ddb7192a9b16448e8b718d772f82646f~mv2.jpg,,,,9,,TRUE,PERCENT,0,InStock,,,Medidas,DROP_DOWN,5 Lts - C00100;6 Lts. - C00101;8 Lts. - C00102;10 Lts. - C00103,,,,,,,,,,,,,,,,INFORMAÇÕES DO PRODUTO,"<p>NACIONAL</p>
",ENCOMENDA,"<p>O preço apresentado é referente a uma unidade. O valor total será calculado após envio da encomenda, estando&nbsp; dependente da quantidade mínima obrigatória. <span><span>Preços válidos salvo ruptura de stock, erro tipográfico ou fotográfico.</span></span></p>
",,,,,,,,,,,,,,,HARDMAN,110012,General Tools,Tools for The Workshop and Garage\General Tools,2025-06-27T13:51:14.656828
product_9cd586f3-002a-539a-9ddc-5a2a40c6c302,Variant,,,,,,,,2.25,TRUE,,,InStock,,,,,8 Lts. - C00102,,,,,,,,,,,,,,,,,,,,,,,,,,,,,,,,,,,,,,
product_9cd586f3-002a-539a-9ddc-5a2a40c6c302,Variant,,,,,,,,3.37,TRUE,,,InStock,,,,,10 Lts. - C00103,,,,,,,,,,,,,,,,,,,,,,,,,,,,,,,,,,,,,,
product_9cd586f3-002a-539a-9ddc-5a2a40c6c302,Variant,,,,,,,,1.35,TRUE,,,InStock,,,,,6 Lts. - C00101,,,,,,,,,,,,,,,,,,,,,,,,,,,,,,,,,,,,,,
product_9cd586f3-002a-539a-9ddc-5a2a40c6c302,Variant,,,,,,,,,TRUE,,,InStock,,,,,5 Lts - C00100,,,,,,,,,,,,,,,,,,,,,,,,,,,,,,,,,,,,,,
product_4c340f89-65f7-394d-cfe5-d87644da6d21,Product,Ralos de Rega,<p>Cor:&nbsp; Melalizado</p><p>Material: latão Zincado</p><p>Embalagem: stiker</p><p>Quantidade mínima de compra 1 unidade</p><p>Preço especial na compra de quantidades maiores</p><p>&nbsp;</p><p>&nbsp;</p>,55dd72_96ff5492ec75422f8d2d2c23bc063002~mv2.jpg,,,,4.5,,TRUE,PERCENT,0,InStock,,,Medidas,DROP_DOWN,Nº 1  - R00200;Nº 2 - R00201;Nº 3 - R00202;Nº 4 - R00203,,,,,,,,,,,,,,,,INFORMAÇÕES DO PRODUTO,"<p>NACIONAL</p>
",ENCOMENDA,"<p>O preço apresentado é referente a uma unidade. O valor total será calculado após envio da encomenda, estando&nbsp; dependente da quantidade mínima obrigatória. <span><span>Preços válidos salvo ruptura de stock, erro tipográfico ou fotográfico.</span></span></p>
",,,,,,,,,,,,,,,HARDMAN,110012,General Tools,Tools for The Workshop and Garage\General Tools,2025-06-27T13:51:14.657008
product_4c340f89-65f7-394d-cfe5-d87644da6d21,Variant,,,,,,,,3.42,TRUE,,,InStock,,,,,Nº 3 - R00202,,,,,,,,,,,,,,,,,,,,,,,,,,,,,,,,,,,,,,
product_4c340f89-65f7-394d-cfe5-d87644da6d21,Variant,,,,,,,,1.9,TRUE,,,InStock,,,,,Nº 2 - R00201,,,,,,,,,,,,,,,,,,,,,,,,,,,,,,,,,,,,,,
product_4c340f89-65f7-394d-cfe5-d87644da6d21,Variant,,,,,,,,3.78,TRUE,,,InStock,,,,,Nº 4 - R00203,,,,,,,,,,,,,,,,,,,,,,,,,,,,,,,,,,,,,,
product_4c340f89-65f7-394d-cfe5-d87644da6d21,Variant,,,,,,,,,TRUE,,,InStock,,,,,Nº 1  - R00200,,,,,,,,,,,,,,,,,,,,,,,,,,,,,,,,,,,,,,
product_fa086b11-ede7-af3a-23e8-6e87e6db4f84,Product,Regador Zincado,<p>Cor:&nbsp; Melalizado</p><p>Material: latão Zincado</p><p>Embalagem: stiker</p><p>Quantidade mínima de compra 1 unidade</p><p>Preço especial na compra de quantidades maiores</p><p>&nbsp;</p><p>&nbsp;</p>,55dd72_896ad0538ec2470e95236ed98a2a22a1~mv2.jpg,,,,11.97,,TRUE,PERCENT,0,InStock,,,Medidas,DROP_DOWN,1 Lt. - RO1300;2 Lts. - RO1301;3 Lts. - R01302;4 Lts. - R01303;6 Lts. - R01305;8 Lts. - R01306;10 Lts. - R01307;12 Lts. - R01316;Ralo Regador;12 Lts. - Gasoleo,,,,,,,,,,,,,,,,INFORMAÇÕES DO PRODUTO,"<p>NACIONAL</p>
",ENCOMENDA,"<p>O preço apresentado é referente a uma unidade. O valor total será calculado após envio da encomenda, estando&nbsp; dependente da quantidade mínima obrigatória. <span><span>Preços válidos salvo ruptura de stock, erro tipográfico ou fotográfico.</span></span></p>
",,,,,,,,,,,,,,,HARDMAN,110012,General Tools,Tools for The Workshop and Garage\General Tools,2025-06-27T13:51:14.657083
product_fa086b11-ede7-af3a-23e8-6e87e6db4f84,Variant,,,,,,,,3,TRUE,,,InStock,,,,,3 Lts. - R01302,,,,,,,,,,,,,,,,,,,,,,,,,,,,,,,,,,,,,,
product_fa086b11-ede7-af3a-23e8-6e87e6db4f84,Variant,,,,,,,,5.4,TRUE,,,InStock,,,,,6 Lts. - R01305,,,,,,,,,,,,,,,,,,,,,,,,,,,,,,,,,,,,,,
product_fa086b11-ede7-af3a-23e8-6e87e6db4f84,Variant,,,,,,,,11.3,TRUE,,,InStock,,,,,12 Lts. - R01316,,,,,,,,,,,,,,,,,,,,,,,,,,,,,,,,,,,,,,
product_fa086b11-ede7-af3a-23e8-6e87e6db4f84,Variant,,,,,,,,13.4,TRUE,,,InStock,,,,,12 Lts. - Gasoleo,,,,,,,,,,,,,,,,,,,,,,,,,,,,,,,,,,,,,,
product_fa086b11-ede7-af3a-23e8-6e87e6db4f84,Variant,,,,,,,,8.2,TRUE,,,InStock,,,,,10 Lts. - R01307,,,,,,,,,,,,,,,,,,,,,,,,,,,,,,,,,,,,,,
product_fa086b11-ede7-af3a-23e8-6e87e6db4f84,Variant,,,,,,,,2,TRUE,,,InStock,,,,,2 Lts. - RO1301,,,,,,,,,,,,,,,,,,,,,,,,,,,,,,,,,,,,,,
product_fa086b11-ede7-af3a-23e8-6e87e6db4f84,Variant,,,,,,,,,FALSE,,,InStock,,,,,Ralo Regador,,,,,,,,,,,,,,,,,,,,,,,,,,,,,,,,,,,,,,
product_fa086b11-ede7-af3a-23e8-6e87e6db4f84,Variant,,,,,,,,6.4,TRUE,,,InStock,,,,,8 Lts. - R01306,,,,,,,,,,,,,,,,,,,,,,,,,,,,,,,,,,,,,,
product_fa086b11-ede7-af3a-23e8-6e87e6db4f84,Variant,,,,,,,,,TRUE,,,InStock,,,,,1 Lt. - RO1300,,,,,,,,,,,,,,,,,,,,,,,,,,,,,,,,,,,,,,
product_fa086b11-ede7-af3a-23e8-6e87e6db4f84,Variant,,,,,,,,4.49,TRUE,,,InStock,,,,,4 Lts. - R01303,,,,,,,,,,,,,,,,,,,,,,,,,,,,,,,,,,,,,,
product_06d90836-9e6c-23bd-32cc-d5196de4036f,Product,Panelas,<p>Cor:&nbsp; Melalizado</p><p>Material: latão zincado</p><p>Embalagem: stiker</p><p>Quantidade mínima de compra 1 unidade</p><p>Preço especial na compra de quantidades maiores</p><p>&nbsp;</p><p>&nbsp;</p>,55dd72_05aae1aa13534539b7af94fd45ffa302~mv2.jpg,,,,22.99,,FALSE,PERCENT,0,InStock,,,Medidas,DROP_DOWN,15 Lts. - P00300;20 Lts. - P00301;25 Lts. - P00302;30 Lts. - P00303;40 Lts. - P00304;50 Lts. - P00305;60 Lts. - P00324;70 Lts - P00325,,,,,,,,,,,,,,,,INFORMAÇÕES DO PRODUTO,"<p>NACIONAL</p>
",ENCOMENDA,"<p>O preço apresentado é referente a uma unidade. O valor total será calculado após envio da encomenda, estando&nbsp; dependente da quantidade mínima obrigatória. <span><span>Preços válidos salvo ruptura de stock, erro tipográfico ou fotográfico.</span></span></p>
",,,,,,,,,,,,,,,HARDMAN,110012,General Tools,Tools for The Workshop and Garage\General Tools,2025-06-27T13:51:14.657226
product_06d90836-9e6c-23bd-32cc-d5196de4036f,Variant,,,,,,,,6,TRUE,,,InStock,,,,,25 Lts. - P00302,,,,,,,,,,,,,,,,,,,,,,,,,,,,,,,,,,,,,,
product_06d90836-9e6c-23bd-32cc-d5196de4036f,Variant,,,,,,,,8.4,TRUE,,,InStock,,,,,30 Lts. - P00303,,,,,,,,,,,,,,,,,,,,,,,,,,,,,,,,,,,,,,
product_06d90836-9e6c-23bd-32cc-d5196de4036f,Variant,,,,,,,,28.3,TRUE,,,InStock,,,,,60 Lts. - P00324,,,,,,,,,,,,,,,,,,,,,,,,,,,,,,,,,,,,,,
product_06d90836-9e6c-23bd-32cc-d5196de4036f,Variant,,,,,,,,46,TRUE,,,InStock,,,,,70 Lts - P00325,,,,,,,,,,,,,,,,,,,,,,,,,,,,,,,,,,,,,,
product_06d90836-9e6c-23bd-32cc-d5196de4036f,Variant,,,,,,,,21,TRUE,,,InStock,,,,,40 Lts. - P00304,,,,,,,,,,,,,,,,,,,,,,,,,,,,,,,,,,,,,,
product_06d90836-9e6c-23bd-32cc-d5196de4036f,Variant,,,,,,,,23,TRUE,,,InStock,,,,,50 Lts. - P00305,,,,,,,,,,,,,,,,,,,,,,,,,,,,,,,,,,,,,,
product_06d90836-9e6c-23bd-32cc-d5196de4036f,Variant,,,,,,,,4,TRUE,,,InStock,,,,,20 Lts. - P00301,,,,,,,,,,,,,,,,,,,,,,,,,,,,,,,,,,,,,,
product_06d90836-9e6c-23bd-32cc-d5196de4036f,Variant,,,,,,,,,TRUE,,,InStock,,,,,15 Lts. - P00300,,,,,,,,,,,,,,,,,,,,,,,,,,,,,,,,,,,,,,
product_b22aa442-2f0f-c9bf-1433-04399091cfd8,Product,Lata para Brasas,<p>Cor:&nbsp; Melalizado</p><p>Material: latão galvanizado</p><p>Embalagem: stiker</p><p>Quantidade mínima de compra 1 unidade</p><p>Preço especial na compra de quantidades maiores</p><p>&nbsp;</p><p>&nbsp;</p>,55dd72_72b6503321e340048a6e6086e89de6ee~mv2.jpg,,,,13.95,,FALSE,PERCENT,0,InStock,,,Medidas,DROP_DOWN,8 Lts. - L00400;10.5 lts. - L00401;15 Lts. - L00402;20 Lts. - L00403,,,,,,,,,,,,,,,,INFORMAÇÕES DO PRODUTO,"<p>NACIONAL</p>
",ENCOMENDA,"<p>O preço apresentado é referente a uma unidade. O valor total será calculado após envio da encomenda, estando&nbsp; dependente da quantidade mínima obrigatória. <span><span>Preços válidos salvo ruptura de stock, erro tipográfico ou fotográfico.</span></span></p>
",,,,,,,,,,,,,,,HARDMAN,110012,General Tools,Tools for The Workshop and Garage\General Tools,2025-06-27T13:51:14.657333
product_b22aa442-2f0f-c9bf-1433-04399091cfd8,Variant,,,,,,,,2.59,TRUE,,,InStock,,,,,15 Lts. - L00402,,,,,,,,,,,,,,,,,,,,,,,,,,,,,,,,,,,,,,
product_b22aa442-2f0f-c9bf-1433-04399091cfd8,Variant,,,,,,,,,FALSE,,,InStock,,,,,20 Lts. - L00403,,,,,,,,,,,,,,,,,,,,,,,,,,,,,,,,,,,,,,
product_b22aa442-2f0f-c9bf-1433-04399091cfd8,Variant,,,,,,,,1,TRUE,,,InStock,,,,,10.5 lts. - L00401,,,,,,,,,,,,,,,,,,,,,,,,,,,,,,,,,,,,,,
product_b22aa442-2f0f-c9bf-1433-04399091cfd8,Variant,,,,,,,,,TRUE,,,InStock,,,,,8 Lts. - L00400,,,,,,,,,,,,,,,,,,,,,,,,,,,,,,,,,,,,,,
product_2a7f0bd6-00da-ef50-e40b-6de025963122,Product,Cafeteiras,<p>Cor:&nbsp; Melalizado</p><p>Material: latão ou Inox</p><p>Embalagem: stiker</p><p>Quantidade mínima de compra 1 unidade</p><p>Preço especial na compra de quantidades maiores</p><p>&nbsp;</p><p>&nbsp;</p>,55dd72_11116e22997a45fe99081c7bc663a93f~mv2.jpg,,,,11.02,,FALSE,PERCENT,0,InStock,,,Medidas,DROP_DOWN,3 litros - C00800;5 litros - C00801;7 litros - C00802;10 litros - C00803;2 litros;4 litros;6 litros,,,,,,,,,,,,,,,,INFORMAÇÕES DO PRODUTO,"<p>NACIONAL</p>
",ENCOMENDA,"<p>O preço apresentado é referente a uma unidade. O valor total será calculado após envio da encomenda, estando&nbsp; dependente da quantidade mínima obrigatória. <span><span>Preços válidos salvo ruptura de stock, erro tipográfico ou fotográfico.</span></span></p>
",,,,,,,,,,,,,,,HARDMAN,110012,General Tools,Tools for The Workshop and Garage\General Tools,2025-06-27T13:51:14.657456
product_2a7f0bd6-00da-ef50-e40b-6de025963122,Variant,,,,,,,,5.63,TRUE,,,InStock,,,,,6 litros,,,,,,,,,,,,,,,,,,,,,,,,,,,,,,,,,,,,,,
product_2a7f0bd6-00da-ef50-e40b-6de025963122,Variant,,,,,,,,,TRUE,,,InStock,,,,,2 litros,,,,,,,,,,,,,,,,,,,,,,,,,,,,,,,,,,,,,,
product_2a7f0bd6-00da-ef50-e40b-6de025963122,Variant,,,,,,,,6.75,TRUE,,,InStock,,,,,7 litros - C00802,,,,,,,,,,,,,,,,,,,,,,,,,,,,,,,,,,,,,,
product_2a7f0bd6-00da-ef50-e40b-6de025963122,Variant,,,,,,,,1.8,TRUE,,,InStock,,,,,3 litros - C00800,,,,,,,,,,,,,,,,,,,,,,,,,,,,,,,,,,,,,,
product_2a7f0bd6-00da-ef50-e40b-6de025963122,Variant,,,,,,,,4.5,TRUE,,,InStock,,,,,5 litros - C00801,,,,,,,,,,,,,,,,,,,,,,,,,,,,,,,,,,,,,,
product_2a7f0bd6-00da-ef50-e40b-6de025963122,Variant,,,,,,,,2.94,TRUE,,,InStock,,,,,4 litros,,,,,,,,,,,,,,,,,,,,,,,,,,,,,,,,,,,,,,
product_2a7f0bd6-00da-ef50-e40b-6de025963122,Variant,,,,,,,,14.07,TRUE,,,InStock,,,,,10 litros - C00803,,,,,,,,,,,,,,,,,,,,,,,,,,,,,,,,,,,,,,
product_ebf64f7e-a87e-7290-387f-42b48bc0ea4a,Product,Assador de Castanhas,<p>Cor:&nbsp; Melalizado</p><p>Material: latão ou Inox</p><p>Embalagem: stiker</p><p>Quantidade mínima de compra 1 unidade</p><p>Preço especial na compra de quantidades maiores</p><p>&nbsp;</p><p>&nbsp;</p>,55dd72_ee989a479faf4172934653997e47eb8c~mv2.jpg,,,,6.5,,TRUE,PERCENT,0,InStock,,,Medidas,DROP_DOWN,Lat 1 - A02702;Lat 2 - A02703;Lat 3 - A02706;Inox 1 - A02700;Inox 2 - A02701,,,,,,,,,,,,,,,,INFORMAÇÕES DO PRODUTO,"<p>NACIONAL</p>
",ENCOMENDA,"<p>O preço apresentado é referente a uma unidade. O valor total será calculado após envio da encomenda, estando&nbsp; dependente da quantidade mínima obrigatória. <span><span>Preços válidos salvo ruptura de stock, erro tipográfico ou fotográfico.</span></span></p>
",,,,,,,,,,,,,,,HARDMAN,110012,General Tools,Tools for The Workshop and Garage\General Tools,2025-06-27T13:51:14.657553
product_ebf64f7e-a87e-7290-387f-42b48bc0ea4a,Variant,,,,,,,,,TRUE,,,InStock,,,,,Lat 2 - A02703,,,,,,,,,,,,,,,,,,,,,,,,,,,,,,,,,,,,,,
product_ebf64f7e-a87e-7290-387f-42b48bc0ea4a,Variant,,,,,,,,,TRUE,,,InStock,,,,,Lat 1 - A02702,,,,,,,,,,,,,,,,,,,,,,,,,,,,,,,,,,,,,,
product_ebf64f7e-a87e-7290-387f-42b48bc0ea4a,Variant,,,,,,,,,TRUE,,,InStock,,,,,Inox 2 - A02701,,,,,,,,,,,,,,,,,,,,,,,,,,,,,,,,,,,,,,
product_ebf64f7e-a87e-7290-387f-42b48bc0ea4a,Variant,,,,,,,,,TRUE,,,InStock,,,,,Lat 3 - A02706,,,,,,,,,,,,,,,,,,,,,,,,,,,,,,,,,,,,,,
product_ebf64f7e-a87e-7290-387f-42b48bc0ea4a,Variant,,,,,,,,,TRUE,,,InStock,,,,,Inox 1 - A02700,,,,,,,,,,,,,,,,,,,,,,,,,,,,,,,,,,,,,,
product_aefe1b23-2503-5484-a32e-8f285154e264,Product,Corredor Direito Inox,<p>Cor:&nbsp; Melalizado</p><p>Material: Inox</p><p>Embalagem: stiker</p><p>Quantidade mínima de compra 1 unidade</p><p>Preço especial na compra de quantidades maiores</p><p>&nbsp;</p><p>&nbsp;</p>,55dd72_6f02462fa2d947629738450bc8be7f1b~mv2.jpg,,,,20.8,,TRUE,PERCENT,0,InStock,,,Medidas,DROP_DOWN,Tamanho 0 - C07105;Tamanho 1 - C07106;Tamanho 2 - C07107;Tamanho 3 - C07108;Tamanho 4 - C07109,,,,,,,,,,,,,,,,INFORMAÇÕES DO PRODUTO,"<p>NACIONAL</p>
",ENCOMENDA,"<p>O preço apresentado é referente a uma unidade. O valor total será calculado após envio da encomenda, estando&nbsp; dependente da quantidade mínima obrigatória. <span><span>Preços válidos salvo ruptura de stock, erro tipográfico ou fotográfico.</span></span></p>
",,,,,,,,,,,,,,,HARDMAN,110012,General Tools,Tools for The Workshop and Garage\General Tools,2025-06-27T13:51:14.657655
product_aefe1b23-2503-5484-a32e-8f285154e264,Variant,,,,,,,,4.51,TRUE,,,InStock,,,,,Tamanho 3 - C07108,,,,,,,,,,,,,,,,,,,,,,,,,,,,,,,,,,,,,,
product_aefe1b23-2503-5484-a32e-8f285154e264,Variant,,,,,,,,3.15,TRUE,,,InStock,,,,,Tamanho 1 - C07106,,,,,,,,,,,,,,,,,,,,,,,,,,,,,,,,,,,,,,
product_aefe1b23-2503-5484-a32e-8f285154e264,Variant,,,,,,,,3.39,TRUE,,,InStock,,,,,Tamanho 2 - C07107,,,,,,,,,,,,,,,,,,,,,,,,,,,,,,,,,,,,,,
product_aefe1b23-2503-5484-a32e-8f285154e264,Variant,,,,,,,,,TRUE,,,InStock,,,,,Tamanho 0 - C07105,,,,,,,,,,,,,,,,,,,,,,,,,,,,,,,,,,,,,,
product_aefe1b23-2503-5484-a32e-8f285154e264,Variant,,,,,,,,5.65,TRUE,,,InStock,,,,,Tamanho 4 - C07109,,,,,,,,,,,,,,,,,,,,,,,,,,,,,,,,,,,,,,
product_c1bdc5d4-9406-206d-a45f-7d4083d9f843,Product,Corredor Direito,<p>Cor:&nbsp; Melalizado</p><p>Material: Latão Zincado</p><p>Embalagem: stiker</p><p>Quantidade mínima de compra 1 unidade</p><p>Preço especial na compra de quantidades maiores</p><p>&nbsp;</p><p>&nbsp;</p>,55dd72_57e5b941fe764f2aa6eb3726e780d758~mv2.jpg;55dd72_4769a8e536d74fd99160e90004720334~mv2.jpg,,,,13.39,,TRUE,PERCENT,0,InStock,,,Medidas,DROP_DOWN,Tamanho 0 - C07100;Tamanho 1 - C07101;Tamanho 2 - C07102;Tamanho 3 - C07103;Tamanho 4 - C07104,,,,,,,,,,,,,,,,INFORMAÇÕES DO PRODUTO,"<p>NACIONAL</p>
",ENCOMENDA,"<p>O preço apresentado é referente a uma unidade. O valor total será calculado após envio da encomenda, estando&nbsp; dependente da quantidade mínima obrigatória. <span><span>Preços válidos salvo ruptura de stock, erro tipográfico ou fotográfico.</span></span></p>
",,,,,,,,,,,,,,,HARDMAN,110012,General Tools,Tools for The Workshop and Garage\General Tools,2025-06-27T13:51:14.657735
product_c1bdc5d4-9406-206d-a45f-7d4083d9f843,Variant,,,,,,,,,TRUE,,,InStock,,,,,Tamanho 0 - C07100,,,,,,,,,,,,,,,,,,,,,,,,,,,,,,,,,,,,,,
product_c1bdc5d4-9406-206d-a45f-7d4083d9f843,Variant,,,,,,,,0.67,TRUE,,,InStock,,,,,Tamanho 1 - C07101,,,,,,,,,,,,,,,,,,,,,,,,,,,,,,,,,,,,,,
product_c1bdc5d4-9406-206d-a45f-7d4083d9f843,Variant,,,,,,,,2.09,TRUE,,,InStock,,,,,Tamanho 3 - C07103,,,,,,,,,,,,,,,,,,,,,,,,,,,,,,,,,,,,,,
product_c1bdc5d4-9406-206d-a45f-7d4083d9f843,Variant,,,,,,,,1.36,TRUE,,,InStock,,,,,Tamanho 2 - C07102,,,,,,,,,,,,,,,,,,,,,,,,,,,,,,,,,,,,,,
product_c1bdc5d4-9406-206d-a45f-7d4083d9f843,Variant,,,,,,,,3.49,TRUE,,,InStock,,,,,Tamanho 4 - C07104,,,,,,,,,,,,,,,,,,,,,,,,,,,,,,,,,,,,,,
product_7a852011-622d-5412-c4d3-70520ed18b7d,Product,Corredor redondo,<p>Cor:&nbsp; Melalizado</p><p>Material: Latão Zincado</p><p>Embalagem: stiker</p><p>Quantidade mínima de compra 1 unidade</p><p>Preço especial na compra de quantidades maiores</p><p>&nbsp;</p><p>&nbsp;</p>,55dd72_435b29323f454467839d05abf6123c42~mv2.jpg,,,,9,,TRUE,PERCENT,0,InStock,,,Medidas,DROP_DOWN,Tamanho 1 - C07110;Tamanho 2 - C07111;Tamanho 3 - C07112;Tamanho 4 - C07113,,,,,,,,,,,,,,,,INFORMAÇÕES DO PRODUTO,"<p>NACIONAL</p>
",ENCOMENDA,"<p>O preço apresentado é referente a uma unidade. O valor total será calculado após envio da encomenda, estando&nbsp; dependente da quantidade mínima obrigatória. <span><span>Preços válidos salvo ruptura de stock, erro tipográfico ou fotográfico.</span></span></p>
",,,,,,,,,,,,,,,HARDMAN,110012,General Tools,Tools for The Workshop and Garage\General Tools,2025-06-27T13:51:14.657856
product_7a852011-622d-5412-c4d3-70520ed18b7d,Variant,,,,,,,,1.49,TRUE,,,InStock,,,,,Tamanho 2 - C07111,,,,,,,,,,,,,,,,,,,,,,,,,,,,,,,,,,,,,,
product_7a852011-622d-5412-c4d3-70520ed18b7d,Variant,,,,,,,,2.93,TRUE,,,InStock,,,,,Tamanho 3 - C07112,,,,,,,,,,,,,,,,,,,,,,,,,,,,,,,,,,,,,,
product_7a852011-622d-5412-c4d3-70520ed18b7d,Variant,,,,,,,,4.27,TRUE,,,InStock,,,,,Tamanho 4 - C07113,,,,,,,,,,,,,,,,,,,,,,,,,,,,,,,,,,,,,,
product_7a852011-622d-5412-c4d3-70520ed18b7d,Variant,,,,,,,,,TRUE,,,InStock,,,,,Tamanho 1 - C07110,,,,,,,,,,,,,,,,,,,,,,,,,,,,,,,,,,,,,,
product_32f1705d-66a1-2107-ea4c-bf87c29cef06,Product,Comedouro para Coelhos,<p>Cor:&nbsp; Melalizado</p><p>Material: Latão Zincado</p><p>Embalagem: stiker</p><p>Quantidade mínima de compra 1 unidade</p><p>Preço especial na compra de quantidades maiores</p><p>&nbsp;</p><p>&nbsp;</p>,55dd72_366f7af051db4059900f494be680e157~mv2.jpg,,,,12.37,,FALSE,PERCENT,0,InStock,,,Medidas,DROP_DOWN,Tamanho 1 - C05900;Tamanho 2 - C05901,,,,,,,,,,,,,,,,INFORMAÇÕES DO PRODUTO,"<p>NACIONAL</p>
",ENCOMENDA,"<p>O preço apresentado é referente a uma unidade. O valor total será calculado após envio da encomenda, estando&nbsp; dependente da quantidade mínima obrigatória. <span><span>Preços válidos salvo ruptura de stock, erro tipográfico ou fotográfico.</span></span></p>
",,,,,,,,,,,,,,,HARDMAN,110012,General Tools,Tools for The Workshop and Garage\General Tools,2025-06-27T13:51:14.657933
product_32f1705d-66a1-2107-ea4c-bf87c29cef06,Variant,,,,,,,,,TRUE,,,InStock,,,,,Tamanho 1 - C05900,,,,,,,,,,,,,,,,,,,,,,,,,,,,,,,,,,,,,,
product_32f1705d-66a1-2107-ea4c-bf87c29cef06,Variant,,,,,,,,0.6,TRUE,,,InStock,,,,,Tamanho 2 - C05901,,,,,,,,,,,,,,,,,,,,,,,,,,,,,,,,,,,,,,
product_fed9403b-5637-d72f-768f-ea1ddb4260d1,Product,Comedouro para Galinhas Zincado,<p>Cor:&nbsp; Melalizado</p><p>Material: Latão Zincado</p><p>Embalagem: stiker</p><p>Quantidade mínima de compra 1 unidade</p><p>Preço especial na compra de quantidades maiores</p><p>&nbsp;</p><p>&nbsp;</p>,55dd72_883a21b021584ac7a1bb396f6e3fe0ef~mv2.jpg,,,,10.99,,FALSE,PERCENT,0,InStock,,,Medidas,DROP_DOWN,Tamanho 1 - C05906;Tamanho 2 - C05907;Tamanho 3 - C05908;Tamanho 4 - C05909;Tamanho 5 - C05910;Tamanho 6 - C05911,,,,,,,,,,,,,,,,INFORMAÇÕES DO PRODUTO,"<p>NACIONAL</p>
",ENCOMENDA,"<p>O preço apresentado é referente a uma unidade. O valor total será calculado após envio da encomenda, estando&nbsp; dependente da quantidade mínima obrigatória. <span><span>Preços válidos salvo ruptura de stock, erro tipográfico ou fotográfico.</span></span></p>
",,,,,,,,,,,,,,,HARDMAN,110012,General Tools,Tools for The Workshop and Garage\General Tools,2025-06-27T13:51:14.657981
product_fed9403b-5637-d72f-768f-ea1ddb4260d1,Variant,,,,,,,,16.11,TRUE,,,InStock,,,,,Tamanho 6 - C05911,,,,,,,,,,,,,,,,,,,,,,,,,,,,,,,,,,,,,,
product_fed9403b-5637-d72f-768f-ea1ddb4260d1,Variant,,,,,,,,4.75,TRUE,,,InStock,,,,,Tamanho 3 - C05908,,,,,,,,,,,,,,,,,,,,,,,,,,,,,,,,,,,,,,
product_fed9403b-5637-d72f-768f-ea1ddb4260d1,Variant,,,,,,,,2.15,TRUE,,,InStock,,,,,Tamanho 2 - C05907,,,,,,,,,,,,,,,,,,,,,,,,,,,,,,,,,,,,,,
product_fed9403b-5637-d72f-768f-ea1ddb4260d1,Variant,,,,,,,,,TRUE,,,InStock,,,,,Tamanho 1 - C05906,,,,,,,,,,,,,,,,,,,,,,,,,,,,,,,,,,,,,,
product_fed9403b-5637-d72f-768f-ea1ddb4260d1,Variant,,,,,,,,4.98,TRUE,,,InStock,,,,,Tamanho 4 - C05909,,,,,,,,,,,,,,,,,,,,,,,,,,,,,,,,,,,,,,
product_fed9403b-5637-d72f-768f-ea1ddb4260d1,Variant,,,,,,,,10.38,TRUE,,,InStock,,,,,Tamanho 5 - C05910,,,,,,,,,,,,,,,,,,,,,,,,,,,,,,,,,,,,,,
product_13f57f90-b73f-a2b1-b381-c9df78e2013c,Product,Comedouro para Galinhas Lacado,<p>Cor:&nbsp; Melalizado</p><p>Material: Latão galvanizado/Lacado</p><p>Embalagem: stiker</p><p>Quantidade mínima de compra 1 unidade</p><p>Preço especial na compra de quantidades maiores</p><p>&nbsp;</p><p>&nbsp;</p>,55dd72_7f43ce884773466f98175e32633095d8~mv2.jpg,,,,0,,FALSE,PERCENT,0,InStock,,,Medidas,DROP_DOWN,Tamanho 1 - C05903;Tamanho 2 - C05904;Tamanho 3 - C05905,,,,,,,,,,,,,,,,INFORMAÇÕES DO PRODUTO,"<p>NACIONAL</p>
",ENCOMENDA,"<p>O preço apresentado é referente a uma unidade. O valor total será calculado após envio da encomenda, estando&nbsp; dependente da quantidade mínima obrigatória. <span><span>Preços válidos salvo ruptura de stock, erro tipográfico ou fotográfico.</span></span></p>
",,,,,,,,,,,,,,,HARDMAN,110012,General Tools,Tools for The Workshop and Garage\General Tools,2025-06-27T13:51:14.658067
product_13f57f90-b73f-a2b1-b381-c9df78e2013c,Variant,,,,,,,,,TRUE,,,InStock,,,,,Tamanho 1 - C05903,,,,,,,,,,,,,,,,,,,,,,,,,,,,,,,,,,,,,,
product_13f57f90-b73f-a2b1-b381-c9df78e2013c,Variant,,,,,,,,,TRUE,,,InStock,,,,,Tamanho 2 - C05904,,,,,,,,,,,,,,,,,,,,,,,,,,,,,,,,,,,,,,
product_13f57f90-b73f-a2b1-b381-c9df78e2013c,Variant,,,,,,,,,TRUE,,,InStock,,,,,Tamanho 3 - C05905,,,,,,,,,,,,,,,,,,,,,,,,,,,,,,,,,,,,,,
product_2ee61594-ef48-ec71-6e53-842687c1e03e,Product,Mata frangos,<p>Cor:&nbsp; Melalizado</p><p>Material: Latão galvanizado</p><p>Embalagem: stiker</p><p>Quantidade mínima de compra 1 unidade</p><p>Preço especial na compra de quantidades maiores</p><p>&nbsp;</p><p>&nbsp;</p>,55dd72_40c75f9ecc1f40fc9e4f0e9cc7abfa4b~mv2.jpg;55dd72_6c6e2f3775dc4ebb87d5c3abcb6bab33~mv2.jpg,,,,7.3,,TRUE,PERCENT,0,InStock,,,Medidas,DROP_DOWN,Tamanho 1 - M01300;Tamanho 2 - M01301,,,,,,,,,,,,,,,,INFORMAÇÕES DO PRODUTO,"<p>NACIONAL</p>
",ENCOMENDA,"<p>O preço apresentado é referente a uma unidade. O valor total será calculado após envio da encomenda, estando&nbsp; dependente da quantidade mínima obrigatória. <span><span>Preços válidos salvo ruptura de stock, erro tipográfico ou fotográfico.</span></span></p>
",,,,,,,,,,,,,,,HARDMAN,110012,General Tools,Tools for The Workshop and Garage\General Tools,2025-06-27T13:51:14.658149
product_2ee61594-ef48-ec71-6e53-842687c1e03e,Variant,,,,,,,,1.14,TRUE,,,InStock,,,,,Tamanho 2 - M01301,,,,,,,,,,,,,,,,,,,,,,,,,,,,,,,,,,,,,,
product_2ee61594-ef48-ec71-6e53-842687c1e03e,Variant,,,,,,,,,TRUE,,,InStock,,,,,Tamanho 1 - M01300,,,,,,,,,,,,,,,,,,,,,,,,,,,,,,,,,,,,,,
product_f16c4daf-ad62-558f-71ac-887db227094b,Product,Canudo para Toupeiras,<p>Cor:&nbsp; Melalizado</p><p>Material: Latão galvanizado</p><p>Embalagem: stiker</p><p>Quantidade mínima de compra 1 unidade</p><p>Preço especial na compra de quantidades maiores</p><p>&nbsp;</p><p>&nbsp;</p>,55dd72_bf37dbba02a74b88a8334f63a073bc17~mv2.jpg,,,,2.36,,TRUE,PERCENT,0,InStock,,,Medidas,DROP_DOWN,1 entrada - C02400;2 entradas - C02401,,,,,,,,,,,,,,,,INFORMAÇÕES DO PRODUTO,"<p>NACIONAL</p>
",ENCOMENDA,"<p>O preço apresentado é referente a uma unidade. O valor total será calculado após envio da encomenda, estando&nbsp; dependente da quantidade mínima obrigatória. <span><span>Preços válidos salvo ruptura de stock, erro tipográfico ou fotográfico.</span></span></p>
",,,,,,,,,,,,,,,HARDMAN,110012,General Tools,Tools for The Workshop and Garage\General Tools,2025-06-27T13:51:14.658198
product_f16c4daf-ad62-558f-71ac-887db227094b,Variant,,,,,,,,,TRUE,,,InStock,,,,,1 entrada - C02400,,,,,,,,,,,,,,,,,,,,,,,,,,,,,,,,,,,,,,
product_f16c4daf-ad62-558f-71ac-887db227094b,Variant,,,,,,,,1.58,TRUE,,,InStock,,,,,2 entradas - C02401,,,,,,,,,,,,,,,,,,,,,,,,,,,,,,,,,,,,,,
product_30fdcbb7-2da5-738b-9811-47fc00c4d45a,Product,Disco segmentado profissional multiusos,<p>Cor:&nbsp; preto / dourado</p><p>Material: Diamantado</p><p>Embalagem: blister</p><p>Cada caixa exterior contém: 30 unidades</p><p>Quantidade mínima de compra 10 unidades</p><p>Preço especial na compra de quantidades maiores</p><p>&nbsp;</p>,55dd72_7cb466ae681b4882916b6872cf3c6341~mv2.jpg,Construção;Discos,,,1.79,,TRUE,PERCENT,0,InStock,,,Medidas,DROP_DOWN,230mm - 380128;115mm - 380129,,,,,,,,,,,,,,,,INFORMAÇÕES DO PRODUTO,"<p>HARDMAN</p>
",ENCOMENDA,"<p>O preço apresentado é referente a uma unidade. O valor total será calculado após envio da encomenda, estando&nbsp; dependente da quantidade mínima obrigatória. <span><span>Preços válidos salvo ruptura de stock, erro tipográfico ou fotográfico.</span></span></p>
",,,,,,,,,,,,,,,TOURO,110007,Cutting Discs,Abrasive Materials\Cutting Discs,2025-06-27T13:51:14.658298
product_30fdcbb7-2da5-738b-9811-47fc00c4d45a,Variant,,,,,,,,4.75,TRUE,,,InStock,,,,,230mm - 380128,,,,,,,,,,,,,,,,,,,,,,,,,,,,,,,,,,,,,,
product_30fdcbb7-2da5-738b-9811-47fc00c4d45a,Variant,,,,,,,,,TRUE,,,InStock,,,,,115mm - 380129,,,,,,,,,,,,,,,,,,,,,,,,,,,,,,,,,,,,,,
product_e419517b-4ae9-c146-02a9-1216124f4d77,Product,Misturador SDS Tinta / Cola-  Robusto,<p>Cor:&nbsp; vermelho</p><p>Material: Ferro</p><p>Encaixe SDS</p><p>Cada caixa exterior contém: 40 unidades</p><p>Quantidade mínima de compra:&nbsp; 10&nbsp;unidades</p><p>&nbsp;</p><p>&nbsp;</p>,55dd72_53c8877f8cf6401095c3e4f7e544894a~mv2.jpg,Construção,,,2.1,,TRUE,PERCENT,0,InStock,,,Medidas,DROP_DOWN,80X400mm - 670402;100x600mm - 670404,,,,,,,,,,,,,,,,INFORMAÇÕES DO PRODUTO,"<p>HARDMAN</p>
",ENCOMENDA,"<p>O preço apresentado é referente a uma unidade. O valor total será calculado após envio da encomenda, estando&nbsp; dependente da quantidade mínima obrigatória. <span><span>Preços válidos salvo ruptura de stock, erro tipográfico ou fotográfico.</span></span></p>
",,,,,,,,,,,,,,,TOURO,110012,General Tools,Tools for The Workshop and Garage\General Tools,2025-06-27T13:51:14.658354
product_e419517b-4ae9-c146-02a9-1216124f4d77,Variant,,,,,,,,0.89,TRUE,,,InStock,,,,,100x600mm - 670404,,,,,,,,,,,,,,,,,,,,,,,,,,,,,,,,,,,,,,
product_e419517b-4ae9-c146-02a9-1216124f4d77,Variant,,,,,,,,,TRUE,,,InStock,,,,,80X400mm - 670402,,,,,,,,,,,,,,,,,,,,,,,,,,,,,,,,,,,,,,
product_f22704f7-7a18-cc6d-9f9e-c60c63450eb0,Product,Pulverizador elétrico bateria Litio com lança metálica telescópica,<p>Cor:&nbsp; laranja</p><p>Material: plástico / latão</p><p>Embalagem: caixa</p><p>Cada caixa exterior contém: 1 unidades</p><p>Quantidade mínima de compra 1 unidades</p><p>Preço especial na compra de quantidades maiores</p><p>&nbsp;</p>,88efbe_d358e2fc78a44bcdb639d5db042b42cf~mv2.jpg;55dd72_17577358eb4648d0b085b646225607fd~mv2.jpg,Jardim,,,41.99,,FALSE,PERCENT,0,InStock,,,Medidas,DROP_DOWN,16L - 670314,,,,,,,,,,,,,,,,INFORMAÇÕES DO PRODUTO,"<p>GARDMAN</p>
",ENCOMENDA,"<p>O preço apresentado é referente a uma unidade. O valor total será calculado após envio da encomenda, estando&nbsp; dependente da quantidade mínima obrigatória. <span><span>Preços válidos salvo ruptura de stock, erro tipográfico ou fotográfico.</span></span></p>
",,,,,,,,,,,,,,,TOURO,110012,General Tools,Tools for The Workshop and Garage\General Tools,2025-06-27T13:51:14.658405
product_f22704f7-7a18-cc6d-9f9e-c60c63450eb0,Variant,,,,,,,,,FALSE,,,InStock,,,,,16L - 670314,,,,,,,,,,,,,,,,,,,,,,,,,,,,,,,,,,,,,,
product_9e37739b-760b-c01f-ede9-4f931edf44e0,Product,Máscaras cirurgicas cx 50pcs,<p>Mascara cirurgia 3 camadas</p><p>Certificados conforme Normas Europeias</p><p>Compra mínima Cx 2000 Unidades </p>,55dd72_abd46befd59b40f3a8f68892f77ac189~mv2.jpg,,,,0.06,,FALSE,PERCENT,0,InStock,,,,,,,,,,,,,,,,,,,,,,,,,,,,,,,,,,,,,,,,110012,General Tools,Tools for The Workshop and Garage\General Tools,2025-06-27T13:51:14.658445
product_afeaa456-f070-74d8-ed7f-7e405fc19526,Product,Fato descartável Cat III tipo 5e6,<p>Fato descartavel em Polipropileno 50grs </p><p>Diretivas: CE CAT III (UE /2016/425)</p><p>Cor:  branco</p><p>Embalagem: individual </p><p>Cada caixa exterior contém: 50 unidades</p><p>Quantidade mínima de compra 25 unidades</p><p>Preço especial na compra de quantidades maiores</p>,55dd72_780d5349dd4346b0921ae95455741b57~mv2.jpg;55dd72_9da68091931044a68fdaee7efb7d3e95~mv2.jpg,Proteção e Segurança,,,3.3,,TRUE,PERCENT,0,InStock,,,Medidas,DROP_DOWN,XL - 990622;L - 990620;M - 990621,,,,,,,,,,,,,,,,INFORMAÇÕES DO PRODUTO,"<p>FERMAN</p>
",ENCOMENDA,"<p>O preço apresentado é referente a uma unidade. O valor total será calculado após envio da encomenda, estando&nbsp; dependente da quantidade mínima obrigatória. <span><span>Preços válidos salvo ruptura de stock, erro tipográfico ou fotográfico.</span></span></p>
",,,,,,,,,,,,,,,,110003,Protective Clothing,Health and Safety Articles\Protective Clothing,2025-06-27T13:51:14.658471
product_afeaa456-f070-74d8-ed7f-7e405fc19526,Variant,,,,,,,,,TRUE,,,InStock,,,,,M - 990621,,,,,,,,,,,,,,,,,,,,,,,,,,,,,,,,,,,,,,
product_afeaa456-f070-74d8-ed7f-7e405fc19526,Variant,,,,,,,,,TRUE,,,InStock,,,,,XL - 990622,,,,,,,,,,,,,,,,,,,,,,,,,,,,,,,,,,,,,,
product_afeaa456-f070-74d8-ed7f-7e405fc19526,Variant,,,,,,,,,TRUE,,,InStock,,,,,L - 990620,,,,,,,,,,,,,,,,,,,,,,,,,,,,,,,,,,,,,,
product_fe255526-370a-c882-1b9a-43ba0927ae9d,Product,Fato descartável Cat I ,<p>Fato descartavel em Polipropileno 40grs </p><p>Diretivas: CE CAT I (89/686/CEE)</p><p>Cor:  branco</p><p>Material: pp</p><p>Embalagem: individual </p><p>Cada caixa exterior contém: 100 unidades</p><p>Quantidade mínima de compra 25 unidades</p><p>Preço especial na compra de quantidades maiores</p>,55dd72_95419e9b218d480d93c3da7c2f97a95e~mv2.jpg;55dd72_1644a1ed6b944f648970a09f71a6d1f2~mv2.jpg,Proteção e Segurança,,,1.75,,TRUE,PERCENT,0,InStock,,,Medidas,DROP_DOWN,2XL - 990607;XL - 990606;L - 990605;M - 990604,,,,,,,,,,,,,,,,INFORMAÇÕES DO PRODUTO,"<p>FERMAN</p>
",ENCOMENDA,"<p>O preço apresentado é referente a uma unidade. O valor total será calculado após envio da encomenda, estando&nbsp; dependente da quantidade mínima obrigatória. <span><span>Preços válidos salvo ruptura de stock, erro tipográfico ou fotográfico.</span></span></p>
",,,,,,,,,,,,,,,,110003,Protective Clothing,Health and Safety Articles\Protective Clothing,2025-06-27T13:51:14.658528
product_fe255526-370a-c882-1b9a-43ba0927ae9d,Variant,,,,,,,,,TRUE,,,InStock,,,,,L - 990605,,,,,,,,,,,,,,,,,,,,,,,,,,,,,,,,,,,,,,
product_fe255526-370a-c882-1b9a-43ba0927ae9d,Variant,,,,,,,,,TRUE,,,InStock,,,,,M - 990604,,,,,,,,,,,,,,,,,,,,,,,,,,,,,,,,,,,,,,
product_fe255526-370a-c882-1b9a-43ba0927ae9d,Variant,,,,,,,,,TRUE,,,InStock,,,,,XL - 990606,,,,,,,,,,,,,,,,,,,,,,,,,,,,,,,,,,,,,,
product_fe255526-370a-c882-1b9a-43ba0927ae9d,Variant,,,,,,,,,TRUE,,,InStock,,,,,2XL - 990607,,,,,,,,,,,,,,,,,,,,,,,,,,,,,,,,,,,,,,
product_d75405b7-0640-a93c-e6ac-1d8d7132657f,Product,Casaco Protecção Térmica - 5°c,<p>Casaco com bolsos e gola.</p><p>Mais informação sobre o produto favor verificar na foto em anexo </p>,55dd72_7168abc41e3b40778d5de68fc27ab58a~mv2.jpg;55dd72_d69096332ffc46e39d9e66bba1298f72~mv2.jpg,Proteção e Segurança,,Profissional ,79,,FALSE,PERCENT,0,InStock,,,,,,,,,,,,,,,,,,,,,,,,,,,,,,,,,,,,,,,,110012,General Tools,Tools for The Workshop and Garage\General Tools,2025-06-27T13:51:14.658616
product_dd4e976b-0256-3678-30c3-e8c08e59e006,Product,Pistola Mastik Prof. Reforçada,<p>Utilização :&nbsp; para Selicones mais fortes e quimicos</p><p>Cor: Amarelo/ preto</p><p>Material: Aço</p><p>Cada caixa exterior contém: 12 unidades</p><p>Quantidade mínima de compra:&nbsp; 3&nbsp;unidades</p><p>Preço especial na compra de quantidades maiores</p><p>&nbsp;</p>,55dd72_a18692897dd9463b882685fd512ca8f9~mv2.jpg;55dd72_323cd2b5af4b4398838fdcf97e0b2ff3~mv2.jpg,Construção,,Destak,7.25,,FALSE,PERCENT,0,InStock,,,Medidas,DROP_DOWN,"9"" - 670109",,,,,,,,,,,,,,,,INFORMAÇÕES DO PRODUTO,"<p>HARDMAN</p>
",ENCOMENDA,"<p>O preço apresentado é referente a uma unidade. O valor total será calculado após envio da encomenda, estando&nbsp; dependente da quantidade mínima obrigatória. <span><span>Preços válidos salvo ruptura de stock, erro tipográfico ou fotográfico.</span></span></p>
",,,,,,,,,,,,,,,Hardman,110012,General Tools,Tools for The Workshop and Garage\General Tools,2025-06-27T13:51:14.658850
product_dd4e976b-0256-3678-30c3-e8c08e59e006,Variant,,,,,,,,,FALSE,,,InStock,,,,,"9"" - 670109",,,,,,,,,,,,,,,,,,,,,,,,,,,,,,,,,,,,,,
product_490fd800-6f70-d2d9-9be4-08a4545b972f,Product,Talocha borracha preta,<p>Medidas: 280x140x4mm</p><p>Cor:&nbsp; branco / preto</p><p>Material: borracha</p><p>&nbsp;</p><p>Quantidade mínima de compra 10&nbsp;unidades</p><p>&nbsp;</p><p>&nbsp;</p>,55dd72_9510cb1f4e1844bdb0996bd9cc9fb34a~mv2.jpg,Construção,,Destak,1.75,,TRUE,PERCENT,0,InStock,,,Medidas,DROP_DOWN,A3204,,,,,,,,,,,,,,,,INFORMAÇÕES DO PRODUTO,"<p>HARDMAN</p>
",ENCOMENDA,"<p>O preço apresentado é referente a uma unidade. O valor total será calculado após envio da encomenda, estando&nbsp; dependente da quantidade mínima obrigatória. <span><span>Preços válidos salvo ruptura de stock, erro tipográfico ou fotográfico.</span></span></p>
",,,,,,,,,,,,,,,TOURO,110006,Trowels and Spatulas,Construction and Renovation\Hand Tools\Trowels and Spatulas,2025-06-27T13:51:14.658900
product_490fd800-6f70-d2d9-9be4-08a4545b972f,Variant,,,,,,,,,TRUE,,,InStock,,,,,A3204,,,,,,,,,,,,,,,,,,,,,,,,,,,,,,,,,,,,,,
product_171f7530-9235-8760-e624-83e46e695d93,Product,"Corta Rebites  - 8""",<p>Cor:&nbsp; amarelo&nbsp; / azul</p><p>Material: fibra</p><p>Embalagem: stiker</p><p>Cada caixa exterior contém: 24 unidades</p><p>Quantidade mínima de compra 6 unidades</p><p>Preço especial na compra de quantidades maiores</p><p>&nbsp;</p><p>&nbsp;</p>,55dd72_0822f9428ead4ebdb439304b8e50314a~mv2.jpg;55dd72_d47ddc73c4244be7a8efdfce55e9083d~mv2.jpg;55dd72_03b42d2d19154474a7de4acd7329b6f8~mv2.jpg,Ferramentas Manuais;Alicates,,,3.32,,FALSE,PERCENT,0,InStock,,,Medidas,DROP_DOWN,"8"" - 260101",,,,,,,,,,,,,,,,INFORMAÇÕES DO PRODUTO,"<p>HARDMAN</p>
",ENCOMENDA,"<p>O preço apresentado é referente a uma unidade. O valor total será calculado após envio da encomenda, estando&nbsp; dependente da quantidade mínima obrigatória. <span><span>Preços válidos salvo ruptura de stock, erro tipográfico ou fotográfico.</span></span></p>
",,,,,,,,,,,,,,,HARDMAN,110012,General Tools,Tools for The Workshop and Garage\General Tools,2025-06-27T13:51:14.658940
product_171f7530-9235-8760-e624-83e46e695d93,Variant,,,,,,,,,FALSE,,,InStock,,,,,"8"" - 260101",,,,,,,,,,,,,,,,,,,,,,,,,,,,,,,,,,,,,,
product_ee927484-f8ff-d2d4-735e-716040c3d9aa,Product,Capa de chuva em PU,<p>Diretivas: CE CAT - 1</p><p>Cor:&nbsp; azul</p><p>Material: PU</p><p>Embalagem: bag</p><p>Cada caixa exterior contém: 20 unidades</p><p>Quantidade mínima de compra 5 unidades</p><p>Preço especial na compra de quantidades maiores</p><p>Disponivel também em verde</p><p>&nbsp;</p><p>&nbsp;</p>,55dd72_7bbbe6a13b4147eba9fe0e2b456f717b~mv2.jpg;88efbe_09a69afd6e5a4e69afe3eaf54ee299bb~mv2.jpg,Proteção e Segurança,,,13.49,,TRUE,PERCENT,0,InStock,,,Medidas,DROP_DOWN,Verde 2XL- A990415;Verde XL- A990414;Verde L- A990413;Verde M- A990412;Azul 2XL- A990418;Azul XL- A990417;Azul L- A990416;Azul M- A990419,,,,,,,,,,,,,,,,INFORMAÇÕES DO PRODUTO,"<p>FERMAN</p>
",ENCOMENDA,"<p>O preço apresentado é referente a uma unidade. O valor total será calculado após envio da encomenda, estando&nbsp; dependente da quantidade mínima obrigatória. <span><span>Preços válidos salvo ruptura de stock, erro tipográfico ou fotográfico.</span></span></p>
",,,,,,,,,,,,,,,FERMAN,110012,General Tools,Tools for The Workshop and Garage\General Tools,2025-06-27T13:51:14.658982
product_ee927484-f8ff-d2d4-735e-716040c3d9aa,Variant,,,,,,,,,TRUE,,,InStock,,,,,Verde M- A990412,,,,,,,,,,,,,,,,,,,,,,,,,,,,,,,,,,,,,,
product_ee927484-f8ff-d2d4-735e-716040c3d9aa,Variant,,,,,,,,,TRUE,,,InStock,,,,,Verde XL- A990414,,,,,,,,,,,,,,,,,,,,,,,,,,,,,,,,,,,,,,
product_ee927484-f8ff-d2d4-735e-716040c3d9aa,Variant,,,,,,,,,TRUE,,,InStock,,,,,Azul L- A990416,,,,,,,,,,,,,,,,,,,,,,,,,,,,,,,,,,,,,,
product_ee927484-f8ff-d2d4-735e-716040c3d9aa,Variant,,,,,,,,,TRUE,,,InStock,,,,,Verde L- A990413,,,,,,,,,,,,,,,,,,,,,,,,,,,,,,,,,,,,,,
product_ee927484-f8ff-d2d4-735e-716040c3d9aa,Variant,,,,,,,,,TRUE,,,InStock,,,,,Azul M- A990419,,,,,,,,,,,,,,,,,,,,,,,,,,,,,,,,,,,,,,
product_ee927484-f8ff-d2d4-735e-716040c3d9aa,Variant,,,,,,,,,TRUE,,,InStock,,,,,Azul 2XL- A990418,,,,,,,,,,,,,,,,,,,,,,,,,,,,,,,,,,,,,,
product_ee927484-f8ff-d2d4-735e-716040c3d9aa,Variant,,,,,,,,,TRUE,,,InStock,,,,,Verde 2XL- A990415,,,,,,,,,,,,,,,,,,,,,,,,,,,,,,,,,,,,,,
product_ee927484-f8ff-d2d4-735e-716040c3d9aa,Variant,,,,,,,,,TRUE,,,InStock,,,,,Azul XL- A990417,,,,,,,,,,,,,,,,,,,,,,,,,,,,,,,,,,,,,,
product_1a476fbd-84cf-d222-19cc-fc9ee8d58f7f,Product,Capa Chuva em Nylon - ECONOMIC,<p>Diretivas: CE CAT - 1</p><p>Cor:&nbsp; verde</p><p>Material: polyester</p><p>Embalagem: bag</p><p>Cada caixa exterior contém: 20 unidades</p><p>Quantidade mínima de compra 5 unidades</p><p>Preço especial na compra de quantidades maiores</p><p>&nbsp;</p><p>&nbsp;</p>,88efbe_b392255cf2424150a76bedd9a66bb536~mv2.jpg;55dd72_272e7e6c94534d84b35e71742252d2de~mv2.jpg;88efbe_2ed7bc4a9af6493f871f0562d4344b38~mv2.jpg,Proteção e Segurança,,,4.99,,TRUE,PERCENT,0,InStock,,,Medidas,DROP_DOWN,Azul - L -990402/1;Azul - XL -990403/1;Azul - 2XL -990404/1;Verde - L -990406/1;Verde -XL -990407/1;Verde - 2XL -990408/1,,,,,,,,,,,,,,,,INFORMAÇÕES DO PRODUTO,"<p>FERMAN</p>
",ENCOMENDA,"<p>O preço apresentado é referente a uma unidade. O valor total será calculado após envio da encomenda, estando&nbsp; dependente da quantidade mínima obrigatória. <span><span>Preços válidos salvo ruptura de stock, erro tipográfico ou fotográfico.</span></span></p>
",,,,,,,,,,,,,,,FERMAN,110012,General Tools,Tools for The Workshop and Garage\General Tools,2025-06-27T13:51:14.659095
product_1a476fbd-84cf-d222-19cc-fc9ee8d58f7f,Variant,,,,,,,,,TRUE,,,InStock,,,,,Verde - 2XL -990408/1,,,,,,,,,,,,,,,,,,,,,,,,,,,,,,,,,,,,,,
product_1a476fbd-84cf-d222-19cc-fc9ee8d58f7f,Variant,,,,,,,,,TRUE,,,InStock,,,,,Azul - L -990402/1,,,,,,,,,,,,,,,,,,,,,,,,,,,,,,,,,,,,,,
product_1a476fbd-84cf-d222-19cc-fc9ee8d58f7f,Variant,,,,,,,,,TRUE,,,InStock,,,,,Azul - 2XL -990404/1,,,,,,,,,,,,,,,,,,,,,,,,,,,,,,,,,,,,,,
product_1a476fbd-84cf-d222-19cc-fc9ee8d58f7f,Variant,,,,,,,,,TRUE,,,InStock,,,,,Verde -XL -990407/1,,,,,,,,,,,,,,,,,,,,,,,,,,,,,,,,,,,,,,
product_1a476fbd-84cf-d222-19cc-fc9ee8d58f7f,Variant,,,,,,,,,TRUE,,,InStock,,,,,Azul - XL -990403/1,,,,,,,,,,,,,,,,,,,,,,,,,,,,,,,,,,,,,,
product_1a476fbd-84cf-d222-19cc-fc9ee8d58f7f,Variant,,,,,,,,,TRUE,,,InStock,,,,,Verde - L -990406/1,,,,,,,,,,,,,,,,,,,,,,,,,,,,,,,,,,,,,,
product_25b85ddf-a0de-9776-93b8-c2bbbb5808d7,Product,Viseira de proteção em rede com ajuste,<p>Diretivas: CE CAT - 1 / EN 166</p><p>Cor:&nbsp; transparente / amarela</p><p>Material: acrílico</p><p>Embalagem: bag</p><p>Cada caixa exterior contém: 40 unidades</p><p>Quantidade mínima de compra 10 unidades</p><p>Preço especial na compra de quantidades maiores</p><p>&nbsp;</p><p>&nbsp;</p>,55dd72_1f92292b33aa4687aeb5388b1a02d3a7~mv2.jpg,Proteção e Segurança,,,3.99,,FALSE,PERCENT,0,InStock,,,Medidas,DROP_DOWN,600406,,,,,,,,,,,,,,,,INFORMAÇÕES DO PRODUTO,"<p>FERMAN</p>
",ENCOMENDA,"<p>O preço apresentado é referente a uma unidade. O valor total será calculado após envio da encomenda, estando&nbsp; dependente da quantidade mínima obrigatória. <span><span>Preços válidos salvo ruptura de stock, erro tipográfico ou fotográfico.</span></span></p>
",,,,,,,,,,,,,,,FERMAN,110012,General Tools,Tools for The Workshop and Garage\General Tools,2025-06-27T13:51:14.659262
product_25b85ddf-a0de-9776-93b8-c2bbbb5808d7,Variant,,,,,,,,,FALSE,,,InStock,,,,,600406,,,,,,,,,,,,,,,,,,,,,,,,,,,,,,,,,,,,,,
product_fcacf7c1-103c-7335-cb44-f0f56ee37e17,Product,Viseira de proteção acrílica com ajuste,<p>Diretivas: CE CAT - 1 / EN 166</p><p>Cor:&nbsp; transparente / amarela</p><p>Material: acrílico</p><p>Embalagem: bag</p><p>Cada caixa exterior contém: 40 unidades</p><p>Quantidade mínima de compra 10 unidades</p><p>Preço especial na compra de quantidades maiores</p><p>&nbsp;</p><p>&nbsp;</p>,55dd72_dce535e2b95c4d218b8c8b3f8414f60b~mv2.jpg,Proteção e Segurança,,,1.99,,TRUE,PERCENT,0,InStock,,,Medidas,DROP_DOWN,600405,,,,,,,,,,,,,,,,INFORMAÇÕES DO PRODUTO,"<p>FERMAN</p>
",ENCOMENDA,"<p>O preço apresentado é referente a uma unidade. O valor total será calculado após envio da encomenda, estando&nbsp; dependente da quantidade mínima obrigatória. <span><span>Preços válidos salvo ruptura de stock, erro tipográfico ou fotográfico.</span></span></p>
",,,,,,,,,,,,,,,FERMAN,110012,General Tools,Tools for The Workshop and Garage\General Tools,2025-06-27T13:51:14.659306
product_fcacf7c1-103c-7335-cb44-f0f56ee37e17,Variant,,,,,,,,,TRUE,,,InStock,,,,,600405,,,,,,,,,,,,,,,,,,,,,,,,,,,,,,,,,,,,,,
product_e4191c6e-3b2f-ee01-d53b-7973569e7e5f,Product,Viseira de proteção acrílica,<p>Diretivas: CE CAT - 1 / EN 175</p><p>Cor:&nbsp; transparente</p><p>Material: acrílico</p><p>Embalagem: bag</p><p>Cada caixa exterior contém: 1000 unidades</p><p>Quantidade mínima de compra 500 unidades</p><p>Preço especial na compra de quantidades maiores</p><p>&nbsp;</p><p>&nbsp;</p>,55dd72_796db1b7faee49bc8d9fc3dc1f20cd3c~mv2.jpeg,Proteção e Segurança,,,0.29,,TRUE,PERCENT,0,InStock,,,Medidas,DROP_DOWN,620101,,,,,,,,,,,,,,,,INFORMAÇÕES DO PRODUTO,"<p>FERMAN</p>
",ENCOMENDA,"<p>O preço apresentado é referente a uma unidade. O valor total será calculado após envio da encomenda, estando&nbsp; dependente da quantidade mínima obrigatória. <span><span>Preços válidos salvo ruptura de stock, erro tipográfico ou fotográfico.</span></span></p>
",,,,,,,,,,,,,,,FERMAN,110012,General Tools,Tools for The Workshop and Garage\General Tools,2025-06-27T13:51:14.659346
product_e4191c6e-3b2f-ee01-d53b-7973569e7e5f,Variant,,,,,,,,,TRUE,,,InStock,,,,,620101,,,,,,,,,,,,,,,,,,,,,,,,,,,,,,,,,,,,,,
product_4099b686-5a2f-17d3-4adf-ac8a247c0f11,Product,Máscara de soldador com visor,<p>Diretivas: CE CAT - 1 / EN 175</p><p>Cor:&nbsp; preto</p><p>Material: fibra</p><p>Embalagem: bag</p><p>Cada caixa exterior contém: 50 unidades</p><p>Quantidade mínima de compra 10 unidades</p><p>Preço especial na compra de quantidades maiores</p><p>&nbsp;</p><p>&nbsp;</p>,55dd72_9d3bd34f0f764ba4a3d15b6b4930428a~mv2.jpg,Proteção e Segurança,,,3.5,,TRUE,PERCENT,0,InStock,,,Medidas,DROP_DOWN,600401,,,,,,,,,,,,,,,,INFORMAÇÕES DO PRODUTO,"<p>FERMAN</p>
",ENCOMENDA,"<p>O preço apresentado é referente a uma unidade. O valor total será calculado após envio da encomenda, estando&nbsp; dependente da quantidade mínima obrigatória. <span><span>Preços válidos salvo ruptura de stock, erro tipográfico ou fotográfico.</span></span></p>
",,,,,,,,,,,,,,,FERMAN,110012,General Tools,Tools for The Workshop and Garage\General Tools,2025-06-27T13:51:14.659383
product_4099b686-5a2f-17d3-4adf-ac8a247c0f11,Variant,,,,,,,,,TRUE,,,InStock,,,,,600401,,,,,,,,,,,,,,,,,,,,,,,,,,,,,,,,,,,,,,
product_5a2d2feb-ae0c-cf9d-4bc3-c0f59a50d855,Product,Colete de segurança de alta visibilidade verde,<p>O colete possui 2 bandas refletoras e abertura frontal em velcro para maior facilidade de vestir e despir.</p><p>Diretivas: CE CAT - 1 / EN ISO 20471</p><p>Cor:&nbsp; verde</p><p>Material: poliester</p><p>Embalagem: bag</p><p>Cada caixa exterior contém: 100 unidades</p><p>Quantidade mínima de compra 25 unidades</p><p>Preço especial na compra de quantidades maiores</p><p>&nbsp;</p><p>&nbsp;</p>,55dd72_764db835a79e4d9f9a9177bbf54d5bb9~mv2.jpg,Proteção e Segurança,,,1.29,,TRUE,PERCENT,0,InStock,,,Medidas,DROP_DOWN,M - 990614;L - 990611;XL - 990612;XXL - 990613,,,,,,,,,,,,,,,,INFORMAÇÕES DO PRODUTO,"<p>FERMAN</p>
",ENCOMENDA,"<p>O preço apresentado é referente a uma unidade. O valor total será calculado após envio da encomenda, estando&nbsp; dependente da quantidade mínima obrigatória. <span><span>Preços válidos salvo ruptura de stock, erro tipográfico ou fotográfico.</span></span></p>
",,,,,,,,,,,,,,,FERMAN,110012,General Tools,Tools for The Workshop and Garage\General Tools,2025-06-27T13:51:14.659420
product_5a2d2feb-ae0c-cf9d-4bc3-c0f59a50d855,Variant,,,,,,,,,TRUE,,,InStock,,,,,M - 990614,,,,,,,,,,,,,,,,,,,,,,,,,,,,,,,,,,,,,,
product_5a2d2feb-ae0c-cf9d-4bc3-c0f59a50d855,Variant,,,,,,,,,TRUE,,,InStock,,,,,XL - 990612,,,,,,,,,,,,,,,,,,,,,,,,,,,,,,,,,,,,,,
product_5a2d2feb-ae0c-cf9d-4bc3-c0f59a50d855,Variant,,,,,,,,,TRUE,,,InStock,,,,,L - 990611,,,,,,,,,,,,,,,,,,,,,,,,,,,,,,,,,,,,,,
product_5a2d2feb-ae0c-cf9d-4bc3-c0f59a50d855,Variant,,,,,,,,,TRUE,,,InStock,,,,,XXL - 990613,,,,,,,,,,,,,,,,,,,,,,,,,,,,,,,,,,,,,,
product_c9bdf056-610b-0dda-a5dc-9931b4f0c439,Product,Colete de segurança de alta visibilidade laranja,<p>O colete possui 2 bandas refletoras e abertura frontal em velcro para maior facilidade de vestir e despir.</p><p>Diretivas: CE CAT - 1 / EN ISO 20471</p><p>Cor:&nbsp; laranja</p><p>Material: poliester</p><p>Embalagem: bag</p><p>Cada caixa exterior contém: 100 unidades</p><p>Quantidade mínima de compra 25 unidades</p><p>Preço especial na compra de quantidades maiores</p><p>&nbsp;</p><p>&nbsp;</p>,55dd72_8dd22b6ce43a428caa2bf743bcf57f0a~mv2.jpg,Proteção e Segurança,,,1.29,,TRUE,PERCENT,0,InStock,,,Medidas,DROP_DOWN,M - 990614/1;L - 990608;XL - 990609;XXL - 990610,,,,,,,,,,,,,,,,INFORMAÇÕES DO PRODUTO,"<p>FERMAN</p>
",ENCOMENDA,"<p>O preço apresentado é referente a uma unidade. O valor total será calculado após envio da encomenda, estando&nbsp; dependente da quantidade mínima obrigatória. <span><span>Preços válidos salvo ruptura de stock, erro tipográfico ou fotográfico.</span></span></p>
",,,,,,,,,,,,,,,FERMAN,110012,General Tools,Tools for The Workshop and Garage\General Tools,2025-06-27T13:51:14.659495
product_c9bdf056-610b-0dda-a5dc-9931b4f0c439,Variant,,,,,,,,,TRUE,,,InStock,,,,,XXL - 990610,,,,,,,,,,,,,,,,,,,,,,,,,,,,,,,,,,,,,,
product_c9bdf056-610b-0dda-a5dc-9931b4f0c439,Variant,,,,,,,,,TRUE,,,InStock,,,,,L - 990608,,,,,,,,,,,,,,,,,,,,,,,,,,,,,,,,,,,,,,
product_c9bdf056-610b-0dda-a5dc-9931b4f0c439,Variant,,,,,,,,,TRUE,,,InStock,,,,,XL - 990609,,,,,,,,,,,,,,,,,,,,,,,,,,,,,,,,,,,,,,
product_c9bdf056-610b-0dda-a5dc-9931b4f0c439,Variant,,,,,,,,,TRUE,,,InStock,,,,,M - 990614/1,,,,,,,,,,,,,,,,,,,,,,,,,,,,,,,,,,,,,,
product_3074cb66-742c-b149-d905-5792b953861f,Product,Calças e jaqueta de trabalho azul marinho,<p>Diretivas: CE CAT - 1</p><p>Cor:&nbsp; azul marinho</p><p>Material: 100% algodão</p><p>Embalagem: bag</p><p>Cada caixa exterior contém: 20 unidades</p><p>Quantidade mínima de compra 5 unidades</p><p>Preço especial na compra de quantidades maiores</p><p>&nbsp;</p><p>&nbsp;</p>,55dd72_fdb6afc251da4f2689108ac0e5dd84bb~mv2.jpg,Proteção e Segurança,,,9.5,,FALSE,PERCENT,0,InStock,,,Medidas,DROP_DOWN,M - 990424,,,,,,,,,,,,,,,,INFORMAÇÕES DO PRODUTO,"<p>FERMAN</p>
",ENCOMENDA,"<p>O preço apresentado é referente a uma unidade. O valor total será calculado após envio da encomenda, estando&nbsp; dependente da quantidade mínima obrigatória. <span><span>Preços válidos salvo ruptura de stock, erro tipográfico ou fotográfico.</span></span></p>
",,,,,,,,,,,,,,,FERMAN,110012,General Tools,Tools for The Workshop and Garage\General Tools,2025-06-27T13:51:14.659635
product_3074cb66-742c-b149-d905-5792b953861f,Variant,,,,,,,,,FALSE,,,InStock,,,,,M - 990424,,,,,,,,,,,,,,,,,,,,,,,,,,,,,,,,,,,,,,
product_9b8a69a9-113c-fdaf-ed6c-a98e20b95f20,Product,Jardineira de trabalho azul marinho,<p>Diretivas: CE CAT - 1</p><p>Cor:&nbsp; azul marinho</p><p>Material: 100% algodão</p><p>Embalagem: bag</p><p>Cada caixa exterior contém: 20 unidades</p><p>Quantidade mínima de compra 5 unidades</p><p>Preço especial na compra de quantidades maiores</p><p>&nbsp;</p><p>&nbsp;</p>,55dd72_430d8ac622304807a67129c4a0417232~mv2.jpg,Proteção e Segurança,,,6.99,,FALSE,PERCENT,0,InStock,,,Medidas,DROP_DOWN,XXL - 990581,,,,,,,,,,,,,,,,INFORMAÇÕES DO PRODUTO,"<p>FERMAN</p>
",ENCOMENDA,"<p>O preço apresentado é referente a uma unidade. O valor total será calculado após envio da encomenda, estando&nbsp; dependente da quantidade mínima obrigatória. <span><span>Preços válidos salvo ruptura de stock, erro tipográfico ou fotográfico.</span></span></p>
",,,,,,,,,,,,,,,FERMAN,110012,General Tools,Tools for The Workshop and Garage\General Tools,2025-06-27T13:51:14.659680
product_9b8a69a9-113c-fdaf-ed6c-a98e20b95f20,Variant,,,,,,,,,FALSE,,,InStock,,,,,XXL - 990581,,,,,,,,,,,,,,,,,,,,,,,,,,,,,,,,,,,,,,
product_65459cfb-f6f4-a511-d7c2-8ae6cc014381,Product,Bata de trabalho azul marinho,<p>Diretivas: CE CAT - 1</p><p>Cor:&nbsp; azul marinho</p><p>Material: 100% algodão</p><p>Embalagem: bag</p><p>Cada caixa exterior contém: 20 unidades</p><p>Quantidade mínima de compra 5 unidades</p><p>Preço especial na compra de quantidades maiores</p><p>&nbsp;</p><p>&nbsp;</p>,55dd72_0936eeca126846179f8632b4186c2681~mv2.jpg,Proteção e Segurança,,,4.99,,FALSE,PERCENT,0,InStock,,,Medidas,DROP_DOWN,L - 990555;XL - 990556,,,,,,,,,,,,,,,,INFORMAÇÕES DO PRODUTO,"<p>FERMAN</p>
",ENCOMENDA,"<p>O preço apresentado é referente a uma unidade. O valor total será calculado após envio da encomenda, estando&nbsp; dependente da quantidade mínima obrigatória. <span><span>Preços válidos salvo ruptura de stock, erro tipográfico ou fotográfico.</span></span></p>
",,,,,,,,,,,,,,,FERMAN,110012,General Tools,Tools for The Workshop and Garage\General Tools,2025-06-27T13:51:14.659719
product_65459cfb-f6f4-a511-d7c2-8ae6cc014381,Variant,,,,,,,,,FALSE,,,InStock,,,,,XL - 990556,,,,,,,,,,,,,,,,,,,,,,,,,,,,,,,,,,,,,,
product_65459cfb-f6f4-a511-d7c2-8ae6cc014381,Variant,,,,,,,,,FALSE,,,InStock,,,,,L - 990555,,,,,,,,,,,,,,,,,,,,,,,,,,,,,,,,,,,,,,
product_0170177e-a804-7b7e-813f-1a3d0d98f580,Product,Polainitos de soldador em pele,<p>Diretivas: CE CAT - 1</p><p>Cor:&nbsp; branco</p><p>Material: pele</p><p>Embalagem: bag</p><p>Cada caixa exterior contém: 50 unidades</p><p>Quantidade mínima de compra 10 unidades</p><p>Preço especial na compra de quantidades maiores</p><p>&nbsp;</p><p>&nbsp;</p>,55dd72_4631dcc0766746fd88b0a10632219b98~mv2.jpg,Proteção e Segurança,,,3.99,,TRUE,PERCENT,0,InStock,,,Medidas,DROP_DOWN,990593,,,,,,,,,,,,,,,,INFORMAÇÕES DO PRODUTO,"<p>FERMAN</p>
",ENCOMENDA,"<p>O preço apresentado é referente a uma unidade. O valor total será calculado após envio da encomenda, estando&nbsp; dependente da quantidade mínima obrigatória. <span><span>Preços válidos salvo ruptura de stock, erro tipográfico ou fotográfico.</span></span></p>
",,,,,,,,,,,,,,,FERMAN,110012,General Tools,Tools for The Workshop and Garage\General Tools,2025-06-27T13:51:14.659767
product_0170177e-a804-7b7e-813f-1a3d0d98f580,Variant,,,,,,,,,TRUE,,,InStock,,,,,990593,,,,,,,,,,,,,,,,,,,,,,,,,,,,,,,,,,,,,,
product_9a6db478-dbe8-1435-b474-df77ccd4a945,Product,Manguitos de soldador em pele,<p>Diretivas: CE CAT - 1</p><p>Cor:&nbsp; branco</p><p>Material: pele</p><p>Embalagem: bag</p><p>Cada caixa exterior contém: 50 unidades</p><p>Quantidade mínima de compra 10 unidades</p><p>Preço especial na compra de quantidades maiores</p><p>&nbsp;</p><p>&nbsp;</p>,55dd72_fd584fe30edd4dcb8a86f8b61fb0334e~mv2.jpg,Proteção e Segurança,,,3.99,,TRUE,PERCENT,0,InStock,,,Medidas,DROP_DOWN,Compridos - A990564;Curtos - A990594,,,,,,,,,,,,,,,,INFORMAÇÕES DO PRODUTO,<p>Curtos - até aos cotovelos </p><p>Compridos - até aos ombros </p><p>Cx exterior = 25 pcs</p><p>Cx interiror = 1 pc</p>,ENCOMENDA,"<p>O preço apresentado é referente a uma unidade. O valor total será calculado após envio da encomenda, estando&nbsp; dependente da quantidade mínima obrigatória. <span><span>Preços válidos salvo ruptura de stock, erro tipográfico ou fotográfico.</span></span></p>
",,,,,,,,,,,,,,,FERMAN,110012,General Tools,Tools for The Workshop and Garage\General Tools,2025-06-27T13:51:14.659804
product_9a6db478-dbe8-1435-b474-df77ccd4a945,Variant,,,,,,,,,TRUE,,,InStock,,,,,Curtos - A990594,,,,,,,,,,,,,,,,,,,,,,,,,,,,,,,,,,,,,,
product_9a6db478-dbe8-1435-b474-df77ccd4a945,Variant,,,,,,,,0.75,TRUE,,,InStock,,,,,Compridos - A990564,,,,,,,,,,,,,,,,,,,,,,,,,,,,,,,,,,,,,,
product_3a3531af-d639-f04a-829d-a654363ddf97,Product,Avental de soldador em pele,<p>Diretivas: CE CAT - 1</p><p>Medidas: 60 x 90 cm</p><p>Cor:&nbsp; branco</p><p>Material: pele</p><p>Embalagem: bag</p><p>Cada caixa exterior contém: 25 unidades</p><p>Quantidade mínima de compra 1 unidades</p><p>Preço especial na compra de quantidades maiores</p><p>&nbsp;</p><p>&nbsp;</p>,55dd72_ec431331cd8e4cf7b014e90864707253~mv2.jpg,Proteção e Segurança,,,4.99,,TRUE,PERCENT,0,InStock,,,Medidas,DROP_DOWN,60x90cm - 880096,,,,,,,,,,,,,,,,INFORMAÇÕES DO PRODUTO,"<p>FERMAN</p>
",ENCOMENDA,"<p>O preço apresentado é referente a uma unidade. O valor total será calculado após envio da encomenda, estando&nbsp; dependente da quantidade mínima obrigatória. <span><span>Preços válidos salvo ruptura de stock, erro tipográfico ou fotográfico.</span></span></p>
",,,,,,,,,,,,,,,FERMAN,110012,General Tools,Tools for The Workshop and Garage\General Tools,2025-06-27T13:51:14.659853
product_3a3531af-d639-f04a-829d-a654363ddf97,Variant,,,,,,,,,TRUE,,,InStock,,,,,60x90cm - 880096,,,,,,,,,,,,,,,,,,,,,,,,,,,,,,,,,,,,,,
product_3f011ee8-8133-0333-afc5-8f4dedb8b4c2,Product,Casaco de soldador em pele,<p>Diretivas: CE CAT - 1</p><p>Cor:&nbsp; branco</p><p>Material: pele</p><p>Embalagem: bag</p><p>Cada caixa exterior contém: 10 unidades</p><p>Quantidade mínima de compra 2 unidades</p><p>Preço especial na compra de quantidades maiores</p><p>&nbsp;</p><p>&nbsp;</p>,55dd72_296cfff8b08648979acfa1fd451e438a~mv2.jpg,Proteção e Segurança,,,16.5,,TRUE,PERCENT,0,InStock,,,Medidas,DROP_DOWN,M - 990590;L - 990591;XL - 990592,,,,,,,,,,,,,,,,INFORMAÇÕES DO PRODUTO,"<p>FERMAN</p>
",ENCOMENDA,"<p>O preço apresentado é referente a uma unidade. O valor total será calculado após envio da encomenda, estando&nbsp; dependente da quantidade mínima obrigatória. <span><span>Preços válidos salvo ruptura de stock, erro tipográfico ou fotográfico.</span></span></p>
",,,,,,,,,,,,,,,FERMAN,110012,General Tools,Tools for The Workshop and Garage\General Tools,2025-06-27T13:51:14.659891
product_a546406d-793c-ab4f-19c0-d1539f07d7a7,Product,Sapato de segurança pele branca,<p>Diretivas: CE 87 / 686 / EN 20345:2007</p><p>Categoria: S1</p><p>Cor:&nbsp; branco</p><p>Material: borracha / pele</p><p>Embalagem: BOX</p><p>Cada caixa exterior contém: 10 unidades</p><p>Quantidade mínima de compra 5 unidades</p><p>Preço especial na compra de quantidades maiores</p><p>&nbsp;</p><p>&nbsp;</p>,55dd72_39644b01909046f2ab03a3559ec2c329~mv2.jpg,Proteção e Segurança,,,13.99,,TRUE,PERCENT,0,InStock,,,Medidas,DROP_DOWN,38 - 970263;37 - 970262;39 - 970264;40 - 970265;41 - 970266;42 - 970267;43 - 970268;44 - 970269;45 - 970270,,,,,,,,,,,,,,,,INFORMAÇÕES DO PRODUTO,"<p>FERMAN</p>
",ENCOMENDA,"<p>O preço apresentado é referente a uma unidade. O valor total será calculado após envio da encomenda, estando&nbsp; dependente da quantidade mínima obrigatória. <span><span>Preços válidos salvo ruptura de stock, erro tipográfico ou fotográfico.</span></span></p>
",,,,,,,,,,,,,,,FERMAN,110012,General Tools,Tools for The Workshop and Garage\General Tools,2025-06-27T13:51:14.660019
product_a546406d-793c-ab4f-19c0-d1539f07d7a7,Variant,,,,,,,,,TRUE,,,InStock,,,,,37 - 970262,,,,,,,,,,,,,,,,,,,,,,,,,,,,,,,,,,,,,,
product_a546406d-793c-ab4f-19c0-d1539f07d7a7,Variant,,,,,,,,,TRUE,,,InStock,,,,,38 - 970263,,,,,,,,,,,,,,,,,,,,,,,,,,,,,,,,,,,,,,
product_a546406d-793c-ab4f-19c0-d1539f07d7a7,Variant,,,,,,,,,TRUE,,,InStock,,,,,42 - 970267,,,,,,,,,,,,,,,,,,,,,,,,,,,,,,,,,,,,,,
product_a546406d-793c-ab4f-19c0-d1539f07d7a7,Variant,,,,,,,,,TRUE,,,InStock,,,,,39 - 970264,,,,,,,,,,,,,,,,,,,,,,,,,,,,,,,,,,,,,,
product_a546406d-793c-ab4f-19c0-d1539f07d7a7,Variant,,,,,,,,,TRUE,,,InStock,,,,,44 - 970269,,,,,,,,,,,,,,,,,,,,,,,,,,,,,,,,,,,,,,
product_a546406d-793c-ab4f-19c0-d1539f07d7a7,Variant,,,,,,,,,TRUE,,,InStock,,,,,43 - 970268,,,,,,,,,,,,,,,,,,,,,,,,,,,,,,,,,,,,,,
product_a546406d-793c-ab4f-19c0-d1539f07d7a7,Variant,,,,,,,,,TRUE,,,InStock,,,,,40 - 970265,,,,,,,,,,,,,,,,,,,,,,,,,,,,,,,,,,,,,,
product_a546406d-793c-ab4f-19c0-d1539f07d7a7,Variant,,,,,,,,,TRUE,,,InStock,,,,,45 - 970270,,,,,,,,,,,,,,,,,,,,,,,,,,,,,,,,,,,,,,
product_a546406d-793c-ab4f-19c0-d1539f07d7a7,Variant,,,,,,,,,TRUE,,,InStock,,,,,41 - 970266,,,,,,,,,,,,,,,,,,,,,,,,,,,,,,,,,,,,,,
product_1f2258c6-61cc-e365-75e9-10173b34f03d,Product,Bota de segurança S3 preta KEVLAR & MICROFIBRA,<p>Diretivas: CE 87 / 686 / EN 20345:2007</p><p>Categoria: S3</p><p>Cor:&nbsp; preto</p><p>Material: borracha / KEVLAR / microfibra</p><p>Embalagem: BOX</p><p>Cada caixa exterior contém: 10 unidades</p><p>Quantidade mínima de compra 5 unidades</p><p>Preço especial na compra de quantidades maiores</p><p>&nbsp;</p><p>&nbsp;</p>,88efbe_86ae2ebdf6c746a2ade772fbbfb37680~mv2.jpg,Proteção e Segurança,,,19.99,,TRUE,PERCENT,0,InStock,,,Medidas,DROP_DOWN,37 - 970388;38 - 970389;39 - 970390;40 - 970391;41 - 970392;42 - 970393;43 - 970394;44 - 970395;45 - 970396;46 - 970397,,,,,,,,,,,,,,,,INFORMAÇÕES DO PRODUTO,"<p>FERMAN</p>
",ENCOMENDA,"<p>O preço apresentado é referente a uma unidade. O valor total será calculado após envio da encomenda, estando&nbsp; dependente da quantidade mínima obrigatória. <span><span>Preços válidos salvo ruptura de stock, erro tipográfico ou fotográfico.</span></span></p>
",,,,,,,,,,,,,,,FERMAN,110012,General Tools,Tools for The Workshop and Garage\General Tools,2025-06-27T13:51:14.660165
product_1f2258c6-61cc-e365-75e9-10173b34f03d,Variant,,,,,,,,,TRUE,,,InStock,,,,,45 - 970396,,,,,,,,,,,,,,,,,,,,,,,,,,,,,,,,,,,,,,
product_1f2258c6-61cc-e365-75e9-10173b34f03d,Variant,,,,,,,,,TRUE,,,InStock,,,,,42 - 970393,,,,,,,,,,,,,,,,,,,,,,,,,,,,,,,,,,,,,,
product_1f2258c6-61cc-e365-75e9-10173b34f03d,Variant,,,,,,,,,TRUE,,,InStock,,,,,37 - 970388,,,,,,,,,,,,,,,,,,,,,,,,,,,,,,,,,,,,,,
product_1f2258c6-61cc-e365-75e9-10173b34f03d,Variant,,,,,,,,,TRUE,,,InStock,,,,,39 - 970390,,,,,,,,,,,,,,,,,,,,,,,,,,,,,,,,,,,,,,
product_1f2258c6-61cc-e365-75e9-10173b34f03d,Variant,,,,,,,,,TRUE,,,InStock,,,,,40 - 970391,,,,,,,,,,,,,,,,,,,,,,,,,,,,,,,,,,,,,,
product_1f2258c6-61cc-e365-75e9-10173b34f03d,Variant,,,,,,,,,TRUE,,,InStock,,,,,43 - 970394,,,,,,,,,,,,,,,,,,,,,,,,,,,,,,,,,,,,,,
product_1f2258c6-61cc-e365-75e9-10173b34f03d,Variant,,,,,,,,,TRUE,,,InStock,,,,,38 - 970389,,,,,,,,,,,,,,,,,,,,,,,,,,,,,,,,,,,,,,
product_1f2258c6-61cc-e365-75e9-10173b34f03d,Variant,,,,,,,,,TRUE,,,InStock,,,,,41 - 970392,,,,,,,,,,,,,,,,,,,,,,,,,,,,,,,,,,,,,,
product_1f2258c6-61cc-e365-75e9-10173b34f03d,Variant,,,,,,,,,TRUE,,,InStock,,,,,44 - 970395,,,,,,,,,,,,,,,,,,,,,,,,,,,,,,,,,,,,,,
product_1f2258c6-61cc-e365-75e9-10173b34f03d,Variant,,,,,,,,,TRUE,,,InStock,,,,,46 - 970397,,,,,,,,,,,,,,,,,,,,,,,,,,,,,,,,,,,,,,
product_d2a6d460-7f65-8a68-e050-1f319d349a7c,Product,Sapato Ténis  camurça em KEVLAR e composito S1P,<p>Diretivas: CE 87 / 686 / EN 20345:2007</p><p>Categoria: S1P</p><p>Cor:&nbsp; preto</p><p>Material: composito / kevlar / camurça</p><p>Embalagem: BOX</p><p>Cada caixa exterior contém: 10 unidades</p><p>Quantidade mínima de compra 5 unidades</p><p>Preço especial na compra de quantidades maiores</p><p>&nbsp;</p><p>&nbsp;</p>,88efbe_da31d9de3422419c99b1ed6d1784af23~mv2.jpg,Proteção e Segurança,,,19.99,,TRUE,PERCENT,0,InStock,,,Medidas,DROP_DOWN,38 - 970438;39 - 970439;40 - 970440;41 - 970441;42 - 970442;43 - 970443;44 - 970444;45 - 970445;46 - 970446,,,,,,,,,,,,,,,,INFORMAÇÕES DO PRODUTO,"<p>FERMAN</p>
",ENCOMENDA,"<p>O preço apresentado é referente a uma unidade. O valor total será calculado após envio da encomenda, estando&nbsp; dependente da quantidade mínima obrigatória. <span><span>Preços válidos salvo ruptura de stock, erro tipográfico ou fotográfico.</span></span></p>
",,,,,,,,,,,,,,,FERMAN,110012,General Tools,Tools for The Workshop and Garage\General Tools,2025-06-27T13:51:14.660284
product_d2a6d460-7f65-8a68-e050-1f319d349a7c,Variant,,,,,,,,,TRUE,,,InStock,,,,,41 - 970441,,,,,,,,,,,,,,,,,,,,,,,,,,,,,,,,,,,,,,
product_d2a6d460-7f65-8a68-e050-1f319d349a7c,Variant,,,,,,,,,TRUE,,,InStock,,,,,39 - 970439,,,,,,,,,,,,,,,,,,,,,,,,,,,,,,,,,,,,,,
product_d2a6d460-7f65-8a68-e050-1f319d349a7c,Variant,,,,,,,,,TRUE,,,InStock,,,,,45 - 970445,,,,,,,,,,,,,,,,,,,,,,,,,,,,,,,,,,,,,,
product_d2a6d460-7f65-8a68-e050-1f319d349a7c,Variant,,,,,,,,,TRUE,,,InStock,,,,,42 - 970442,,,,,,,,,,,,,,,,,,,,,,,,,,,,,,,,,,,,,,
product_d2a6d460-7f65-8a68-e050-1f319d349a7c,Variant,,,,,,,,,TRUE,,,InStock,,,,,44 - 970444,,,,,,,,,,,,,,,,,,,,,,,,,,,,,,,,,,,,,,
product_d2a6d460-7f65-8a68-e050-1f319d349a7c,Variant,,,,,,,,,TRUE,,,InStock,,,,,46 - 970446,,,,,,,,,,,,,,,,,,,,,,,,,,,,,,,,,,,,,,
product_d2a6d460-7f65-8a68-e050-1f319d349a7c,Variant,,,,,,,,,TRUE,,,InStock,,,,,43 - 970443,,,,,,,,,,,,,,,,,,,,,,,,,,,,,,,,,,,,,,
product_d2a6d460-7f65-8a68-e050-1f319d349a7c,Variant,,,,,,,,,TRUE,,,InStock,,,,,40 - 970440,,,,,,,,,,,,,,,,,,,,,,,,,,,,,,,,,,,,,,
product_d2a6d460-7f65-8a68-e050-1f319d349a7c,Variant,,,,,,,,,TRUE,,,InStock,,,,,38 - 970438,,,,,,,,,,,,,,,,,,,,,,,,,,,,,,,,,,,,,,
product_a39e2038-2379-8732-622b-f8aec1943c23,Product,Bota de segurança S3 com biqueira reforçada e palmilha em aço,<p>Diretivas: CE 87 / 686 / EN 20345:2007</p><p>Categoria: S3</p><p>Cor:&nbsp; preto</p><p>Material: borracha / aço / pele</p><p>Embalagem: BOX</p><p>Cada caixa exterior contém: 10 unidades</p><p>Quantidade mínima de compra 5 unidades</p><p>Preço especial na compra de quantidades maiores</p><p>&nbsp;</p><p>&nbsp;</p>,55dd72_a1a09968744f4be4b1e3845ea6923836~mv2.jpg,Proteção e Segurança,,,13.99,,TRUE,PERCENT,0,InStock,,,Medidas,DROP_DOWN,35 - 970330;38 - 970101;39 - 970102;40 - 970103;41 - 970104;42 - 970105;43 - 970106;44 - 970107;45 - 970108;46 - 970109,,,,,,,,,,,,,,,,INFORMAÇÕES DO PRODUTO,"<p>FERMAN</p>
",ENCOMENDA,"<p>O preço apresentado é referente a uma unidade. O valor total será calculado após envio da encomenda, estando&nbsp; dependente da quantidade mínima obrigatória. <span><span>Preços válidos salvo ruptura de stock, erro tipográfico ou fotográfico.</span></span></p>
",,,,,,,,,,,,,,,FERMAN,110012,General Tools,Tools for The Workshop and Garage\General Tools,2025-06-27T13:51:14.660398
product_a39e2038-2379-8732-622b-f8aec1943c23,Variant,,,,,,,,,TRUE,,,InStock,,,,,40 - 970103,,,,,,,,,,,,,,,,,,,,,,,,,,,,,,,,,,,,,,
product_a39e2038-2379-8732-622b-f8aec1943c23,Variant,,,,,,,,,TRUE,,,InStock,,,,,46 - 970109,,,,,,,,,,,,,,,,,,,,,,,,,,,,,,,,,,,,,,
product_a39e2038-2379-8732-622b-f8aec1943c23,Variant,,,,,,,,,TRUE,,,InStock,,,,,43 - 970106,,,,,,,,,,,,,,,,,,,,,,,,,,,,,,,,,,,,,,
product_a39e2038-2379-8732-622b-f8aec1943c23,Variant,,,,,,,,,TRUE,,,InStock,,,,,39 - 970102,,,,,,,,,,,,,,,,,,,,,,,,,,,,,,,,,,,,,,
product_a39e2038-2379-8732-622b-f8aec1943c23,Variant,,,,,,,,,TRUE,,,InStock,,,,,44 - 970107,,,,,,,,,,,,,,,,,,,,,,,,,,,,,,,,,,,,,,
product_a39e2038-2379-8732-622b-f8aec1943c23,Variant,,,,,,,,,TRUE,,,InStock,,,,,41 - 970104,,,,,,,,,,,,,,,,,,,,,,,,,,,,,,,,,,,,,,
product_a39e2038-2379-8732-622b-f8aec1943c23,Variant,,,,,,,,,TRUE,,,InStock,,,,,45 - 970108,,,,,,,,,,,,,,,,,,,,,,,,,,,,,,,,,,,,,,
product_a39e2038-2379-8732-622b-f8aec1943c23,Variant,,,,,,,,,TRUE,,,InStock,,,,,35 - 970330,,,,,,,,,,,,,,,,,,,,,,,,,,,,,,,,,,,,,,
product_a39e2038-2379-8732-622b-f8aec1943c23,Variant,,,,,,,,,TRUE,,,InStock,,,,,38 - 970101,,,,,,,,,,,,,,,,,,,,,,,,,,,,,,,,,,,,,,
product_a39e2038-2379-8732-622b-f8aec1943c23,Variant,,,,,,,,,TRUE,,,InStock,,,,,42 - 970105,,,,,,,,,,,,,,,,,,,,,,,,,,,,,,,,,,,,,,
product_15e8edbe-4c86-9a94-972a-2607d45aebb1,Product,Fita de sinalização amarela e preta 18mts x 50mm,<p>Medidas: 50mm x 200 metros</p><p>Cor:&nbsp; amarela e preta</p><p>Material: plástico</p><p>Embalagem: rolo</p><p>Cada caixa exterior contém: 72 unidades</p><p>Quantidade mínima de compra 24 unidades</p><p>Preço especial na compra de quantidades maiores</p><p>&nbsp;</p><p>&nbsp;</p>,55dd72_2b3c25f9e0574dcba4a72e5b117773e0~mv2.jpg,Proteção e Segurança,,,1.69,,FALSE,PERCENT,0,InStock,,,Medidas,DROP_DOWN,50mm - 900710,,,,,,,,,,,,,,,,INFORMAÇÕES DO PRODUTO,"<p>FERMAN</p>
",ENCOMENDA,"<p>O preço apresentado é referente a uma unidade. O valor total será calculado após envio da encomenda, estando&nbsp; dependente da quantidade mínima obrigatória. <span><span>Preços válidos salvo ruptura de stock, erro tipográfico ou fotográfico.</span></span></p>
",,,,,,,,,,,,,,,FERMAN,110012,General Tools,Tools for The Workshop and Garage\General Tools,2025-06-27T13:51:14.660605
product_a76cb810-7fb6-1237-47dc-3187495bb89d,Product,Fita de sinalização branca e vermelha 200m x 50mm,<p>Medidas: 50mm x 200 metros</p><p>Cor:&nbsp; branca e vermelha</p><p>Material: plástico</p><p>Embalagem: rolo</p><p>Cada caixa exterior contém: 72 unidades</p><p>Quantidade mínima de compra 24 unidades</p><p>Preço especial na compra de quantidades maiores</p><p>&nbsp;</p><p>&nbsp;</p>,55dd72_1cafdaa02de34d2ea759a81d644e3b1f~mv2.jpg;55dd72_7389d17059d0414fac42edaaad33c461~mv2.jpg,Proteção e Segurança,,,1.59,,TRUE,PERCENT,0,InStock,,,Medidas,DROP_DOWN,50mm - 900707/1,,,,,,,,,,,,,,,,INFORMAÇÕES DO PRODUTO,"<p>FERMAN</p>
",ENCOMENDA,"<p>O preço apresentado é referente a uma unidade. O valor total será calculado após envio da encomenda, estando&nbsp; dependente da quantidade mínima obrigatória. <span><span>Preços válidos salvo ruptura de stock, erro tipográfico ou fotográfico.</span></span></p>
",,,,,,,,,,,,,,,FERMAN,110012,General Tools,Tools for The Workshop and Garage\General Tools,2025-06-27T13:51:14.660640
product_a76cb810-7fb6-1237-47dc-3187495bb89d,Variant,,,,,,,,,TRUE,,,InStock,,,,,50mm - 900707/1,,,,,,,,,,,,,,,,,,,,,,,,,,,,,,,,,,,,,,
product_40aa64b9-b9c8-207d-7338-c3fb8fd79eef,Product,Rede de proteção laranja 100g/M2 = 1Mx50mts,<p>Medidas: 1 x 50 metros</p><p>Cor:  laranja</p><p>Material: plástico</p><p>Embalagem: rolo</p><p>Cada caixa exterior contém: 10 unidades</p><p>Quantidade mínima de compra 1 unidades</p><p>Preço especial na compra de quantidades maiores</p>,55dd72_693ad1dbb3dc4095955a92441014e55d~mv2.jpg,Proteção e Segurança,,,13.99,,TRUE,PERCENT,0,InStock,,,Medidas,DROP_DOWN,1mx50m - 999017,,,,,,,,,,,,,,,,INFORMAÇÕES DO PRODUTO,"<p>FERMAN</p>
",ENCOMENDA,"<p>O preço apresentado é referente a uma unidade. O valor total será calculado após envio da encomenda, estando&nbsp; dependente da quantidade mínima obrigatória. <span><span>Preços válidos salvo ruptura de stock, erro tipográfico ou fotográfico.</span></span></p>
",,,,,,,,,,,,,,,FERMAN,110012,General Tools,Tools for The Workshop and Garage\General Tools,2025-06-27T13:51:14.660686
product_40aa64b9-b9c8-207d-7338-c3fb8fd79eef,Variant,,,,,,,,,TRUE,,,InStock,,,,,1mx50m - 999017,,,,,,,,,,,,,,,,,,,,,,,,,,,,,,,,,,,,,,
product_21b20703-34b5-e085-d44c-fa177c2bbbe1,Product,Corrente de plástico branco e vermelha,<p>Medidas: 8mm x 6 metros</p><p>Cor:&nbsp; branco / vermelho</p><p>Material: plástico</p><p>Embalagem: rolo</p><p>Cada caixa exterior contém: 8 unidades</p><p>Quantidade mínima de compra 2 unidades</p><p>Preço especial na compra de quantidades maiores</p><p>&nbsp;</p><p>&nbsp;</p>,55dd72_b4982b1dced04141b99b31af7daabfbe~mv2.jpg,Proteção e Segurança,,,19.5,,TRUE,PERCENT,0,InStock,,,Medidas,DROP_DOWN,8mm x 25M - 900701/1,,,,,,,,,,,,,,,,INFORMAÇÕES DO PRODUTO,"<p>FERMAN</p>
",ENCOMENDA,"<p>O preço apresentado é referente a uma unidade. O valor total será calculado após envio da encomenda, estando&nbsp; dependente da quantidade mínima obrigatória. <span><span>Preços válidos salvo ruptura de stock, erro tipográfico ou fotográfico.</span></span></p>
",,,,,,,,,,,,,,,FERMAN,110012,General Tools,Tools for The Workshop and Garage\General Tools,2025-06-27T13:51:14.660726
product_21b20703-34b5-e085-d44c-fa177c2bbbe1,Variant,,,,,,,,,TRUE,,,InStock,,,,,8mm x 25M - 900701/1,,,,,,,,,,,,,,,,,,,,,,,,,,,,,,,,,,,,,,
product_07f6d50f-de8c-ff2d-232d-fd87a71ff462,Product,Luva crute e pano com palma reforçada,<p>Certificado: CE CAT - I&nbsp; /&nbsp; EN 388</p><p>Cor:&nbsp; conza / azul</p><p>Material: crute</p><p>Embalagem: bag</p><p>Cada caixa exterior contém: 120 unidades</p><p>Quantidade mínima de compra 12 unidades</p><p>Preço especial na compra de quantidades maiores</p><p>&nbsp;</p><p>&nbsp;</p>,55dd72_0c6db32c10224ee289b30434cd2045eb~mv2.jpg;55dd72_7aca3d41781340e5ad0c74cf2f9c5811~mv2.jpg;55dd72_c994f4c6e3c5431ca05403b5fbca9a02~mv2.jpg,Proteção e Segurança;Luvas de Protecção,,,1.79,,TRUE,PERCENT,0,InStock,,,Medidas,DROP_DOWN,800145/5,,,,,,,,,,,,,,,,INFORMAÇÕES DO PRODUTO,"<p>FERMAN</p>
",ENCOMENDA,"<p>O preço apresentado é referente a uma unidade. O valor total será calculado após envio da encomenda, estando&nbsp; dependente da quantidade mínima obrigatória. <span><span>Preços válidos salvo ruptura de stock, erro tipográfico ou fotográfico.</span></span></p>
",,,,,,,,,,,,,,,FERMAN,110002,Work Gloves,Health and Safety Articles\Work Gloves,2025-06-27T13:51:14.660763
product_07f6d50f-de8c-ff2d-232d-fd87a71ff462,Variant,,,,,,,,,TRUE,,,InStock,,,,,800145/5,,,,,,,,,,,,,,,,,,,,,,,,,,,,,,,,,,,,,,
product_1baf319c-2b72-f15c-adf1-a25e94bcd132,Product,Luva industrial preta,<p>Certificado: CE CAT - I&nbsp; /&nbsp; EN 388</p><p>Cor:&nbsp; preta</p><p>Material: latex</p><p>Embalagem: bag</p><p>Cada caixa exterior contém: 120 unidades</p><p>Quantidade mínima de compra 12 unidades</p><p>Preço especial na compra de quantidades maiores</p><p>&nbsp;</p><p>&nbsp;</p>,88efbe_d084217945e04669a461fe691c8d4471~mv2.jpg;55dd72_507440b61aa84bbeb1b296bdfed28fcd~mv2.jpg;88efbe_1aa1f55b36ff4c8da5c62762cf3ea2d3~mv2.jpg,Proteção e Segurança;Luvas de Protecção,,,0.69,,TRUE,PERCENT,0,InStock,,,Medidas,DROP_DOWN,"8"" - M - 880148;9"" - L - 880149;10"" - XL - 880146",,,,,,,,,,,,,,,,INFORMAÇÕES DO PRODUTO,"<p>FERMAN</p>
",ENCOMENDA,"<p>O preço apresentado é referente a uma unidade. O valor total será calculado após envio da encomenda, estando&nbsp; dependente da quantidade mínima obrigatória. <span><span>Preços válidos salvo ruptura de stock, erro tipográfico ou fotográfico.</span></span></p>
",,,,,,,,,,,,,,,FERMAN,110002,Work Gloves,Health and Safety Articles\Work Gloves,2025-06-27T13:51:14.660816
product_1baf319c-2b72-f15c-adf1-a25e94bcd132,Variant,,,,,,,,,TRUE,,,InStock,,,,,"8"" - M - 880148",,,,,,,,,,,,,,,,,,,,,,,,,,,,,,,,,,,,,,
product_1baf319c-2b72-f15c-adf1-a25e94bcd132,Variant,,,,,,,,,TRUE,,,InStock,,,,,"9"" - L - 880149",,,,,,,,,,,,,,,,,,,,,,,,,,,,,,,,,,,,,,
product_1baf319c-2b72-f15c-adf1-a25e94bcd132,Variant,,,,,,,,,TRUE,,,InStock,,,,,"10"" - XL - 880146",,,,,,,,,,,,,,,,,,,,,,,,,,,,,,,,,,,,,,
product_2a28f1bf-a94b-89a5-5d1b-43709379baf2,Product,"Luva nitrile com nylon, palma e dedos cinzentos",<p>Certificado: CE CAT - I&nbsp; /&nbsp; EN 388 / EN420</p><p>Cor:&nbsp; branco / cinza</p><p>Material: latex / nylon</p><p>Embalagem: bag</p><p>Cada caixa exterior contém: 120 unidades</p><p>Quantidade mínima de compra 12 unidades</p><p>Preço especial na compra de quantidades maiores</p><p>&nbsp;</p><p>&nbsp;</p>,55dd72_e37b10a77cd344cb85d88c416669e45d~mv2.jpg,Proteção e Segurança;Luvas de Protecção,,#NAME?,0.38,,TRUE,PERCENT,0,InStock,,,Medidas,DROP_DOWN,"6"" - 880114/4;7"" - 880114/3;8"" - 880114;9"" - 880114/1;10"" - 880114/2",,,,,,,,,,,,,,,,INFORMAÇÕES DO PRODUTO,"<p>FERMAN</p>
",ENCOMENDA,"<p>O preço apresentado é referente a uma unidade. O valor total será calculado após envio da encomenda, estando&nbsp; dependente da quantidade mínima obrigatória. <span><span>Preços válidos salvo ruptura de stock, erro tipográfico ou fotográfico.</span></span></p>
",,,,,,,,,,,,,,,FERMAN,110002,Work Gloves,Health and Safety Articles\Work Gloves,2025-06-27T13:51:14.660947
product_2a28f1bf-a94b-89a5-5d1b-43709379baf2,Variant,,,,,,,,,TRUE,,,InStock,,,,,"9"" - 880114/1",,,,,,,,,,,,,,,,,,,,,,,,,,,,,,,,,,,,,,
product_2a28f1bf-a94b-89a5-5d1b-43709379baf2,Variant,,,,,,,,,TRUE,,,InStock,,,,,"7"" - 880114/3",,,,,,,,,,,,,,,,,,,,,,,,,,,,,,,,,,,,,,
product_2a28f1bf-a94b-89a5-5d1b-43709379baf2,Variant,,,,,,,,,TRUE,,,InStock,,,,,"10"" - 880114/2",,,,,,,,,,,,,,,,,,,,,,,,,,,,,,,,,,,,,,
product_2a28f1bf-a94b-89a5-5d1b-43709379baf2,Variant,,,,,,,,,TRUE,,,InStock,,,,,"8"" - 880114",,,,,,,,,,,,,,,,,,,,,,,,,,,,,,,,,,,,,,
product_2a28f1bf-a94b-89a5-5d1b-43709379baf2,Variant,,,,,,,,,TRUE,,,InStock,,,,,"6"" - 880114/4",,,,,,,,,,,,,,,,,,,,,,,,,,,,,,,,,,,,,,
product_451cdf2b-0edf-f691-fb9c-6a71b25a99a9,Product,Luva nylon com latex na palma dedos,<p>Certificado: CE CAT - I&nbsp; /&nbsp; EN 388 / EN4020</p><p>Cor:&nbsp; preto / vermelho</p><p>Material: latex / nylon</p><p>Embalagem: bag</p><p>Cada caixa exterior contém: 120 unidades</p><p>Quantidade mínima de compra 12 unidades</p><p>Preço especial na compra de quantidades maiores</p><p>&nbsp;</p><p>&nbsp;</p>,55dd72_590e9bd7e7e64a96b55fbd1d561b1aec~mv2.jpg,Proteção e Segurança;Luvas de Protecção,,,0.55,,TRUE,PERCENT,0,InStock,,,Medidas,DROP_DOWN,"6"" - 880404;7"" - 880403;8"" - 880400;9"" - 880401;10"" - 880402",,,,,,,,,,,,,,,,INFORMAÇÕES DO PRODUTO,"<p>FERMAN</p>
",ENCOMENDA,"<p>O preço apresentado é referente a uma unidade. O valor total será calculado após envio da encomenda, estando&nbsp; dependente da quantidade mínima obrigatória. <span><span>Preços válidos salvo ruptura de stock, erro tipográfico ou fotográfico.</span></span></p>
",,,,,,,,,,,,,,,FERMAN,110002,Work Gloves,Health and Safety Articles\Work Gloves,2025-06-27T13:51:14.661042
product_451cdf2b-0edf-f691-fb9c-6a71b25a99a9,Variant,,,,,,,,,TRUE,,,InStock,,,,,"10"" - 880402",,,,,,,,,,,,,,,,,,,,,,,,,,,,,,,,,,,,,,
product_451cdf2b-0edf-f691-fb9c-6a71b25a99a9,Variant,,,,,,,,,TRUE,,,InStock,,,,,"6"" - 880404",,,,,,,,,,,,,,,,,,,,,,,,,,,,,,,,,,,,,,
product_451cdf2b-0edf-f691-fb9c-6a71b25a99a9,Variant,,,,,,,,,TRUE,,,InStock,,,,,"8"" - 880400",,,,,,,,,,,,,,,,,,,,,,,,,,,,,,,,,,,,,,
product_451cdf2b-0edf-f691-fb9c-6a71b25a99a9,Variant,,,,,,,,,TRUE,,,InStock,,,,,"7"" - 880403",,,,,,,,,,,,,,,,,,,,,,,,,,,,,,,,,,,,,,
product_451cdf2b-0edf-f691-fb9c-6a71b25a99a9,Variant,,,,,,,,,TRUE,,,InStock,,,,,"9"" - 880401",,,,,,,,,,,,,,,,,,,,,,,,,,,,,,,,,,,,,,
product_9657a4fa-5cfd-4932-515a-652b3c90b450,Product,Luva  pele genuína branca com dorso em algodão,<p>Certificado: CE CAT - I&nbsp; /&nbsp; EN 388&nbsp;</p><p>Cor:&nbsp; branco / vermelho</p><p>Material: pele e algodão</p><p>Embalagem: bag</p><p>Cada caixa exterior contém: 120 unidades</p><p>Quantidade mínima de compra 12 unidades</p><p>Preço especial na compra de quantidades maiores</p><p>&nbsp;</p><p>&nbsp;</p>,55dd72_c0a31021746c4a6c8140dde8b82f1f6d~mv2.jpg,Proteção e Segurança;Luvas de Protecção,,,1.95,,TRUE,PERCENT,0,InStock,,,Medidas,DROP_DOWN,"9"" - 880300;10"" - 880301",,,,,,,,,,,,,,,,INFORMAÇÕES DO PRODUTO,"<p>FERMAN</p>
",ENCOMENDA,"<p>O preço apresentado é referente a uma unidade. O valor total será calculado após envio da encomenda, estando&nbsp; dependente da quantidade mínima obrigatória. <span><span>Preços válidos salvo ruptura de stock, erro tipográfico ou fotográfico.</span></span></p>
",,,,,,,,,,,,,,,FERMAN,110002,Work Gloves,Health and Safety Articles\Work Gloves,2025-06-27T13:51:14.661120
product_9657a4fa-5cfd-4932-515a-652b3c90b450,Variant,,,,,,,,,TRUE,,,InStock,,,,,"10"" - 880301",,,,,,,,,,,,,,,,,,,,,,,,,,,,,,,,,,,,,,
product_9657a4fa-5cfd-4932-515a-652b3c90b450,Variant,,,,,,,,,TRUE,,,InStock,,,,,"9"" - 880300",,,,,,,,,,,,,,,,,,,,,,,,,,,,,,,,,,,,,,
product_06dc3bfa-bdf8-e674-9315-20769eccc64b,Product,Luva pele genuína branca tipo chefe,<p>Certificado: CE CAT - I&nbsp; /&nbsp; EN 388&nbsp;</p><p>Cor:&nbsp; branco</p><p>Material: pele</p><p>Embalagem: bag</p><p>Cada caixa exterior contém: 120 unidades</p><p>Quantidade mínima de compra 12 unidades</p><p>Preço especial na compra de quantidades maiores</p><p>&nbsp;</p><p>&nbsp;</p>,55dd72_13249fd8e8aa4ee5bf666fe1dd6cc4b4~mv2.jpg;55dd72_f07639d46f724874ab22737ee65c21ea~mv2.jpg,Proteção e Segurança;Luvas de Protecção,,,1.39,,TRUE,PERCENT,0,InStock,,,Medidas,DROP_DOWN,"8"" - 882106;9"" - 880100/2;10"" - 880099/2;11"" - 880200",,,,,,,,,,,,,,,,INFORMAÇÕES DO PRODUTO,"<p>FERMAN</p>
",ENCOMENDA,"<p>O preço apresentado é referente a uma unidade. O valor total será calculado após envio da encomenda, estando&nbsp; dependente da quantidade mínima obrigatória. <span><span>Preços válidos salvo ruptura de stock, erro tipográfico ou fotográfico.</span></span></p>
",,,,,,,,,,,,,,,FERMAN,110002,Work Gloves,Health and Safety Articles\Work Gloves,2025-06-27T13:51:14.661168
product_06dc3bfa-bdf8-e674-9315-20769eccc64b,Variant,,,,,,,,,TRUE,,,InStock,,,,,"9"" - 880100/2",,,,,,,,,,,,,,,,,,,,,,,,,,,,,,,,,,,,,,
product_06dc3bfa-bdf8-e674-9315-20769eccc64b,Variant,,,,,,,,,TRUE,,,InStock,,,,,"10"" - 880099/2",,,,,,,,,,,,,,,,,,,,,,,,,,,,,,,,,,,,,,
product_06dc3bfa-bdf8-e674-9315-20769eccc64b,Variant,,,,,,,,,TRUE,,,InStock,,,,,"11"" - 880200",,,,,,,,,,,,,,,,,,,,,,,,,,,,,,,,,,,,,,
product_06dc3bfa-bdf8-e674-9315-20769eccc64b,Variant,,,,,,,,,TRUE,,,InStock,,,,,"8"" - 882106",,,,,,,,,,,,,,,,,,,,,,,,,,,,,,,,,,,,,,
product_952d27e5-12cf-71df-82b7-0a1d6c2fd3ef,Product,Luva chefe pele genuína amarela,<p>Certificado: CE CAT - I&nbsp; /&nbsp; EN 388&nbsp;</p><p>Cor:&nbsp; amarelo</p><p>Material: pele</p><p>Embalagem: bag</p><p>Cada caixa exterior contém: 120 unidades</p><p>Quantidade mínima de compra 12 unidades</p><p>Preço especial na compra de quantidades maiores</p><p>&nbsp;</p><p>&nbsp;</p>,55dd72_d3cd002330994075af8337027019398b~mv2.jpg,Proteção e Segurança;Luvas de Protecção,,,1.55,,TRUE,PERCENT,0,InStock,,,Medidas,DROP_DOWN,"9"" - 881105/2;10"" - 880105/2",,,,,,,,,,,,,,,,INFORMAÇÕES DO PRODUTO,"<p>FERMAN</p>
",ENCOMENDA,"<p>O preço apresentado é referente a uma unidade. O valor total será calculado após envio da encomenda, estando&nbsp; dependente da quantidade mínima obrigatória. <span><span>Preços válidos salvo ruptura de stock, erro tipográfico ou fotográfico.</span></span></p>
",,,,,,,,,,,,,,,FERMAN,110002,Work Gloves,Health and Safety Articles\Work Gloves,2025-06-27T13:51:14.661234
product_952d27e5-12cf-71df-82b7-0a1d6c2fd3ef,Variant,,,,,,,,,TRUE,,,InStock,,,,,"9"" - 881105/2",,,,,,,,,,,,,,,,,,,,,,,,,,,,,,,,,,,,,,
product_952d27e5-12cf-71df-82b7-0a1d6c2fd3ef,Variant,,,,,,,,,TRUE,,,InStock,,,,,"10"" - 880105/2",,,,,,,,,,,,,,,,,,,,,,,,,,,,,,,,,,,,,,
product_ba10b1b3-762c-83af-b01b-805a8deb1564,Product,Luva chefe crute cinza,<p>Certificado: CE CAT - I&nbsp; /&nbsp; EN 388&nbsp;</p><p>Cor:&nbsp; cinza</p><p>Material: crute</p><p>Embalagem: stiker</p><p>Cada caixa exterior contém: 120 unidades</p><p>Quantidade mínima de compra 12 unidades</p><p>Preço especial na compra de quantidades maiores</p><p>&nbsp;</p><p>&nbsp;</p>,55dd72_2ba3b71adb144a50b305ac8333a64d67~mv2.jpg,Proteção e Segurança;Luvas de Protecção,,,1.09,,TRUE,PERCENT,0,InStock,,,Medidas,DROP_DOWN,"9"" - 880103;10"" - 880104",,,,,,,,,,,,,,,,INFORMAÇÕES DO PRODUTO,"<p>FERMAN</p>
",ENCOMENDA,"<p>O preço apresentado é referente a uma unidade. O valor total será calculado após envio da encomenda, estando&nbsp; dependente da quantidade mínima obrigatória. <span><span>Preços válidos salvo ruptura de stock, erro tipográfico ou fotográfico.</span></span></p>
",,,,,,,,,,,,,,,FERMAN,110002,Work Gloves,Health and Safety Articles\Work Gloves,2025-06-27T13:51:14.661331
product_ba10b1b3-762c-83af-b01b-805a8deb1564,Variant,,,,,,,,,TRUE,,,InStock,,,,,"10"" - 880104",,,,,,,,,,,,,,,,,,,,,,,,,,,,,,,,,,,,,,
product_ba10b1b3-762c-83af-b01b-805a8deb1564,Variant,,,,,,,,,TRUE,,,InStock,,,,,"9"" - 880103",,,,,,,,,,,,,,,,,,,,,,,,,,,,,,,,,,,,,,
product_9d6a0d16-b109-300a-5bf8-c21e46da43a9,Product,Luva mista de crute e pele branca,<p>Certificado: CE CAT - I&nbsp; /&nbsp; EN 388&nbsp;</p><p>Cor:&nbsp; branca</p><p>Material: crute</p><p>Embalagem: stiker</p><p>Cada caixa exterior contém: 120 unidades</p><p>Quantidade mínima de compra 12 unidades</p><p>Preço especial na compra de quantidades maiores</p><p>&nbsp;</p><p>&nbsp;</p>,55dd72_a68215ba9e5c4dba99cac50323159739~mv2.jpg;55dd72_a564ce9579e84782aac897c3ff5aa67e~mv2.jpg;55dd72_65f15a779150438aaba50d14e97839bc~mv2.jpg,Proteção e Segurança;Luvas de Protecção,,,1.29,,TRUE,PERCENT,0,InStock,,,Medidas,DROP_DOWN,"9"" - 880116;10"" - 880199",,,,,,,,,,,,,,,,INFORMAÇÕES DO PRODUTO,"<p>FERMAN</p>
",ENCOMENDA,"<p>O preço apresentado é referente a uma unidade. O valor total será calculado após envio da encomenda, estando&nbsp; dependente da quantidade mínima obrigatória. <span><span>Preços válidos salvo ruptura de stock, erro tipográfico ou fotográfico.</span></span></p>
",,,,,,,,,,,,,,,FERMAN,110002,Work Gloves,Health and Safety Articles\Work Gloves,2025-06-27T13:51:14.661382
product_9d6a0d16-b109-300a-5bf8-c21e46da43a9,Variant,,,,,,,,,TRUE,,,InStock,,,,,"9"" - 880116",,,,,,,,,,,,,,,,,,,,,,,,,,,,,,,,,,,,,,
product_9d6a0d16-b109-300a-5bf8-c21e46da43a9,Variant,,,,,,,,,TRUE,,,InStock,,,,,"10"" - 880199",,,,,,,,,,,,,,,,,,,,,,,,,,,,,,,,,,,,,,
product_32bee060-0916-92cb-b5ce-84b5a8d2a868,Product,Luva para soldador crute vermelha,<p>Certificado: CE CAT - I&nbsp; /&nbsp; EN 388&nbsp; /&nbsp; EN 407</p><p>Cor:&nbsp; vermelha</p><p>Material: crute</p><p>Embalagem: stiker</p><p>Cada caixa exterior contém: 120 unidades</p><p>Quantidade mínima de compra 12 unidades</p><p>Preço especial na compra de quantidades maiores</p><p>&nbsp;</p><p>&nbsp;</p>,55dd72_0a4b9528a7a347cfbd617aee55bf72c3~mv2.jpg;55dd72_8966d991567847eea2a7ffd841e90e57~mv2.jpg;55dd72_21e2d9f5bc344dfba0f711ea2109a458~mv2.jpg,Proteção e Segurança;Luvas de Protecção,,,2.49,,TRUE,PERCENT,0,InStock,,,Medidas,DROP_DOWN,880107,,,,,,,,,,,,,,,,INFORMAÇÕES DO PRODUTO,"<p>FERMAN</p>
",ENCOMENDA,"<p>O preço apresentado é referente a uma unidade. O valor total será calculado após envio da encomenda, estando&nbsp; dependente da quantidade mínima obrigatória. <span><span>Preços válidos salvo ruptura de stock, erro tipográfico ou fotográfico.</span></span></p>
",,,,,,,,,,,,,,,FERMAN,110002,Work Gloves,Health and Safety Articles\Work Gloves,2025-06-27T13:51:14.661446
product_32bee060-0916-92cb-b5ce-84b5a8d2a868,Variant,,,,,,,,,TRUE,,,InStock,,,,,880107,,,,,,,,,,,,,,,,,,,,,,,,,,,,,,,,,,,,,,
product_7fb58c39-b969-4cb6-38de-90308c1f6723,Product,Luva de soldador pele + crute 35 cm,<p>Certificado: CE CAT - I&nbsp; /&nbsp; EN 388&nbsp; /&nbsp; EN 407</p><p>Cor:&nbsp; cinza</p><p>Material: crute</p><p>Embalagem: stiker</p><p>Cada caixa exterior contém: 120 unidades</p><p>Quantidade mínima de compra 12 unidades</p><p>Preço especial na compra de quantidades maiores</p><p>&nbsp;</p><p>&nbsp;</p>,55dd72_a2fbfedbbd8a4f39a855494dd7ca3675~mv2.jpg,Proteção e Segurança;Luvas de Protecção,,,1.85,,FALSE,PERCENT,0,InStock,,,Medidas,DROP_DOWN,35cm - 880112,,,,,,,,,,,,,,,,INFORMAÇÕES DO PRODUTO,"<p>FERMAN</p>
",ENCOMENDA,"<p>O preço apresentado é referente a uma unidade. O valor total será calculado após envio da encomenda, estando&nbsp; dependente da quantidade mínima obrigatória. <span><span>Preços válidos salvo ruptura de stock, erro tipográfico ou fotográfico.</span></span></p>
",,,,,,,,,,,,,,,FERMAN,110002,Work Gloves,Health and Safety Articles\Work Gloves,2025-06-27T13:51:14.661483
product_7fb58c39-b969-4cb6-38de-90308c1f6723,Variant,,,,,,,,,FALSE,,,InStock,,,,,35cm - 880112,,,,,,,,,,,,,,,,,,,,,,,,,,,,,,,,,,,,,,
product_1a8a5a71-8f8b-e2aa-0f63-3ec35ab3bde8,Product,Luva para soldador crute cinza canhão,<p>Certificado: CE CAT - I&nbsp; /&nbsp; EN 388&nbsp; /&nbsp; EN 407</p><p>Cor:&nbsp; cinza</p><p>Material: crute</p><p>Embalagem: stiker</p><p>Cada caixa exterior contém: 120 unidades</p><p>Quantidade mínima de compra 12 unidades</p><p>Preço especial na compra de quantidades maiores</p><p>&nbsp;</p><p>&nbsp;</p>,55dd72_e808d7d9123c4e12a4e640299554c437~mv2.jpg,Proteção e Segurança;Luvas de Protecção,,,1.65,,TRUE,PERCENT,0,InStock,,,Medidas,DROP_DOWN,35CM - 880113;25CM - 880102,,,,,,,,,,,,,,,,INFORMAÇÕES DO PRODUTO,"<p>FERMAN</p>
",ENCOMENDA,"<p>O preço apresentado é referente a uma unidade. O valor total será calculado após envio da encomenda, estando&nbsp; dependente da quantidade mínima obrigatória. <span><span>Preços válidos salvo ruptura de stock, erro tipográfico ou fotográfico.</span></span></p>
",,,,,,,,,,,,,,,FERMAN,110002,Work Gloves,Health and Safety Articles\Work Gloves,2025-06-27T13:51:14.661518
product_1a8a5a71-8f8b-e2aa-0f63-3ec35ab3bde8,Variant,,,,,,,,,TRUE,,,InStock,,,,,25CM - 880102,,,,,,,,,,,,,,,,,,,,,,,,,,,,,,,,,,,,,,
product_1a8a5a71-8f8b-e2aa-0f63-3ec35ab3bde8,Variant,,,,,,,,,TRUE,,,InStock,,,,,35CM - 880113,,,,,,,,,,,,,,,,,,,,,,,,,,,,,,,,,,,,,,
product_3be07147-300a-e638-8775-9092fe55b8e8,Product,Filtro para máscara tipo COMACEC 2-BL,<p>Cor:&nbsp; verde / preto</p><p>Material: Plástico/borracha</p><p>Embalagem: bag</p><p>Cada caixa exterior contém: 200 unidades</p><p>Quantidade mínima de compra 25 unidades</p><p>Preço especial na compra de quantidades maiores</p><p>&nbsp;</p><p>&nbsp;</p>,55dd72_181d23d49c9b4ddea362be2e4a20a1d0~mv2.jpg,Proteção e Segurança,,,0.95,,FALSE,PERCENT,0,InStock,,,Medidas,DROP_DOWN,410103,,,,,,,,,,,,,,,,INFORMAÇÕES DO PRODUTO,"<p>FERMAN</p>
",ENCOMENDA,"<p>O preço apresentado é referente a uma unidade. O valor total será calculado após envio da encomenda, estando&nbsp; dependente da quantidade mínima obrigatória. <span><span>Preços válidos salvo ruptura de stock, erro tipográfico ou fotográfico.</span></span></p>
",,,,,,,,,,,,,,,FERMAN,110012,General Tools,Tools for The Workshop and Garage\General Tools,2025-06-27T13:51:14.661568
product_3be07147-300a-e638-8775-9092fe55b8e8,Variant,,,,,,,,,FALSE,,,InStock,,,,,410103,,,,,,,,,,,,,,,,,,,,,,,,,,,,,,,,,,,,,,
product_e91fd61d-e7d7-75cd-be13-c9d6db234e0a,Product,Auscultadores de proteção - Protectores,<p>Certificado: CE EN 352-1</p><p>Cor:&nbsp; preto / vermelho</p><p>Material: Plástico/borracha</p><p>Embalagem: bag</p><p>Cada caixa exterior contém: 200 unidades</p><p>Quantidade mínima de compra 40 unidades</p><p>Preço especial na compra de quantidades maiores</p><p>&nbsp;</p><p>&nbsp;</p>,55dd72_e4d9d26f0a4a4a4ba06a5f02bb8dc89e~mv2.jpg,Proteção e Segurança,,,1.99,,TRUE,PERCENT,0,InStock,,,Medidas,DROP_DOWN,620104,,,,,,,,,,,,,,,,INFORMAÇÕES DO PRODUTO,"<p>FERMAN</p>
",ENCOMENDA,"<p>O preço apresentado é referente a uma unidade. O valor total será calculado após envio da encomenda, estando&nbsp; dependente da quantidade mínima obrigatória. <span><span>Preços válidos salvo ruptura de stock, erro tipográfico ou fotográfico.</span></span></p>
",,,,,,,,,,,,,,,FERMAN,110012,General Tools,Tools for The Workshop and Garage\General Tools,2025-06-27T13:51:14.661660
product_e91fd61d-e7d7-75cd-be13-c9d6db234e0a,Variant,,,,,,,,,TRUE,,,InStock,,,,,620104,,,,,,,,,,,,,,,,,,,,,,,,,,,,,,,,,,,,,,
product_5c98548f-fe31-63fb-f0e8-4e0e77ec7d25,Product,Óculos de proteção 100% transparentes,<p>Certificado: CE EN 166</p><p>Cor:&nbsp; transparente</p><p>Material: Plástico/borracha</p><p>Embalagem: bag</p><p>Cada caixa exterior contém: 200 unidades</p><p>Quantidade mínima de compra 50 unidades</p><p>Preço especial na compra de quantidades maiores</p><p>&nbsp;</p><p>&nbsp;</p>,55dd72_a0171f52c3d746caadc0e5ee89eaba8c~mv2.jpeg,Proteção e Segurança,,,0.55,,TRUE,PERCENT,0,InStock,,,Medidas,DROP_DOWN,620105,,,,,,,,,,,,,,,,INFORMAÇÕES DO PRODUTO,"<p>FERMAN</p>
",ENCOMENDA,"<p>O preço apresentado é referente a uma unidade. O valor total será calculado após envio da encomenda, estando&nbsp; dependente da quantidade mínima obrigatória. <span><span>Preços válidos salvo ruptura de stock, erro tipográfico ou fotográfico.</span></span></p>
",,,,,,,,,,,,,,,FERMAN,110012,General Tools,Tools for The Workshop and Garage\General Tools,2025-06-27T13:51:14.661711
product_5c98548f-fe31-63fb-f0e8-4e0e77ec7d25,Variant,,,,,,,,,TRUE,,,InStock,,,,,620105,,,,,,,,,,,,,,,,,,,,,,,,,,,,,,,,,,,,,,
product_4dbdb765-8415-73bd-0447-5fd0f2ecc3af,Product,Óculos de proteção transparente,<p>Certificado: CE EN 166</p><p>Cor:&nbsp; transparente</p><p>Material: Plástico</p><p>Embalagem: bag</p><p>Cada caixa exterior contém: 200 unidades</p><p>Quantidade mínima de compra 24 unidades</p><p>Preço especial na compra de quantidades maiores</p><p>&nbsp;</p><p>&nbsp;</p>,55dd72_1ba7898e614843fb9bd6e6cd0e419b8c~mv2.jpg,Proteção e Segurança,,,0.85,,TRUE,PERCENT,0,InStock,,,Medidas,DROP_DOWN,620096,,,,,,,,,,,,,,,,INFORMAÇÕES DO PRODUTO,"<p>FERMAN</p>
",ENCOMENDA,"<p>O preço apresentado é referente a uma unidade. O valor total será calculado após envio da encomenda, estando&nbsp; dependente da quantidade mínima obrigatória. <span><span>Preços válidos salvo ruptura de stock, erro tipográfico ou fotográfico.</span></span></p>
",,,,,,,,,,,,,,,FERMAN,110012,General Tools,Tools for The Workshop and Garage\General Tools,2025-06-27T13:51:14.661751
product_4dbdb765-8415-73bd-0447-5fd0f2ecc3af,Variant,,,,,,,,,TRUE,,,InStock,,,,,620096,,,,,,,,,,,,,,,,,,,,,,,,,,,,,,,,,,,,,,
product_f0d473a2-9c55-f641-07b7-01e40d058989,Product,óculos de proteção transparente,<p>Certificado: CE EN 166</p><p>Cor:&nbsp; preto&nbsp; / transparente</p><p>Material: Plástico</p><p>Embalagem: bag</p><p>Cada caixa exterior contém: 240 unidades</p><p>Quantidade mínima de compra 24 unidades</p><p>Preço especial na compra de quantidades maiores</p><p>&nbsp;</p><p>&nbsp;</p>,55dd72_655aa58ef92d450db3c251640b3532e9~mv2.jpg,Proteção e Segurança,,,0.89,,TRUE,PERCENT,0,InStock,,,Medidas,DROP_DOWN,620098,,,,,,,,,,,,,,,,INFORMAÇÕES DO PRODUTO,"<p>FERMAN</p>
",ENCOMENDA,"<p>O preço apresentado é referente a uma unidade. O valor total será calculado após envio da encomenda, estando&nbsp; dependente da quantidade mínima obrigatória. <span><span>Preços válidos salvo ruptura de stock, erro tipográfico ou fotográfico.</span></span></p>
",,,,,,,,,,,,,,,FERMAN,110012,General Tools,Tools for The Workshop and Garage\General Tools,2025-06-27T13:51:14.661788
product_f0d473a2-9c55-f641-07b7-01e40d058989,Variant,,,,,,,,,TRUE,,,InStock,,,,,620098,,,,,,,,,,,,,,,,,,,,,,,,,,,,,,,,,,,,,,
product_35b7ec66-058d-820d-b4f8-4ee84c31a25d,Product,Maço de borracha preta com cabo em madeira envernizada,<p>Cor:&nbsp; preto&nbsp; / vermelho</p><p>Material: borracha / madeira</p><p>Embalagem: stiker</p><p>Cada caixa exterior contém: 60 unidades</p><p>Quantidade mínima de compra 12 unidades</p><p>Preço especial na compra de quantidades maiores</p><p>&nbsp;</p><p>&nbsp;</p>,55dd72_60fb17b293e44403b25f68d150722c83~mv2.jpg,Ferramentas Manuais;Martelos,,,0.95,,FALSE,PERCENT,0,InStock,,,Medidas,DROP_DOWN,50mm - 560104;60mm - 560105,,,,,,,,,,,,,,,,INFORMAÇÕES DO PRODUTO,"<p>HARDMAN</p>
",ENCOMENDA,"<p>O preço apresentado é referente a uma unidade. O valor total será calculado após envio da encomenda, estando&nbsp; dependente da quantidade mínima obrigatória. <span><span>Preços válidos salvo ruptura de stock, erro tipográfico ou fotográfico.</span></span></p>
",,,,,,,,,,,,,,,HARDMAN,110010,Cables and Extensions,Tools for Electricians\Cables and Extensions,2025-06-27T13:51:14.661854
product_35b7ec66-058d-820d-b4f8-4ee84c31a25d,Variant,,,,,,,,,TRUE,,,InStock,,,,,50mm - 560104,,,,,,,,,,,,,,,,,,,,,,,,,,,,,,,,,,,,,,
product_35b7ec66-058d-820d-b4f8-4ee84c31a25d,Variant,,,,,,,,0.54,TRUE,,,InStock,,,,,60mm - 560105,,,,,,,,,,,,,,,,,,,,,,,,,,,,,,,,,,,,,,
product_0d80e52b-58e4-658d-485b-2273f914ddf4,Product,Maço de borracha branca com cabo em madeira envernizada,<p>Cor:&nbsp; branco&nbsp; / vermelho</p><p>Material: borracha / madeira</p><p>Embalagem: stiker</p><p>Cada caixa exterior contém: 24 unidades</p><p>Quantidade mínima de compra 12 unidades</p><p>Preço especial na compra de quantidades maiores</p><p>&nbsp;</p><p>&nbsp;</p>,55dd72_8e5e2df9151b41a98172c7a7bd39cc5f~mv2.jpg,Ferramentas Manuais;Martelos,,,2.1,,TRUE,PERCENT,0,InStock,,,Medidas,DROP_DOWN,50mm - 560110;60mm - 560111,,,,,,,,,,,,,,,,INFORMAÇÕES DO PRODUTO,"<p>HARDMAN</p>
",ENCOMENDA,"<p>O preço apresentado é referente a uma unidade. O valor total será calculado após envio da encomenda, estando&nbsp; dependente da quantidade mínima obrigatória. <span><span>Preços válidos salvo ruptura de stock, erro tipográfico ou fotográfico.</span></span></p>
",,,,,,,,,,,,,,,HARDMAN,110010,Cables and Extensions,Tools for Electricians\Cables and Extensions,2025-06-27T13:51:14.661907
product_0d80e52b-58e4-658d-485b-2273f914ddf4,Variant,,,,,,,,,TRUE,,,InStock,,,,,50mm - 560110,,,,,,,,,,,,,,,,,,,,,,,,,,,,,,,,,,,,,,
product_0d80e52b-58e4-658d-485b-2273f914ddf4,Variant,,,,,,,,0.59,TRUE,,,InStock,,,,,60mm - 560111,,,,,,,,,,,,,,,,,,,,,,,,,,,,,,,,,,,,,,
product_718e08da-df1d-b60f-6a9f-af8c904729f5,Product,Maço de borracha branca profissional com cabo em fibra de vidro,<p>Cor:&nbsp; amarelo&nbsp; / azul</p><p>Material: fibra</p><p>Embalagem: stiker</p><p>Cada caixa exterior contém: 36 unidades</p><p>Quantidade mínima de compra 12 unidades</p><p>Preço especial na compra de quantidades maiores</p><p>&nbsp;</p><p>&nbsp;</p>,55dd72_e539012c9330477ea7c9f6882bee34c1~mv2.png,Ferramentas Manuais;Martelos,,,2.75,,FALSE,PERCENT,0,InStock,,,Medidas,DROP_DOWN,12oz / 370g - 560107/1;16oz / 500g - 560108/1,,,,,,,,,,,,,,,,INFORMAÇÕES DO PRODUTO,"<p>HARDMAN</p>
",ENCOMENDA,"<p>O preço apresentado é referente a uma unidade. O valor total será calculado após envio da encomenda, estando&nbsp; dependente da quantidade mínima obrigatória. <span><span>Preços válidos salvo ruptura de stock, erro tipográfico ou fotográfico.</span></span></p>
",,,,,,,,,,,,,,,HARDMAN,110010,Cables and Extensions,Tools for Electricians\Cables and Extensions,2025-06-27T13:51:14.661957
product_718e08da-df1d-b60f-6a9f-af8c904729f5,Variant,,,,,,,,,FALSE,,,InStock,,,,,12oz / 370g - 560107/1,,,,,,,,,,,,,,,,,,,,,,,,,,,,,,,,,,,,,,
product_718e08da-df1d-b60f-6a9f-af8c904729f5,Variant,,,,,,,,0.49,TRUE,,,InStock,,,,,16oz / 500g - 560108/1,,,,,,,,,,,,,,,,,,,,,,,,,,,,,,,,,,,,,,
product_a12495fd-b2f1-9fe9-d3c0-2425a6b8844e,Product,Machadinha 600g profissional  com cabo em fibra de vidro,<p>Cor:&nbsp; amarelo&nbsp; / azul</p><p>Material: fibra</p><p>Embalagem: stiker</p><p>Cada caixa exterior contém: 60 unidades</p><p>Quantidade mínima de compra 12 unidades</p><p>Preço especial na compra de quantidades maiores</p><p>&nbsp;</p><p>&nbsp;</p>,55dd72_b13bdb827f2a4ec291e4d71e7552b4a5~mv2.jpg,Ferramentas Manuais;Martelos,,,5.99,,TRUE,PERCENT,0,InStock,,,Medidas,DROP_DOWN,600g - 550120,,,,,,,,,,,,,,,,INFORMAÇÕES DO PRODUTO,"<p>HARDMAN</p>
",ENCOMENDA,"<p>O preço apresentado é referente a uma unidade. O valor total será calculado após envio da encomenda, estando&nbsp; dependente da quantidade mínima obrigatória. <span><span>Preços válidos salvo ruptura de stock, erro tipográfico ou fotográfico.</span></span></p>
",,,,,,,,,,,,,,,HARDMAN,110010,Cables and Extensions,Tools for Electricians\Cables and Extensions,2025-06-27T13:51:14.662066
product_a12495fd-b2f1-9fe9-d3c0-2425a6b8844e,Variant,,,,,,,,,TRUE,,,InStock,,,,,600g - 550120,,,,,,,,,,,,,,,,,,,,,,,,,,,,,,,,,,,,,,
product_1efe10fc-84b8-3f3d-55fe-3d877175e582,Product,Machado 1600g profissional com cabo em fibra de vidro,<p>Cor:  preto  / azul</p><p>Material: fibra e aço </p><p>Embalagem: stiker</p><p></p><p>Quantidade mínima de compra 6 unidades</p><p>Preço especial na compra de quantidades maiores</p>,88efbe_89c20c3c40544fbc9820db0088406acb~mv2.jpeg;55dd72_b13bdb827f2a4ec291e4d71e7552b4a5~mv2.jpg,Ferramentas Manuais;Martelos,,,11.5,,TRUE,PERCENT,0,InStock,,,Medidas,DROP_DOWN,1800g - 550121,,,,,,,,,,,,,,,,INFORMAÇÕES DO PRODUTO,"<p>HARDMAN</p>
",ENCOMENDA,"<p>O preço apresentado é referente a uma unidade. O valor total será calculado após envio da encomenda, estando&nbsp; dependente da quantidade mínima obrigatória. <span><span>Preços válidos salvo ruptura de stock, erro tipográfico ou fotográfico.</span></span></p>
",,,,,,,,,,,,,,,HARDMAN,110010,Cables and Extensions,Tools for Electricians\Cables and Extensions,2025-06-27T13:51:14.662110
product_1efe10fc-84b8-3f3d-55fe-3d877175e582,Variant,,,,,,,,,TRUE,,,InStock,,,,,1800g - 550121,,,,,,,,,,,,,,,,,,,,,,,,,,,,,,,,,,,,,,
product_634619f1-de14-00c0-f806-2be313fe484e,Product,Mini picareta 400g pá/bico com cabo em fibra de vidro,<p>Cor:&nbsp; amarelo&nbsp; / azul</p><p>Material: fibra</p><p>Embalagem: stiker</p><p>Cada caixa exterior contém: 24 unidades</p><p>Quantidade mínima de compra 6 unidades</p><p>Preço especial na compra de quantidades maiores</p><p>&nbsp;</p><p>&nbsp;</p>,55dd72_571baffb25a64ebd837d10e316470ce2~mv2.jpg;55dd72_30709af5cbcb4c859537f1dc8d55c096~mv2.jpg,Ferramentas Manuais;Martelos,,,3.99,,TRUE,PERCENT,0,InStock,,,Medidas,DROP_DOWN,400g - 550115,,,,,,,,,,,,,,,,INFORMAÇÕES DO PRODUTO,"<p>HARDMAN</p>
",ENCOMENDA,"<p>O preço apresentado é referente a uma unidade. O valor total será calculado após envio da encomenda, estando&nbsp; dependente da quantidade mínima obrigatória. <span><span>Preços válidos salvo ruptura de stock, erro tipográfico ou fotográfico.</span></span></p>
",,,,,,,,,,,,,,,HARDMAN,110010,Cables and Extensions,Tools for Electricians\Cables and Extensions,2025-06-27T13:51:14.662150
product_634619f1-de14-00c0-f806-2be313fe484e,Variant,,,,,,,,,TRUE,,,InStock,,,,,400g - 550115,,,,,,,,,,,,,,,,,,,,,,,,,,,,,,,,,,,,,,
product_468f3b30-289c-42bf-7ca8-b9246ebe0cca,Product,Marreta Martelo de campo de 910mm com cabo em fibra de vidro,<p>Cor:&nbsp; amarelo&nbsp; / azul</p><p>Material: fibra</p><p>Embalagem: stiker</p><p>Cada caixa exterior contém: 4 unidades</p><p>Quantidade mínima de compra 1 unidades</p><p>Preço especial na compra de quantidades maiores</p><p>&nbsp;</p><p>&nbsp;</p>,55dd72_d74decfcdb92408197fba7120fe0d215~mv2.jpg,Ferramentas Manuais;Martelos,,,14.99,,TRUE,PERCENT,0,InStock,,,Medidas,DROP_DOWN,3kg - 590333;4kg - 590332;5kg - 590322,,,,,,,,,,,,,,,,INFORMAÇÕES DO PRODUTO,"<p>HARDMAN</p>
",ENCOMENDA,"<p>O preço apresentado é referente a uma unidade. O valor total será calculado após envio da encomenda, estando&nbsp; dependente da quantidade mínima obrigatória. <span><span>Preços válidos salvo ruptura de stock, erro tipográfico ou fotográfico.</span></span></p>
",,,,,,,,,,,,,,,HARDMAN,110010,Cables and Extensions,Tools for Electricians\Cables and Extensions,2025-06-27T13:51:14.662248
product_468f3b30-289c-42bf-7ca8-b9246ebe0cca,Variant,,,,,,,,6,TRUE,,,InStock,,,,,5kg - 590322,,,,,,,,,,,,,,,,,,,,,,,,,,,,,,,,,,,,,,
product_468f3b30-289c-42bf-7ca8-b9246ebe0cca,Variant,,,,,,,,4,TRUE,,,InStock,,,,,4kg - 590332,,,,,,,,,,,,,,,,,,,,,,,,,,,,,,,,,,,,,,
product_468f3b30-289c-42bf-7ca8-b9246ebe0cca,Variant,,,,,,,,,TRUE,,,InStock,,,,,3kg - 590333,,,,,,,,,,,,,,,,,,,,,,,,,,,,,,,,,,,,,,
product_bb82c7c1-e9fb-c513-453a-296482c38bda,Product,Maceta 1kg cromada profissional com cabo em fibra de vidro,<p>Cor:&nbsp; amarelo&nbsp; / azul</p><p>Material: fibra</p><p>Embalagem: stiker</p><p>Cada caixa exterior contém: 60 unidades</p><p>Quantidade mínima de compra 12 unidades</p><p>Preço especial na compra de quantidades maiores</p><p>&nbsp;</p><p>&nbsp;</p>,55dd72_0a8b1280b2aa4f86b6f129cc50d1a431~mv2.png,Ferramentas Manuais;Martelos,,,5.99,,TRUE,PERCENT,0,InStock,,,Medidas,DROP_DOWN,1kg - 590319,,,,,,,,,,,,,,,,INFORMAÇÕES DO PRODUTO,"<p>HARDMAN</p>
",ENCOMENDA,"<p>O preço apresentado é referente a uma unidade. O valor total será calculado após envio da encomenda, estando&nbsp; dependente da quantidade mínima obrigatória. <span><span>Preços válidos salvo ruptura de stock, erro tipográfico ou fotográfico.</span></span></p>
",,,,,,,,,,,,,,,HARDMAN,110010,Cables and Extensions,Tools for Electricians\Cables and Extensions,2025-06-27T13:51:14.662313
product_bb82c7c1-e9fb-c513-453a-296482c38bda,Variant,,,,,,,,,TRUE,,,InStock,,,,,1kg - 590319,,,,,,,,,,,,,,,,,,,,,,,,,,,,,,,,,,,,,,
product_b44753a0-cf6c-be37-b359-51acd92cf8f9,Product,Martelo de campo profissional com cabo em fibra de vidro,<p>Cor:&nbsp; amarelo&nbsp; / azul</p><p>Material: fibra</p><p>Embalagem: stiker</p><p>Cada caixa exterior contém: 6 unidades</p><p>Quantidade mínima de compra 6 unidades</p><p>Preço especial na compra de quantidades maiores</p><p>&nbsp;</p><p>&nbsp;</p>,55dd72_6f9e7d1068af4fb38df552bcc5c66843~mv2.png,Ferramentas Manuais;Martelos,,,5.99,,TRUE,PERCENT,0,InStock,,,Medidas,DROP_DOWN,1000g - 590325;1250g - 590326;1500g - 590323;2000g - 590339,,,,,,,,,,,,,,,,INFORMAÇÕES DO PRODUTO,"<p>HARDMAN</p>
",ENCOMENDA,"<p>O preço apresentado é referente a uma unidade. O valor total será calculado após envio da encomenda, estando&nbsp; dependente da quantidade mínima obrigatória. <span><span>Preços válidos salvo ruptura de stock, erro tipográfico ou fotográfico.</span></span></p>
",,,,,,,,,,,,,,,HARDMAN,110010,Cables and Extensions,Tools for Electricians\Cables and Extensions,2025-06-27T13:51:14.662370
product_b44753a0-cf6c-be37-b359-51acd92cf8f9,Variant,,,,,,,,0.26,TRUE,,,InStock,,,,,1250g - 590326,,,,,,,,,,,,,,,,,,,,,,,,,,,,,,,,,,,,,,
product_b44753a0-cf6c-be37-b359-51acd92cf8f9,Variant,,,,,,,,1.81,TRUE,,,InStock,,,,,2000g - 590339,,,,,,,,,,,,,,,,,,,,,,,,,,,,,,,,,,,,,,
product_b44753a0-cf6c-be37-b359-51acd92cf8f9,Variant,,,,,,,,0.56,TRUE,,,InStock,,,,,1500g - 590323,,,,,,,,,,,,,,,,,,,,,,,,,,,,,,,,,,,,,,
product_b44753a0-cf6c-be37-b359-51acd92cf8f9,Variant,,,,,,,,,TRUE,,,InStock,,,,,1000g - 590325,,,,,,,,,,,,,,,,,,,,,,,,,,,,,,,,,,,,,,
product_e90fb9f9-0e7c-c45a-e650-d0790df85a66,Product,Martelo  Maquinista profissional com cabo em fibra de vidro,<p>Cor:&nbsp; amarelo&nbsp; / azul</p><p>Material: fibra</p><p>Embalagem: stiker</p><p>Cada caixa exterior contém: 36 unidades</p><p>Quantidade mínima de compra 6 unidades</p><p>Preço especial na compra de quantidades maiores</p><p>&nbsp;</p><p>&nbsp;</p>,55dd72_4c0e05d556c74540a61016bfe35bebc0~mv2.jpg;55dd72_c3b752ccde574ca5891b2643d19c470b~mv2.jpg;55dd72_55f80e99098249eb9f18aa5ecac1d31e~mv2.jpg,Ferramentas Manuais;Martelos,,,2.95,,TRUE,PERCENT,0,InStock,,,Medidas,DROP_DOWN,300g - 590509;500g - 590510,,,,,,,,,,,,,,,,INFORMAÇÕES DO PRODUTO,"<p>HARDMAN</p>
",ENCOMENDA,"<p>O preço apresentado é referente a uma unidade. O valor total será calculado após envio da encomenda, estando&nbsp; dependente da quantidade mínima obrigatória. <span><span>Preços válidos salvo ruptura de stock, erro tipográfico ou fotográfico.</span></span></p>
",,,,,,,,,,,,,,,HARDMAN,110010,Cables and Extensions,Tools for Electricians\Cables and Extensions,2025-06-27T13:51:14.662559
product_e90fb9f9-0e7c-c45a-e650-d0790df85a66,Variant,,,,,,,,0.46,TRUE,,,InStock,,,,,500g - 590510,,,,,,,,,,,,,,,,,,,,,,,,,,,,,,,,,,,,,,
product_e90fb9f9-0e7c-c45a-e650-d0790df85a66,Variant,,,,,,,,,TRUE,,,InStock,,,,,300g - 590509,,,,,,,,,,,,,,,,,,,,,,,,,,,,,,,,,,,,,,
product_d93b4a3f-e5bd-e3f6-71c5-6dda1bf46279,Product,Faz tudo 600 Gr polido profissional com cabo em fibra de vidro,<p>Cor:&nbsp; amarelo&nbsp; / azul</p><p>Material: fibra</p><p>Embalagem: stiker</p><p>Cada caixa exterior contém: 60 unidades</p><p>Quantidade mínima de compra 12 unidades</p><p>Preço especial na compra de quantidades maiores</p><p>&nbsp;</p><p>&nbsp;</p>,55dd72_d384994c8d53440390715146644da89f~mv2.png,Ferramentas Manuais;Martelos,,,5.99,,TRUE,PERCENT,0,InStock,,,Medidas,DROP_DOWN,600g - 550117,,,,,,,,,,,,,,,,INFORMAÇÕES DO PRODUTO,"<p>HARDMAN</p>
",ENCOMENDA,"<p>O preço apresentado é referente a uma unidade. O valor total será calculado após envio da encomenda, estando&nbsp; dependente da quantidade mínima obrigatória. <span><span>Preços válidos salvo ruptura de stock, erro tipográfico ou fotográfico.</span></span></p>
",,,,,,,,,,,,,,,HARDMAN,110010,Cables and Extensions,Tools for Electricians\Cables and Extensions,2025-06-27T13:51:14.662615
product_d93b4a3f-e5bd-e3f6-71c5-6dda1bf46279,Variant,,,,,,,,,TRUE,,,InStock,,,,,600g - 550117,,,,,,,,,,,,,,,,,,,,,,,,,,,,,,,,,,,,,,
product_d1d505a8-d4e2-e68d-7561-9f09a6134b5a,Product,Martelo cofragem 750g profissional com cabo fibra de vidro com cabeça magnética,<p>Cor:&nbsp; amarelo&nbsp; / azul</p><p>Material: fibra</p><p>Embalagem: stiker</p><p>Cada caixa exterior contém: 36 unidades</p><p>Quantidade mínima de compra 6 unidades</p><p>Preço especial na compra de quantidades maiores</p><p>&nbsp;</p><p>&nbsp;</p>,55dd72_20e9ed9177a44a38b9d03d34996c26ae~mv2.jpg,Ferramentas Manuais;Martelos,,,5.99,,TRUE,PERCENT,0,InStock,,,Medidas,DROP_DOWN,750g - 590327,,,,,,,,,,,,,,,,INFORMAÇÕES DO PRODUTO,"<p>HARDMAN</p>
",ENCOMENDA,"<p>O preço apresentado é referente a uma unidade. O valor total será calculado após envio da encomenda, estando&nbsp; dependente da quantidade mínima obrigatória. <span><span>Preços válidos salvo ruptura de stock, erro tipográfico ou fotográfico.</span></span></p>
",,,,,,,,,,,,,,,HARDMAN,110010,Cables and Extensions,Tools for Electricians\Cables and Extensions,2025-06-27T13:51:14.662654
product_d1d505a8-d4e2-e68d-7561-9f09a6134b5a,Variant,,,,,,,,,TRUE,,,InStock,,,,,750g - 590327,,,,,,,,,,,,,,,,,,,,,,,,,,,,,,,,,,,,,,
product_9621f4eb-0cba-25c8-011c-341e668f842a,Product,Martelo tipo americano profissional com cabo em fibra de vidro,<p>Cor:&nbsp; amarelo&nbsp; / azul</p><p>Material: fibra</p><p>Embalagem: stiker</p><p>Cada caixa exterior contém: 60 unidades</p><p>Quantidade mínima de compra 12 unidades</p><p>Preço especial na compra de quantidades maiores</p><p>&nbsp;</p><p>&nbsp;</p>,55dd72_15ea5385698f439a92545212a8b0f6b0~mv2.jpg,Ferramentas Manuais;Martelos,,,2.79,,TRUE,PERCENT,0,InStock,,,Medidas,DROP_DOWN,18mm - 590133;23mm - 590129;25mm - 590125;27mm - 590126;29mm - 590127,,,,,,,,,,,,,,,,INFORMAÇÕES DO PRODUTO,"<p>HARDMAN</p>
",ENCOMENDA,"<p>O preço apresentado é referente a uma unidade. O valor total será calculado após envio da encomenda, estando&nbsp; dependente da quantidade mínima obrigatória. <span><span>Preços válidos salvo ruptura de stock, erro tipográfico ou fotográfico.</span></span></p>
",,,,,,,,,,,,,,,HARDMAN,110010,Cables and Extensions,Tools for Electricians\Cables and Extensions,2025-06-27T13:51:14.662693
product_9621f4eb-0cba-25c8-011c-341e668f842a,Variant,,,,,,,,0.59,TRUE,,,InStock,,,,,23mm - 590129,,,,,,,,,,,,,,,,,,,,,,,,,,,,,,,,,,,,,,
product_9621f4eb-0cba-25c8-011c-341e668f842a,Variant,,,,,,,,2.3,TRUE,,,InStock,,,,,29mm - 590127,,,,,,,,,,,,,,,,,,,,,,,,,,,,,,,,,,,,,,
product_9621f4eb-0cba-25c8-011c-341e668f842a,Variant,,,,,,,,,TRUE,,,InStock,,,,,18mm - 590133,,,,,,,,,,,,,,,,,,,,,,,,,,,,,,,,,,,,,,
product_9621f4eb-0cba-25c8-011c-341e668f842a,Variant,,,,,,,,1.7,TRUE,,,InStock,,,,,25mm - 590125,,,,,,,,,,,,,,,,,,,,,,,,,,,,,,,,,,,,,,
product_9621f4eb-0cba-25c8-011c-341e668f842a,Variant,,,,,,,,1.8,TRUE,,,InStock,,,,,27mm - 590126,,,,,,,,,,,,,,,,,,,,,,,,,,,,,,,,,,,,,,
product_3163eead-1da6-1dd1-c3e1-ed32b03e7092,Product,Martelo de bola profissional com cabo em fibra de vidro,<p>Cor:&nbsp; amarelo&nbsp; / azul</p><p>Material: fibra</p><p>Embalagem: stiker</p><p>Cada caixa exterior contém: 24 unidades</p><p>Quantidade mínima de compra 6 unidades</p><p>Preço especial na compra de quantidades maiores</p><p>&nbsp;</p><p>&nbsp;</p>,55dd72_3b017efad3424f8e987653dd3a4391f2~mv2.jpg,Ferramentas Manuais;Martelos,,,3.2,,TRUE,PERCENT,0,InStock,,,Medidas,DROP_DOWN,16 OZ / 500g - 590209;24 OZ / 750g - 590210;32 OZ / 950g - 590211,,,,,,,,,,,,,,,,INFORMAÇÕES DO PRODUTO,"<p>HARDMAN</p>
",ENCOMENDA,"<p>O preço apresentado é referente a uma unidade. O valor total será calculado após envio da encomenda, estando&nbsp; dependente da quantidade mínima obrigatória. <span><span>Preços válidos salvo ruptura de stock, erro tipográfico ou fotográfico.</span></span></p>
",,,,,,,,,,,,,,,HARDMAN,110010,Cables and Extensions,Tools for Electricians\Cables and Extensions,2025-06-27T13:51:14.662779
product_3163eead-1da6-1dd1-c3e1-ed32b03e7092,Variant,,,,,,,,0.55,TRUE,,,InStock,,,,,24 OZ / 750g - 590210,,,,,,,,,,,,,,,,,,,,,,,,,,,,,,,,,,,,,,
product_3163eead-1da6-1dd1-c3e1-ed32b03e7092,Variant,,,,,,,,0.69,TRUE,,,InStock,,,,,32 OZ / 950g - 590211,,,,,,,,,,,,,,,,,,,,,,,,,,,,,,,,,,,,,,
product_3163eead-1da6-1dd1-c3e1-ed32b03e7092,Variant,,,,,,,,,TRUE,,,InStock,,,,,16 OZ / 500g - 590209,,,,,,,,,,,,,,,,,,,,,,,,,,,,,,,,,,,,,,
product_4ed3d23e-3a21-3a87-fa71-8775c1a00924,Product,Martelo de cofragem 600g com cabo em fibra de vidro e cabeça magnética,<p>Cor:&nbsp; amarelo&nbsp; / azul</p><p>Material: fibra</p><p>Embalagem: stiker</p><p>Cada caixa exterior contém: 60 unidades</p><p>Quantidade mínima de compra 12 unidades</p><p>Preço especial na compra de quantidades maiores</p><p>&nbsp;</p><p>&nbsp;</p>,55dd72_d884d87c39e045a886cc6bc707549c63~mv2.jpg,Ferramentas Manuais;Martelos,,,5.99,,TRUE,PERCENT,0,InStock,,,Medidas,DROP_DOWN,600g - 590117,,,,,,,,,,,,,,,,INFORMAÇÕES DO PRODUTO,"<p>HARDMAN</p>
",ENCOMENDA,"<p>O preço apresentado é referente a uma unidade. O valor total será calculado após envio da encomenda, estando&nbsp; dependente da quantidade mínima obrigatória. <span><span>Preços válidos salvo ruptura de stock, erro tipográfico ou fotográfico.</span></span></p>
",,,,,,,,,,,,,,,HARDMAN,110010,Cables and Extensions,Tools for Electricians\Cables and Extensions,2025-06-27T13:51:14.662936
product_4ed3d23e-3a21-3a87-fa71-8775c1a00924,Variant,,,,,,,,,TRUE,,,InStock,,,,,600g - 590117,,,,,,,,,,,,,,,,,,,,,,,,,,,,,,,,,,,,,,
product_429a934c-95e3-491e-b3df-57d0755f8817,Product,Corta Rebites,<p>Cor:&nbsp; amarelo&nbsp; / azul</p><p>Material: fibra</p><p>Embalagem: stiker</p><p>Cada caixa exterior contém: 24 unidades</p><p>Quantidade mínima de compra 6 unidades</p><p>Preço especial na compra de quantidades maiores</p><p>&nbsp;</p><p>&nbsp;</p>,88efbe_58a03936470843009979ccd6f744c647~mv2.jpeg;55dd72_10258b9e430d408abb533d1fb15d29f7~mv2.jpg,Ferramentas Manuais;Alicates,,,8.99,,TRUE,PERCENT,0,InStock,,,Medidas,DROP_DOWN,"14"" - 260102;18"" - 260103;24"" - 260104;30"" - 260105;36"" - 260106",,,,,,,,,,,,,,,,INFORMAÇÕES DO PRODUTO,"<p>HARDMAN</p>
",ENCOMENDA,"<p>O preço apresentado é referente a uma unidade. O valor total será calculado após envio da encomenda, estando&nbsp; dependente da quantidade mínima obrigatória. <span><span>Preços válidos salvo ruptura de stock, erro tipográfico ou fotográfico.</span></span></p>
",,,,,,,,,,,,,,,HARDMAN,110012,General Tools,Tools for The Workshop and Garage\General Tools,2025-06-27T13:51:14.662987
product_429a934c-95e3-491e-b3df-57d0755f8817,Variant,,,,,,,,4,TRUE,,,InStock,,,,,"14"" - 260102",,,,,,,,,,,,,,,,,,,,,,,,,,,,,,,,,,,,,,
product_429a934c-95e3-491e-b3df-57d0755f8817,Variant,,,,,,,,9.51,TRUE,,,InStock,,,,,"36"" - 260106",,,,,,,,,,,,,,,,,,,,,,,,,,,,,,,,,,,,,,
product_429a934c-95e3-491e-b3df-57d0755f8817,Variant,,,,,,,,7.5,TRUE,,,InStock,,,,,"30"" - 260105",,,,,,,,,,,,,,,,,,,,,,,,,,,,,,,,,,,,,,
product_429a934c-95e3-491e-b3df-57d0755f8817,Variant,,,,,,,,,TRUE,,,InStock,,,,,"18"" - 260103",,,,,,,,,,,,,,,,,,,,,,,,,,,,,,,,,,,,,,
product_429a934c-95e3-491e-b3df-57d0755f8817,Variant,,,,,,,,4,TRUE,,,InStock,,,,,"24"" - 260104",,,,,,,,,,,,,,,,,,,,,,,,,,,,,,,,,,,,,,
product_7ee5e1f4-3244-294b-84e0-17a16ce5f1d1,Product,Cabo de fibra Grande Picareta / Marreta 910 mm,<p>Cor:&nbsp; amarelo&nbsp; / azul</p><p>Material: fibra</p><p>Embalagem: stiker</p><p>Cada caixa exterior contém: 24 unidades</p><p>Quantidade mínima de compra 6 unidades</p><p>Preço especial na compra de quantidades maiores</p><p>&nbsp;</p><p>&nbsp;</p>,55dd72_a1430395825b4a7d89148ed44f1ae990~mv2.jpg,Ferramentas Manuais,,,5.49,,TRUE,PERCENT,0,InStock,,,Medidas,DROP_DOWN,Redondo picareta - 590330;Oval martelo de campo - 590334,,,,,,,,,,,,,,,,INFORMAÇÕES DO PRODUTO,"<p>HARDMAN</p>
",ENCOMENDA,"<p>O preço apresentado é referente a uma unidade. O valor total será calculado após envio da encomenda, estando&nbsp; dependente da quantidade mínima obrigatória. <span><span>Preços válidos salvo ruptura de stock, erro tipográfico ou fotográfico.</span></span></p>
",,,,,,,,,,,,,,,HARDMAN,110010,Cables and Extensions,Tools for Electricians\Cables and Extensions,2025-06-27T13:51:14.663064
product_7ee5e1f4-3244-294b-84e0-17a16ce5f1d1,Variant,,,,,,,,,TRUE,,,InStock,,,,,Redondo picareta - 590330,,,,,,,,,,,,,,,,,,,,,,,,,,,,,,,,,,,,,,
product_7ee5e1f4-3244-294b-84e0-17a16ce5f1d1,Variant,,,,,,,,,TRUE,,,InStock,,,,,Oval martelo de campo - 590334,,,,,,,,,,,,,,,,,,,,,,,,,,,,,,,,,,,,,,
product_c9b8ef04-f760-566b-9de4-af6a3eb045c5,Product,Cabo de fibra - faz tudo / martelo / cofragem,<p>Cor:&nbsp; amarelo&nbsp; / azul</p><p>Material: fibra</p><p>Embalagem: stiker</p><p>Cada caixa exterior contém: 80 unidades</p><p>Quantidade mínima de compra 20 unidades</p><p>Preço especial na compra de quantidades maiores</p><p>&nbsp;</p><p>&nbsp;</p>,55dd72_e23a6a02a37d4a96bc2bc741adf16847~mv2.jpg;55dd72_6f9ba07ca1f540a5a9117672eef46fa8~mv2.jpg,Ferramentas Manuais;Martelos,,,1.39,,TRUE,PERCENT,0,InStock,,,Medidas,DROP_DOWN,Faz tudo - 590331;Martelo campo 1 a 2 kgs- 590329;Martelo Cofragem - 590328,,,,,,,,,,,,,,,,INFORMAÇÕES DO PRODUTO,"<p>HARDMAN</p>
",ENCOMENDA,"<p>O preço apresentado é referente a uma unidade. O valor total será calculado após envio da encomenda, estando&nbsp; dependente da quantidade mínima obrigatória. <span><span>Preços válidos salvo ruptura de stock, erro tipográfico ou fotográfico.</span></span></p>
",,,,,,,,,,,,,,,HARDMAN,110010,Cables and Extensions,Tools for Electricians\Cables and Extensions,2025-06-27T13:51:14.663112
product_c9b8ef04-f760-566b-9de4-af6a3eb045c5,Variant,,,,,,,,,TRUE,,,InStock,,,,,Faz tudo - 590331,,,,,,,,,,,,,,,,,,,,,,,,,,,,,,,,,,,,,,
product_c9b8ef04-f760-566b-9de4-af6a3eb045c5,Variant,,,,,,,,,TRUE,,,InStock,,,,,Martelo Cofragem - 590328,,,,,,,,,,,,,,,,,,,,,,,,,,,,,,,,,,,,,,
product_c9b8ef04-f760-566b-9de4-af6a3eb045c5,Variant,,,,,,,,,TRUE,,,InStock,,,,,Martelo campo 1 a 2 kgs- 590329,,,,,,,,,,,,,,,,,,,,,,,,,,,,,,,,,,,,,,
product_c1256721-5c94-360e-6225-6b0c3347d37d,Product,Picareta profissional sem cabo,<p>Cor:&nbsp; preto</p><p>Material: aço</p><p>Embalagem: stiker</p><p>Cada caixa exterior contém: 10 unidades</p><p>Quantidade mínima de compra 5 unidades</p><p>Preço especial na compra de quantidades maiores</p><p>&nbsp;</p><p>&nbsp;</p>,55dd72_44ce0fee590543a4baaee38781335f9b~mv2.jpg,Ferramentas Manuais,,,5.99,,TRUE,PERCENT,0,InStock,,,Medidas,DROP_DOWN,2 Kg - 550133;2.5 Kg - 550122,,,,,,,,,,,,,,,,INFORMAÇÕES DO PRODUTO,"<p>HARDMAN</p>
",ENCOMENDA,"<p>O preço apresentado é referente a uma unidade. O valor total será calculado após envio da encomenda, estando&nbsp; dependente da quantidade mínima obrigatória. <span><span>Preços válidos salvo ruptura de stock, erro tipográfico ou fotográfico.</span></span></p>
",,,,,,,,,,,,,,,HARDMAN,110010,Cables and Extensions,Tools for Electricians\Cables and Extensions,2025-06-27T13:51:14.663171
product_c1256721-5c94-360e-6225-6b0c3347d37d,Variant,,,,,,,,0.75,TRUE,,,InStock,,,,,2.5 Kg - 550122,,,,,,,,,,,,,,,,,,,,,,,,,,,,,,,,,,,,,,
product_c1256721-5c94-360e-6225-6b0c3347d37d,Variant,,,,,,,,,TRUE,,,InStock,,,,,2 Kg - 550133,,,,,,,,,,,,,,,,,,,,,,,,,,,,,,,,,,,,,,
product_ec144576-65bf-efd0-bcd4-903fee901fb8,Product,Alicate bomba de água 250mm,<p></p><p>Material: Borracha / aço</p><p>Embalagem: Blister</p><p>Cada caixa exterior contém: 60 unidades</p><p>Quantidade mínima de compra 6 unidades</p><p>Preço especial na compra de quantidades maiores</p>,88efbe_f6b97b5c1eb14dab85363bae862f55db~mv2.jpeg;55dd72_bb40cc59c7a54eacaeba7b2ddbb6fd56~mv2.jpg;55dd72_3ae545c2dc134963bf15dee3cb58d01d~mv2.jpg,Ferramentas Manuais;Alicates,,,4.3,,TRUE,PERCENT,0,InStock,,,Medidas,DROP_DOWN,250mm - 011928,,,,,,,,,,,,,,,,INFORMAÇÕES DO PRODUTO,"<p>HARDMAN</p>
",ENCOMENDA,"<p>O preço apresentado é referente a uma unidade. O valor total será calculado após envio da encomenda, estando&nbsp; dependente da quantidade mínima obrigatória. <span><span>Preços válidos salvo ruptura de stock, erro tipográfico ou fotográfico.</span></span></p>
",,,,,,,,,,,,,,,HARDMAN,110012,General Tools,Tools for The Workshop and Garage\General Tools,2025-06-27T13:51:14.663220
product_ec144576-65bf-efd0-bcd4-903fee901fb8,Variant,,,,,,,,,TRUE,,,InStock,,,,,250mm - 011928,,,,,,,,,,,,,,,,,,,,,,,,,,,,,,,,,,,,,,
product_b8ea0577-1924-7555-253b-dbd5c42f072d,Product,Alicate descarnador profissional,<p>Cor:&nbsp; Vermelho / cromado</p><p>Material: Borracha / aço</p><p>Embalagem: Blister</p><p>Cada caixa exterior contém: 60 unidades</p><p>Quantidade mínima de compra 6 unidades</p><p>Preço especial na compra de quantidades maiores</p><p>&nbsp;</p><p>&nbsp;</p>,55dd72_8764541f7c4443a19643c92369fcbff2~mv2.jpg,Ferramentas Manuais;Alicates,,,2.69,,FALSE,PERCENT,0,InStock,,,Medidas,DROP_DOWN,160mm - 011927,,,,,,,,,,,,,,,,INFORMAÇÕES DO PRODUTO,"<p>HARDMAN</p>
",ENCOMENDA,"<p>O preço apresentado é referente a uma unidade. O valor total será calculado após envio da encomenda, estando&nbsp; dependente da quantidade mínima obrigatória. <span><span>Preços válidos salvo ruptura de stock, erro tipográfico ou fotográfico.</span></span></p>
",,,,,,,,,,,,,,,HARDMAN,110012,General Tools,Tools for The Workshop and Garage\General Tools,2025-06-27T13:51:14.663334
product_b8ea0577-1924-7555-253b-dbd5c42f072d,Variant,,,,,,,,,FALSE,,,InStock,,,,,160mm - 011927,,,,,,,,,,,,,,,,,,,,,,,,,,,,,,,,,,,,,,
product_7398000a-1a00-9de3-2aff-2a224bbc5353,Product,Alicate telefonista pontas redondas profissional,<p>Cor:&nbsp; Vermelho / cromado</p><p>Material: Borracha / aço</p><p>Embalagem: Blister</p><p>Cada caixa exterior contém: 60 unidades</p><p>Quantidade mínima de compra 6 unidades</p><p>Preço especial na compra de quantidades maiores</p><p>&nbsp;</p><p>&nbsp;</p>,55dd72_e2bb2b63e48f47cd8d6491d67bac832b~mv2.jpg,Ferramentas Manuais;Alicates,,,2.29,,TRUE,PERCENT,0,InStock,,,Medidas,DROP_DOWN,160mm - 011921,,,,,,,,,,,,,,,,INFORMAÇÕES DO PRODUTO,"<p>HARDMAN</p>
",ENCOMENDA,"<p>O preço apresentado é referente a uma unidade. O valor total será calculado após envio da encomenda, estando&nbsp; dependente da quantidade mínima obrigatória. <span><span>Preços válidos salvo ruptura de stock, erro tipográfico ou fotográfico.</span></span></p>
",,,,,,,,,,,,,,,HARDMAN,110012,General Tools,Tools for The Workshop and Garage\General Tools,2025-06-27T13:51:14.663400
product_7398000a-1a00-9de3-2aff-2a224bbc5353,Variant,,,,,,,,,TRUE,,,InStock,,,,,160mm - 011921,,,,,,,,,,,,,,,,,,,,,,,,,,,,,,,,,,,,,,
product_15d3db25-5a9e-2480-d31a-8e82ad440bb8,Product,Alicate telefonista pontas curvas profissional,<p>Cor:&nbsp; Vermelho / cromado</p><p>Material: Borracha / aço</p><p>Embalagem: Blister</p><p>Cada caixa exterior contém: 60 unidades</p><p>Quantidade mínima de compra 6 unidades</p><p>Preço especial na compra de quantidades maiores</p><p>&nbsp;</p><p>&nbsp;</p>,55dd72_b50cbf602a8c4d16845cb0e17a52d6d6~mv2.jpg,Ferramentas Manuais;Alicates,,,2.29,,TRUE,PERCENT,0,InStock,,,Medidas,DROP_DOWN,160mm - 011919;200mm - 011920,,,,,,,,,,,,,,,,INFORMAÇÕES DO PRODUTO,"<p>HARDMAN</p>
",ENCOMENDA,"<p>O preço apresentado é referente a uma unidade. O valor total será calculado após envio da encomenda, estando&nbsp; dependente da quantidade mínima obrigatória. <span><span>Preços válidos salvo ruptura de stock, erro tipográfico ou fotográfico.</span></span></p>
",,,,,,,,,,,,,,,HARDMAN,110012,General Tools,Tools for The Workshop and Garage\General Tools,2025-06-27T13:51:14.663442
product_15d3db25-5a9e-2480-d31a-8e82ad440bb8,Variant,,,,,,,,,TRUE,,,InStock,,,,,160mm - 011919,,,,,,,,,,,,,,,,,,,,,,,,,,,,,,,,,,,,,,
product_15d3db25-5a9e-2480-d31a-8e82ad440bb8,Variant,,,,,,,,0.1,TRUE,,,InStock,,,,,200mm - 011920,,,,,,,,,,,,,,,,,,,,,,,,,,,,,,,,,,,,,,
product_7034d187-8ae6-c8f0-fe07-44c1c78e6089,Product,Alicate telefonista pontas chatas profissional,<p>Cor:&nbsp; Vermelho / cromado</p><p>Material: Borracha / aço</p><p>Embalagem: Blister</p><p>Cada caixa exterior contém: 60 unidades</p><p>Quantidade mínima de compra 6 unidades</p><p>Preço especial na compra de quantidades maiores</p><p>&nbsp;</p><p>&nbsp;</p>,55dd72_1f132ea51969400383d63eb4a5376dd5~mv2.jpg,Ferramentas Manuais;Alicates,,,2.29,,TRUE,PERCENT,0,InStock,,,Medidas,DROP_DOWN,160mm - 011918,,,,,,,,,,,,,,,,INFORMAÇÕES DO PRODUTO,"<p>HARDMAN</p>
",ENCOMENDA,"<p>O preço apresentado é referente a uma unidade. O valor total será calculado após envio da encomenda, estando&nbsp; dependente da quantidade mínima obrigatória. <span><span>Preços válidos salvo ruptura de stock, erro tipográfico ou fotográfico.</span></span></p>
",,,,,,,,,,,,,,,HARDMAN,110012,General Tools,Tools for The Workshop and Garage\General Tools,2025-06-27T13:51:14.663490
product_7034d187-8ae6-c8f0-fe07-44c1c78e6089,Variant,,,,,,,,,TRUE,,,InStock,,,,,160mm - 011918,,,,,,,,,,,,,,,,,,,,,,,,,,,,,,,,,,,,,,
product_7db051ab-47d3-ccc2-b29e-7da5ffaf91a7,Product,Alicate telefonista profissional,<p>Cor:&nbsp; Vermelho / cromado</p><p>Material: Borracha / aço</p><p>Embalagem: Blister</p><p>Cada caixa exterior contém: 60 unidades</p><p>Quantidade mínima de compra 6 unidades</p><p>Preço especial na compra de quantidades maiores</p><p>&nbsp;</p><p>&nbsp;</p>,55dd72_7d75a5fb527843c6a57d06813b0ae150~mv2.jpg,Ferramentas Manuais;Alicates,,,2.29,,TRUE,PERCENT,0,InStock,,,Medidas,DROP_DOWN,160mm - 011916;200mm - 011917,,,,,,,,,,,,,,,,INFORMAÇÕES DO PRODUTO,"<p>HARDMAN</p>
",ENCOMENDA,"<p>O preço apresentado é referente a uma unidade. O valor total será calculado após envio da encomenda, estando&nbsp; dependente da quantidade mínima obrigatória. <span><span>Preços válidos salvo ruptura de stock, erro tipográfico ou fotográfico.</span></span></p>
",,,,,,,,,,,,,,,HARDMAN,110012,General Tools,Tools for The Workshop and Garage\General Tools,2025-06-27T13:51:14.663528
product_7db051ab-47d3-ccc2-b29e-7da5ffaf91a7,Variant,,,,,,,,,TRUE,,,InStock,,,,,160mm - 011916,,,,,,,,,,,,,,,,,,,,,,,,,,,,,,,,,,,,,,
product_7db051ab-47d3-ccc2-b29e-7da5ffaf91a7,Variant,,,,,,,,0.1,TRUE,,,InStock,,,,,200mm - 011917,,,,,,,,,,,,,,,,,,,,,,,,,,,,,,,,,,,,,,
product_395bfbb1-eb92-6cf8-4752-893d622fc526,Product,Alicate universal profissional,<p>Cor:&nbsp; Vermelho / cromado</p><p>Material: Borracha / aço</p><p>Embalagem: Blister</p><p>Cada caixa exterior contém: 60 unidades</p><p>Quantidade mínima de compra 6 unidades</p><p>Preço especial na compra de quantidades maiores</p><p>&nbsp;</p><p>&nbsp;</p>,55dd72_f8682f2e448b4d91ac8c5f28e8d30f1d~mv2.jpg,Ferramentas Manuais;Alicates,,,2.29,,TRUE,PERCENT,0,InStock,,,Medidas,DROP_DOWN,160mm - 011912;180mm - 011913;200mm - 011914,,,,,,,,,,,,,,,,INFORMAÇÕES DO PRODUTO,"<p>HARDMAN</p>
",ENCOMENDA,"<p>O preço apresentado é referente a uma unidade. O valor total será calculado após envio da encomenda, estando&nbsp; dependente da quantidade mínima obrigatória. <span><span>Preços válidos salvo ruptura de stock, erro tipográfico ou fotográfico.</span></span></p>
",,,,,,,,,,,,,,,HARDMAN,110012,General Tools,Tools for The Workshop and Garage\General Tools,2025-06-27T13:51:14.663576
product_395bfbb1-eb92-6cf8-4752-893d622fc526,Variant,,,,,,,,0.7,TRUE,,,InStock,,,,,200mm - 011914,,,,,,,,,,,,,,,,,,,,,,,,,,,,,,,,,,,,,,
product_395bfbb1-eb92-6cf8-4752-893d622fc526,Variant,,,,,,,,,TRUE,,,InStock,,,,,160mm - 011912,,,,,,,,,,,,,,,,,,,,,,,,,,,,,,,,,,,,,,
product_395bfbb1-eb92-6cf8-4752-893d622fc526,Variant,,,,,,,,0.46,TRUE,,,InStock,,,,,180mm - 011913,,,,,,,,,,,,,,,,,,,,,,,,,,,,,,,,,,,,,,
product_fe8c116e-f741-b6df-f37c-fb72af1af800,Product,Alicate de corte diagonal profissional,<p>Cor:&nbsp; Vermelho / cromado</p><p>Material: Borracha / aço</p><p>Embalagem: Blister</p><p>Cada caixa exterior contém: 60 unidades</p><p>Quantidade mínima de compra 6 unidades</p><p>Preço especial na compra de quantidades maiores</p><p>&nbsp;</p><p>&nbsp;</p>,55dd72_6b947f6e96ba4702910dbb037eec8275~mv2.jpg,Ferramentas Manuais;Alicates,,,2.29,,TRUE,PERCENT,0,InStock,,,Medidas,DROP_DOWN,160mm - 011915;180mm - 011925,,,,,,,,,,,,,,,,INFORMAÇÕES DO PRODUTO,"<p>HARDMAN</p>
",ENCOMENDA,"<p>O preço apresentado é referente a uma unidade. O valor total será calculado após envio da encomenda, estando&nbsp; dependente da quantidade mínima obrigatória. <span><span>Preços válidos salvo ruptura de stock, erro tipográfico ou fotográfico.</span></span></p>
",,,,,,,,,,,,,,,HARDMAN,110012,General Tools,Tools for The Workshop and Garage\General Tools,2025-06-27T13:51:14.663634
product_fe8c116e-f741-b6df-f37c-fb72af1af800,Variant,,,,,,,,,TRUE,,,InStock,,,,,160mm - 011915,,,,,,,,,,,,,,,,,,,,,,,,,,,,,,,,,,,,,,
product_fe8c116e-f741-b6df-f37c-fb72af1af800,Variant,,,,,,,,0.6,TRUE,,,InStock,,,,,180mm - 011925,,,,,,,,,,,,,,,,,,,,,,,,,,,,,,,,,,,,,,
product_276e89bb-82e1-3b64-0039-3ddc5289a64f,Product,Chave de parafusos fenda CRV ponta magnética,<p>Cor:&nbsp; Laranja / cromado</p><p>Material: Borracha / ponta magnética</p><p>Embalagem: Blister</p><p>Cada caixa exterior contém: 120 unidades</p><p>Quantidade mínima de compra 24 unidades</p><p>Preço especial na compra de quantidades maiores</p><p>&nbsp;</p><p>&nbsp;</p>,55dd72_387fb20eefe341be8d76dbdba69aa0c7~mv2.jpg,Ferramentas Manuais,,,0,,FALSE,PERCENT,0,InStock,,,Medidas,DROP_DOWN,5.0 x 100mm - 200512;5.0 x 125mm - 200513,,,,,,,,,,,,,,,,INFORMAÇÕES DO PRODUTO,"<p>HARDMAN</p>
",ENCOMENDA,"<p>O preço apresentado é referente a uma unidade. O valor total será calculado após envio da encomenda, estando&nbsp; dependente da quantidade mínima obrigatória. <span><span>Preços válidos salvo ruptura de stock, erro tipográfico ou fotográfico.</span></span></p>
",,,,,,,,,,,,,,,HARDMAN,110012,General Tools,Tools for The Workshop and Garage\General Tools,2025-06-27T13:51:14.663736
product_276e89bb-82e1-3b64-0039-3ddc5289a64f,Variant,,,,,,,,0.62,TRUE,,,InStock,,,,,5.0 x 125mm - 200513,,,,,,,,,,,,,,,,,,,,,,,,,,,,,,,,,,,,,,
product_276e89bb-82e1-3b64-0039-3ddc5289a64f,Variant,,,,,,,,0.58,TRUE,,,InStock,,,,,5.0 x 100mm - 200512,,,,,,,,,,,,,,,,,,,,,,,,,,,,,,,,,,,,,,
product_5bc3adf2-2224-6b00-e11f-198841e6670e,Product,Chave Pozidrive CRV ponta magnética,<p>Cor:&nbsp; Laranja / cromado</p><p>Material: Borracha / ponta magnética</p><p>Embalagem: Blister</p><p>Cada caixa exterior contém: 120 unidades</p><p>Quantidade mínima de compra 12&nbsp;unidades</p><p>Preço especial na compra de quantidades maiores</p><p>&nbsp;</p><p>&nbsp;</p>,55dd72_2966aca089b24a10a7f22e7eb7c05a8d~mv2.jpg,Ferramentas Manuais,,,0.58,,FALSE,PERCENT,0,InStock,,,Medidas,DROP_DOWN,5 x 100mm - 200630;6 x 150mm - 200631,,,,,,,,,,,,,,,,INFORMAÇÕES DO PRODUTO,"<p>HARDMAN</p>
",ENCOMENDA,"<p>O preço apresentado é referente a uma unidade. O valor total será calculado após envio da encomenda, estando&nbsp; dependente da quantidade mínima obrigatória. <span><span>Preços válidos salvo ruptura de stock, erro tipográfico ou fotográfico.</span></span></p>
",,,,,,,,,,,,,,,HARDMAN,110012,General Tools,Tools for The Workshop and Garage\General Tools,2025-06-27T13:51:14.663812
product_5bc3adf2-2224-6b00-e11f-198841e6670e,Variant,,,,,,,,0.1,TRUE,,,InStock,,,,,6 x 150mm - 200631,,,,,,,,,,,,,,,,,,,,,,,,,,,,,,,,,,,,,,
product_5bc3adf2-2224-6b00-e11f-198841e6670e,Variant,,,,,,,,,TRUE,,,InStock,,,,,5 x 100mm - 200630,,,,,,,,,,,,,,,,,,,,,,,,,,,,,,,,,,,,,,
product_c0e08c2a-da44-baa6-7a5d-5a9df07636bd,Product,Chave crescente cromo vanadio com punho de borracha,<p>Cor:&nbsp; azul / cromado</p><p>Material: cromo vanadio</p><p>Embalagem: bag</p><p>Cada caixa exterior contém: 60 unidades</p><p>Quantidade mínima de compra 10 unidades</p><p>Preço especial na compra de quantidades maiores</p><p>&nbsp;</p><p>&nbsp;</p>,55dd72_e7a6a4c885b140718761c6519c4cb0b4~mv2.jpg,Ferramentas Manuais,,,3.1,,TRUE,PERCENT,0,InStock,,,Medidas,DROP_DOWN,"8"" - 200918;10"" 200919/1;12"" - 200920",,,,,,,,,,,,,,,,INFORMAÇÕES DO PRODUTO,"<p>HARDMAN</p>
",ENCOMENDA,"<p>O preço apresentado é referente a uma unidade. O valor total será calculado após envio da encomenda, estando&nbsp; dependente da quantidade mínima obrigatória. <span><span>Preços válidos salvo ruptura de stock, erro tipográfico ou fotográfico.</span></span></p>
",,,,,,,,,,,,,,,HARDMAN,110012,General Tools,Tools for The Workshop and Garage\General Tools,2025-06-27T13:51:14.663862
product_c0e08c2a-da44-baa6-7a5d-5a9df07636bd,Variant,,,,,,,,1.2,TRUE,,,InStock,,,,,"10"" 200919/1",,,,,,,,,,,,,,,,,,,,,,,,,,,,,,,,,,,,,,
product_c0e08c2a-da44-baa6-7a5d-5a9df07636bd,Variant,,,,,,,,,TRUE,,,InStock,,,,,"8"" - 200918",,,,,,,,,,,,,,,,,,,,,,,,,,,,,,,,,,,,,,
product_c0e08c2a-da44-baa6-7a5d-5a9df07636bd,Variant,,,,,,,,2.19,TRUE,,,InStock,,,,,"12"" - 200920",,,,,,,,,,,,,,,,,,,,,,,,,,,,,,,,,,,,,,
product_02c60ca5-bb78-3fea-2d6f-34e2400d1544,Product,Alicate porta eletrodos 500 AMP,<p>Resitência até 500 A</p><p>Cor:&nbsp; preto / branco</p><p>Material: Borracha/metal</p><p>Embalagem: stiker</p><p>Cada caixa exterior contém: 100 unidades</p><p>Quantidade mínima de compra 10 unidades</p><p>Preço especial na compra de quantidades maiores</p><p>&nbsp;</p><p>&nbsp;</p>,55dd72_f76b7d9df33c4f1fae5a2a4e1c6b4909~mv2.jpg,Ferramentas Manuais;Alicates,,,1.99,,FALSE,PERCENT,0,InStock,,,Medidas,DROP_DOWN,11802,,,,,,,,,,,,,,,,INFORMAÇÕES DO PRODUTO,"<p>HARDMAN</p>
",ENCOMENDA,"<p>O preço apresentado é referente a uma unidade. O valor total será calculado após envio da encomenda, estando&nbsp; dependente da quantidade mínima obrigatória. <span><span>Preços válidos salvo ruptura de stock, erro tipográfico ou fotográfico.</span></span></p>
",,,,,,,,,,,,,,,HARDMAN,110012,General Tools,Tools for The Workshop and Garage\General Tools,2025-06-27T13:51:14.663922
product_02c60ca5-bb78-3fea-2d6f-34e2400d1544,Variant,,,,,,,,,FALSE,,,InStock,,,,,11802,,,,,,,,,,,,,,,,,,,,,,,,,,,,,,,,,,,,,,
product_fe70f509-6f35-4e1d-945d-b5bde67214d8,Product,Alicate de massa 500A  em aço cromado,<p>Resitência até 500 A</p><p>Cor:&nbsp; cromado</p><p>Material: Aço</p><p>Embalagem: stiker</p><p>Cada caixa exterior contém: 50 unidades</p><p>Quantidade mínima de compra 10 unidades</p><p>Preço especial na compra de quantidades maiores</p><p>&nbsp;</p><p>&nbsp;</p>,55dd72_3a4f5b2edd494574b34e30c186237261~mv2.jpg,Ferramentas Manuais;Alicates,,,2.65,,TRUE,PERCENT,0,InStock,,,Medidas,DROP_DOWN,11606,,,,,,,,,,,,,,,,INFORMAÇÕES DO PRODUTO,"<p>HARDMAN</p>
",ENCOMENDA,"<p>O preço apresentado é referente a uma unidade. O valor total será calculado após envio da encomenda, estando&nbsp; dependente da quantidade mínima obrigatória. <span><span>Preços válidos salvo ruptura de stock, erro tipográfico ou fotográfico.</span></span></p>
",,,,,,,,,,,,,,,HARDMAN,110012,General Tools,Tools for The Workshop and Garage\General Tools,2025-06-27T13:51:14.663960
product_fe70f509-6f35-4e1d-945d-b5bde67214d8,Variant,,,,,,,,,TRUE,,,InStock,,,,,11606,,,,,,,,,,,,,,,,,,,,,,,,,,,,,,,,,,,,,,
product_965fb3d6-baf4-ffde-c321-ebb865925819,Product,Bits profissionais 37pcs com ponta magnética,<p>Jogo: 37 peças em caixa plástica</p><p>Cor:&nbsp; azul/prata</p><p>Material: Ponta magnética</p><p>Embalagem: Blister</p><p>Cada caixa exterior contém: 60 unidades</p><p>Quantidade mínima de compra 6 unidades</p><p>Preço especial na compra de quantidades maiores</p><p>&nbsp;</p><p>&nbsp;</p>,55dd72_9b1678eee8eb4c1f915240d49dff810e~mv2.jpg,Ferramentas Manuais,,,4.75,,TRUE,PERCENT,0,InStock,,,Medidas,DROP_DOWN,511319,,,,,,,,,,,,,,,,INFORMAÇÕES DO PRODUTO,"<p>HARDMAN</p>
",ENCOMENDA,"<p>O preço apresentado é referente a uma unidade. O valor total será calculado após envio da encomenda, estando&nbsp; dependente da quantidade mínima obrigatória. <span><span>Preços válidos salvo ruptura de stock, erro tipográfico ou fotográfico.</span></span></p>
",,,,,,,,,,,,,,,HARDMAN,110012,General Tools,Tools for The Workshop and Garage\General Tools,2025-06-27T13:51:14.664004
product_965fb3d6-baf4-ffde-c321-ebb865925819,Variant,,,,,,,,,TRUE,,,InStock,,,,,511319,,,,,,,,,,,,,,,,,,,,,,,,,,,,,,,,,,,,,,
product_30d6618f-23f7-c2d8-50d8-876c3ce62740,Product,Jogo de chaves 46 Pcs - CRV,"<p>Jogo: 46 peças em mala plástica</p><p>&nbsp;</p><p>Composto por:</p><p>- <strong>13 chaves de caixa de 1/4"":</strong> 4 / 4.5 / 5 / 5.5 / 6 / 7 / 8 / 9 / 10 / 12 / 13 / 14mm&nbsp; <strong>+ 2 extensões de 1/4""</strong>: 50mm , 100mm + <strong>4 chaves sextavada de:</strong> 1.25 / 1.5 / 2 / 2.5mm+&nbsp; <strong>21 bits 1/4"":</strong> cruz-1,2,3&nbsp; <strong>Fendas:</strong> 5.5 / 7 / 8. <strong>sextavada:</strong> 3 / 4 / 5 / 6 / 7 / 8 / 10mm <strong>hexagonais:</strong> 15 / 20 / 25 / 30 / 40 <strong>+ 1 Roquete de 1/4""</strong>&nbsp; - <strong>1 punho</strong> de 1/4"" - <strong>Junta universal</strong> 1/4"" - <strong>1 bit adaptador</strong> - <strong>1 extensão flexivel </strong>150mm - <strong>1 acoplamento</strong> de 1/4""</p><p>&nbsp;</p><p>Cor:&nbsp; preto/prata</p><p>Material: Cromo vanadium</p><p>Embalagem: stiker</p><p>Cada caixa exterior contém: 20 unidades</p><p>Quantidade mínima de compra 4 unidades</p><p>Preço especial na compra de quantidades maiores</p><p>&nbsp;</p><p>&nbsp;</p>",55dd72_3d2c9def4f974a449c53a2336813bf89~mv2.jpg,Ferramentas Manuais,,,15.99,,FALSE,PERCENT,0,InStock,,,Medidas,DROP_DOWN,511429,,,,,,,,,,,,,,,,INFORMAÇÕES DO PRODUTO,"<p>HARDMAN</p>
",ENCOMENDA,"<p>O preço apresentado é referente a uma unidade. O valor total será calculado após envio da encomenda, estando&nbsp; dependente da quantidade mínima obrigatória. <span><span>Preços válidos salvo ruptura de stock, erro tipográfico ou fotográfico.</span></span></p>
",,,,,,,,,,,,,,,HARDMAN,110012,General Tools,Tools for The Workshop and Garage\General Tools,2025-06-27T13:51:14.664100
product_30d6618f-23f7-c2d8-50d8-876c3ce62740,Variant,,,,,,,,,FALSE,,,InStock,,,,,511429,,,,,,,,,,,,,,,,,,,,,,,,,,,,,,,,,,,,,,
product_750efd99-8301-9b8c-efa8-6a6a89681798,Product,Correia aperto com tensor para camião,<p>Comprimento: 9 metros</p><p>Cor:&nbsp; Laranja</p><p>Material: fibra / metal</p><p>Embalagem: stiker</p><p>Cada caixa exterior contém: 10 unidades</p><p>Quantidade mínima de compra 1 unidades</p><p>Preço especial na compra de quantidades maiores</p><p>&nbsp;</p>,55dd72_fb823bde1a904e56bab114badfc27af8~mv2.jpg,Oficina Mecânica,,,0,,FALSE,PERCENT,0,InStock,,,Medidas,DROP_DOWN,5 TON - 240217,,,,,,,,,,,,,,,,INFORMAÇÕES DO PRODUTO,"<p>ELECTMAN</p>
",ENCOMENDA,"<p>O preço apresentado é referente a uma unidade. O valor total será calculado após envio da encomenda, estando&nbsp; dependente da quantidade mínima obrigatória. <span><span>Preços válidos salvo ruptura de stock, erro tipográfico ou fotográfico.</span></span></p>
",,,,,,,,,,,,,,,TOURO,110012,General Tools,Tools for The Workshop and Garage\General Tools,2025-06-27T13:51:14.664153
product_750efd99-8301-9b8c-efa8-6a6a89681798,Variant,,,,,,,,,FALSE,,,InStock,,,,,5 TON - 240217,,,,,,,,,,,,,,,,,,,,,,,,,,,,,,,,,,,,,,
product_ff5afad6-e1ab-608a-e9a8-0c3fb104eb54,Product,Funil em plástico preto,<p>Cor:&nbsp; preto</p><p>Material: Plástico</p><p>Embalagem: stiker</p><p>Cada caixa exterior contém: 50 unidades</p><p>Quantidade mínima de compra 10 unidades</p><p>Preço especial na compra de quantidades maiores</p><p>&nbsp;</p>,55dd72_12f10c5b7ead4166938e6c2d4fc12439~mv2.jpg,Oficina Mecânica,,T/ Pressol,1.25,,TRUE,PERCENT,0,InStock,,,Medidas,DROP_DOWN,2 em 1  - 130207,,,,,,,,,,,,,,,,INFORMAÇÕES DO PRODUTO,"<p>ELECTMAN</p>
",ENCOMENDA,"<p>O preço apresentado é referente a uma unidade. O valor total será calculado após envio da encomenda, estando&nbsp; dependente da quantidade mínima obrigatória. <span><span>Preços válidos salvo ruptura de stock, erro tipográfico ou fotográfico.</span></span></p>
",,,,,,,,,,,,,,,TOURO,110012,General Tools,Tools for The Workshop and Garage\General Tools,2025-06-27T13:51:14.664215
product_ff5afad6-e1ab-608a-e9a8-0c3fb104eb54,Variant,,,,,,,,,TRUE,,,InStock,,,,,2 em 1  - 130207,,,,,,,,,,,,,,,,,,,,,,,,,,,,,,,,,,,,,,
product_131b67df-cfa5-bee1-d7f4-aeaad5279f3b,Product,Carreto com cabo de aço 10mts -  450 kg,<p>Com cabo&nbsp; de aço com capacidade de até 500 kg</p><p>Cabo: 5mm x 10 metros</p><p>Cor:&nbsp; preto / cinza</p><p>Material: Aço</p><p>Embalagem: stiker</p><p>Cada caixa exterior contém: 12 unidades</p><p>Quantidade mínima de compra 4 unidades</p><p>Preço especial na compra de quantidades maiores</p><p>&nbsp;</p>,55dd72_a079ba26a11c492bbe2e8c707064eb52~mv2.jpg,Oficina Mecânica,,,17.99,,TRUE,PERCENT,0,InStock,,,Medidas,DROP_DOWN,1200 LBS - 030105,,,,,,,,,,,,,,,,INFORMAÇÕES DO PRODUTO,"<p>ELECTMAN</p>
",ENCOMENDA,"<p>O preço apresentado é referente a uma unidade. O valor total será calculado após envio da encomenda, estando&nbsp; dependente da quantidade mínima obrigatória. <span><span>Preços válidos salvo ruptura de stock, erro tipográfico ou fotográfico.</span></span></p>
",,,,,,,,,,,,,,,TOURO,110010,Cables and Extensions,Tools for Electricians\Cables and Extensions,2025-06-27T13:51:14.664255
product_131b67df-cfa5-bee1-d7f4-aeaad5279f3b,Variant,,,,,,,,,TRUE,,,InStock,,,,,1200 LBS - 030105,,,,,,,,,,,,,,,,,,,,,,,,,,,,,,,,,,,,,,
product_255ab6be-fbe0-da93-9d38-96d5518072fc,Product,Aparelho de arrasto 4 TON,<p>Com cabo&nbsp; de tração e gancho com lingueta de segurança.</p><p>2TON - com cabo de 4.5mm</p><p>4TON - com cabo de 6mm</p><p>Cor:&nbsp; preto / cinza</p><p>Material: Aço</p><p>Embalagem: stiker</p><p>Cada caixa exterior contém: 12 unidades</p><p>Quantidade mínima de compra 4 unidades</p><p>Preço especial na compra de quantidades maiores</p><p>&nbsp;</p>,88efbe_179d5fbba02946a4a0853c5523131180~mv2.jpg;55dd72_4d49651464aa436ca415eb047d9d2bba~mv2.jpg,Oficina Mecânica,,,10.99,,TRUE,PERCENT,0,InStock,,,Medidas,DROP_DOWN,2 TON - 030101;4 TON - 030102,,,,,,,,,,,,,,,,INFORMAÇÕES DO PRODUTO,"<p>ELECTMAN</p>
",ENCOMENDA,"<p>O preço apresentado é referente a uma unidade. O valor total será calculado após envio da encomenda, estando&nbsp; dependente da quantidade mínima obrigatória. <span><span>Preços válidos salvo ruptura de stock, erro tipográfico ou fotográfico.</span></span></p>
",,,,,,,,,,,,,,,TOURO,110012,General Tools,Tools for The Workshop and Garage\General Tools,2025-06-27T13:51:14.664295
product_255ab6be-fbe0-da93-9d38-96d5518072fc,Variant,,,,,,,,,FALSE,,,InStock,,,,,2 TON - 030101,,,,,,,,,,,,,,,,,,,,,,,,,,,,,,,,,,,,,,
product_255ab6be-fbe0-da93-9d38-96d5518072fc,Variant,,,,,,,,,TRUE,,,InStock,,,,,4 TON - 030102,,,,,,,,,,,,,,,,,,,,,,,,,,,,,,,,,,,,,,
product_40812536-ac8a-36df-6fd5-408fddee5473,Product,Carro de ferramentas com 3 prateleiras,<p>Medidas do carro: 66 x 75 cm</p><p>Medidas das prateleiras: 74 x 40 cm</p><p>Cor:&nbsp; vermelho</p><p>Material: Metal</p><p>Embalagem: stiker</p><p>Cada caixa exterior contém: 1 unidades</p><p>Quantidade mínima de compra 1 unidades</p><p>Preço especial na compra de quantidades maiores</p><p>&nbsp;</p>,55dd72_68776886c43449e0805246d5fa8e2013~mv2.jpg,Oficina Mecânica,,,49.99,,FALSE,PERCENT,0,InStock,,,Medidas,DROP_DOWN,3 divisoes - 570307,,,,,,,,,,,,,,,,INFORMAÇÕES DO PRODUTO,"<p>ELECTMAN</p>
",ENCOMENDA,"<p>O preço apresentado é referente a uma unidade. O valor total será calculado após envio da encomenda, estando&nbsp; dependente da quantidade mínima obrigatória. <span><span>Preços válidos salvo ruptura de stock, erro tipográfico ou fotográfico.</span></span></p>
",,,,,,,,,,,,,,,TOURO,110012,General Tools,Tools for The Workshop and Garage\General Tools,2025-06-27T13:51:14.664345
product_40812536-ac8a-36df-6fd5-408fddee5473,Variant,,,,,,,,49.99,TRUE,,,InStock,,,,,3 divisoes - 570307,,,,,,,,,,,,,,,,,,,,,,,,,,,,,,,,,,,,,,
product_cf61d2ff-c63a-64a4-7473-0041632fe4d1,Product,Macaco de garrafa profissional,<p>Certificado TUV / GS&nbsp;</p><p>Cor:&nbsp; amarelo / azul</p><p>Material: aço</p><p>Embalagem: box</p><p>Cada caixa exterior contém: 4 unidades</p><p>Quantidade mínima de compra 1 unidades</p><p>Preço especial na compra de quantidades maiores</p><p>&nbsp;</p>,55dd72_08d531dd96674a1db32fa138686131c1~mv2.jpg;55dd72_f35a0c839cc84d7fa9610e1f468e9c99~mv2.jpg,Oficina Mecânica,,,7.99,,FALSE,PERCENT,0,InStock,,,Medidas,DROP_DOWN,2 TON- 540118;10 TON - 540121;12 TON - 540129;15 TON - 540130;20 TON - 540122,,,,,,,,,,,,,,,,INFORMAÇÕES DO PRODUTO,"<p>ELECTMAN</p>
",ENCOMENDA,"<p>O preço apresentado é referente a uma unidade. O valor total será calculado após envio da encomenda, estando&nbsp; dependente da quantidade mínima obrigatória. <span><span>Preços válidos salvo ruptura de stock, erro tipográfico ou fotográfico.</span></span></p>
",,,,,,,,,,,,,,,TOURO,110012,General Tools,Tools for The Workshop and Garage\General Tools,2025-06-27T13:51:14.664437
product_cf61d2ff-c63a-64a4-7473-0041632fe4d1,Variant,,,,,,,,8,TRUE,,,InStock,,,,,10 TON - 540121,,,,,,,,,,,,,,,,,,,,,,,,,,,,,,,,,,,,,,
product_cf61d2ff-c63a-64a4-7473-0041632fe4d1,Variant,,,,,,,,19,TRUE,,,InStock,,,,,20 TON - 540122,,,,,,,,,,,,,,,,,,,,,,,,,,,,,,,,,,,,,,
product_cf61d2ff-c63a-64a4-7473-0041632fe4d1,Variant,,,,,,,,11,TRUE,,,InStock,,,,,12 TON - 540129,,,,,,,,,,,,,,,,,,,,,,,,,,,,,,,,,,,,,,
product_cf61d2ff-c63a-64a4-7473-0041632fe4d1,Variant,,,,,,,,14.51,TRUE,,,InStock,,,,,15 TON - 540130,,,,,,,,,,,,,,,,,,,,,,,,,,,,,,,,,,,,,,
product_cf61d2ff-c63a-64a4-7473-0041632fe4d1,Variant,,,,,,,,,TRUE,,,InStock,,,,,2 TON- 540118,,,,,,,,,,,,,,,,,,,,,,,,,,,,,,,,,,,,,,
product_4065c111-6b3d-009d-1fbe-77b2a0ce0db9,Product,Aparelho diferêncial  Garibaldo em aço tratado de alta resistência,<p>Cor:&nbsp; Cinza</p><p>Material: aço</p><p>Embalagem: Cx Colorida</p><p>Cada caixa exterior contém: 2 unidades</p><p>Quantidade mínima de compra 1 unidades</p><p>Preço especial na compra de quantidades maiores</p><p>&nbsp;</p>,55dd72_2ade4fa3211e4289b5a6f8bff0adc42e~mv2.jpg,Oficina Mecânica,,,39.99,,TRUE,PERCENT,0,InStock,,,Medidas,DROP_DOWN,1 TON - 020100;2 TON - 020104;3 TON - 020105,,,,,,,,,,,,,,,,INFORMAÇÕES DO PRODUTO,"<p>Hardman</p>
",ENCOMENDA,"<p>O preço apresentado é referente a uma unidade. O valor total será calculado após envio da encomenda, estando&nbsp; dependente da quantidade mínima obrigatória. <span><span>Preços válidos salvo ruptura de stock, erro tipográfico ou fotográfico.</span></span></p>
",,,,,,,,,,,,,,,TOURO,110012,General Tools,Tools for The Workshop and Garage\General Tools,2025-06-27T13:51:14.664521
product_4065c111-6b3d-009d-1fbe-77b2a0ce0db9,Variant,,,,,,,,7,TRUE,,,InStock,,,,,2 TON - 020104,,,,,,,,,,,,,,,,,,,,,,,,,,,,,,,,,,,,,,
product_4065c111-6b3d-009d-1fbe-77b2a0ce0db9,Variant,,,,,,,,9,TRUE,,,InStock,,,,,3 TON - 020105,,,,,,,,,,,,,,,,,,,,,,,,,,,,,,,,,,,,,,
product_4065c111-6b3d-009d-1fbe-77b2a0ce0db9,Variant,,,,,,,,,TRUE,,,InStock,,,,,1 TON - 020100,,,,,,,,,,,,,,,,,,,,,,,,,,,,,,,,,,,,,,
",ENCOMENDA,"<p>O preço apresentado é referente a uma unidade. O valor total será calculado após envio da encomenda, estando&nbsp; dependente da quantidade mínima obrigatória. <span><span>Preços válidos salvo ruptura de stock, erro tipográfico ou fotográfico.</span></span></p>
",,,,,,,,,,,,,,,TOURO,110012,General Tools,Tools for The Workshop and Garage\General Tools,2025-06-27T13:51:14.664584
product_0a933d72-a374-3f16-8667-782c81959608,Product,"Serrote tubular 10-12"" para corte de metal",<p>Cor:&nbsp; Vermelho / cinza</p><p>Material: ferro / plástico</p><p>Embalagem: bag</p><p>Cada caixa exterior contém: 120 unidades</p><p>Quantidade mínima de compra 12 unidades</p><p>Preço especial na compra de quantidades maiores</p><p>&nbsp;</p>,55dd72_0d58b188654740df95fe9433d00b2b6e~mv2.jpg,Oficina Mecânica,,,1.99,,TRUE,PERCENT,0,InStock,,,Medidas,DROP_DOWN,"10-12"" - 760302",,,,,,,,,,,,,,,,INFORMAÇÕES DO PRODUTO,"<p>ELECTMAN</p>
",ENCOMENDA,"<p>O preço apresentado é referente a uma unidade. O valor total será calculado após envio da encomenda, estando&nbsp; dependente da quantidade mínima obrigatória. <span><span>Preços válidos salvo ruptura de stock, erro tipográfico ou fotográfico.</span></span></p>
",,,,,,,,,,,,,,,TOURO,110012,General Tools,Tools for The Workshop and Garage\General Tools,2025-06-27T13:51:14.664642
product_0a933d72-a374-3f16-8667-782c81959608,Variant,,,,,,,,,TRUE,,,InStock,,,,,"10-12"" - 760302",,,,,,,,,,,,,,,,,,,,,,,,,,,,,,,,,,,,,,
product_1bd7a19b-eede-a1b2-627b-d046d1d939d1,Product,Brocas H.S.S. -Conj. 5pcs - DIN 338,<p>Cor:&nbsp; Preto</p><p>Material: Aço</p><p>Embalagem: bag</p><p>Cada caixa exterior contém: 10 unidades</p><p>Quantidade mínima de compra 1 unidades</p><p>Preço especial na compra de quantidades maiores</p><p>&nbsp;</p>,55dd72_fedf145a244e47e193ddc1ebb16ea77f~mv2.jpg,Oficina Mecânica,,,0,,FALSE,PERCENT,0,InStock,,,Medidas,DROP_DOWN,14MM - 511855;15MM - 511856;16MM - 511857,,,,,,,,,,,,,,,,INFORMAÇÕES DO PRODUTO,"<p>ELECTMAN</p>
",ENCOMENDA,"<p>O preço apresentado é referente a uma unidade. O valor total será calculado após envio da encomenda, estando&nbsp; dependente da quantidade mínima obrigatória. <span><span>Preços válidos salvo ruptura de stock, erro tipográfico ou fotográfico.</span></span></p>
",,,,,,,,,,,,,,,TOURO,110012,General Tools,Tools for The Workshop and Garage\General Tools,2025-06-27T13:51:14.664680
product_1bd7a19b-eede-a1b2-627b-d046d1d939d1,Variant,,,,,,,,7,TRUE,,,InStock,,,,,16MM - 511857,,,,,,,,,,,,,,,,,,,,,,,,,,,,,,,,,,,,,,
product_1bd7a19b-eede-a1b2-627b-d046d1d939d1,Variant,,,,,,,,6,TRUE,,,InStock,,,,,15MM - 511856,,,,,,,,,,,,,,,,,,,,,,,,,,,,,,,,,,,,,,
product_1bd7a19b-eede-a1b2-627b-d046d1d939d1,Variant,,,,,,,,5,TRUE,,,InStock,,,,,14MM - 511855,,,,,,,,,,,,,,,,,,,,,,,,,,,,,,,,,,,,,,
product_4822a753-79aa-822e-e069-670c9db3a81b,Product,Busca polos 19cms T/SDS  profissional transparente,<p>Cor:&nbsp; transparente / vermelho</p><p>Material: Cobre/plástico</p><p>Embalagem: bag</p><p>Cada caixa exterior contém: 200 unidades</p><p>Quantidade mínima de compra 40 unidades</p><p>Preço especial na compra de quantidades maiores</p><p>&nbsp;</p>,55dd72_5644c6dabe3a4832829e3d8c16519ea8~mv2.jpg,Eletricidade,,,0.85,,TRUE,PERCENT,0,InStock,,,Medidas,DROP_DOWN,110-250v - 130107,,,,,,,,,,,,,,,,INFORMAÇÕES DO PRODUTO,"<p>ELECTMAN</p>
",ENCOMENDA,"<p>O preço apresentado é referente a uma unidade. O valor total será calculado após envio da encomenda, estando&nbsp; dependente da quantidade mínima obrigatória. <span><span>Preços válidos salvo ruptura de stock, erro tipográfico ou fotográfico.</span></span></p>
",,,,,,,,,,,,,,,TOURO,110012,General Tools,Tools for The Workshop and Garage\General Tools,2025-06-27T13:51:14.664740
product_4822a753-79aa-822e-e069-670c9db3a81b,Variant,,,,,,,,,TRUE,,,InStock,,,,,110-250v - 130107,,,,,,,,,,,,,,,,,,,,,,,,,,,,,,,,,,,,,,
product_381c7c95-2dca-fb09-dd92-eb69de68bd2d,Product,Cola Termofusível 1kg,<p>Cor:&nbsp; transparente</p><p>Material: borracha</p><p>Embalagem: bag</p><p>Cada caixa exterior contém: 25 unidades</p><p>Quantidade mínima de compra 5 unidades</p><p>Preço especial na compra de quantidades maiores</p><p>&nbsp;</p>,55dd72_5865393d036e46948a57e5e6e2ec8734~mv2.jpg,Eletricidade,,,3.99,,TRUE,PERCENT,0,InStock,,,Medidas,DROP_DOWN,160101 - Transparente;160102 - Branco Transparente;160103 - Branco Opaco,,,,,,,,,,,,,,,,INFORMAÇÕES DO PRODUTO,"<p>ELECTMAN</p>
",ENCOMENDA,"<p>O preço apresentado é referente a uma unidade. O valor total será calculado após envio da encomenda, estando&nbsp; dependente da quantidade mínima obrigatória. <span><span>Preços válidos salvo ruptura de stock, erro tipográfico ou fotográfico.</span></span></p>
",,,,,,,,,,,,,,,TOURO,110012,General Tools,Tools for The Workshop and Garage\General Tools,2025-06-27T13:51:14.664859
product_381c7c95-2dca-fb09-dd92-eb69de68bd2d,Variant,,,,,,,,0.74,TRUE,,,InStock,,,,,160101 - Transparente,,,,,,,,,,,,,,,,,,,,,,,,,,,,,,,,,,,,,,
product_381c7c95-2dca-fb09-dd92-eb69de68bd2d,Variant,,,,,,,,0.25,TRUE,,,InStock,,,,,160103 - Branco Opaco,,,,,,,,,,,,,,,,,,,,,,,,,,,,,,,,,,,,,,
product_381c7c95-2dca-fb09-dd92-eb69de68bd2d,Variant,,,,,,,,,TRUE,,,InStock,,,,,160102 - Branco Transparente,,,,,,,,,,,,,,,,,,,,,,,,,,,,,,,,,,,,,,
product_f5c89b99-f46d-d4c0-4da2-cf49d65cd38a,Product,Ficha tripla em T com proteção,<p>Cor:&nbsp; branco</p><p>Material: cobre / plástico</p><p>Embalagem: bag</p><p>Cada caixa exterior contém: 100 unidades</p><p>Quantidade mínima de compra 20 unidades</p><p>Preço especial na compra de quantidades maiores</p><p>&nbsp;</p>,55dd72_b6632d7a3fa64f33b74aed6e85367969~mv2.jpg,Eletricidade,,,1.49,,FALSE,PERCENT,0,InStock,,,Medidas,DROP_DOWN,150252,,,,,,,,,,,,,,,,INFORMAÇÕES DO PRODUTO,"<p>ELECTMAN</p>
",ENCOMENDA,"<p>O preço apresentado é referente a uma unidade. O valor total será calculado após envio da encomenda, estando&nbsp; dependente da quantidade mínima obrigatória. <span><span>Preços válidos salvo ruptura de stock, erro tipográfico ou fotográfico.</span></span></p>
",,,,,,,,,,,,,,,TOURO,110012,General Tools,Tools for The Workshop and Garage\General Tools,2025-06-27T13:51:14.664936
product_f5c89b99-f46d-d4c0-4da2-cf49d65cd38a,Variant,,,,,,,,,FALSE,,,InStock,,,,,150252,,,,,,,,,,,,,,,,,,,,,,,,,,,,,,,,,,,,,,
product_aab618be-6750-a99d-ce3e-93af45219da8,Product,Ficha com interruptor simples,<p>Cor:&nbsp; branco</p><p>Material: cobre / plástico</p><p>Embalagem: bag</p><p>Cada caixa exterior contém: 100 unidades</p><p>Quantidade mínima de compra 20 unidades</p><p>Preço especial na compra de quantidades maiores</p><p>&nbsp;</p>,55dd72_d9ed6c99e11d4b8ba3f67d747d595fd6~mv2.jpg,Eletricidade,,,1.39,,FALSE,PERCENT,0,InStock,,,Medidas,DROP_DOWN,1 entrada - 150299,,,,,,,,,,,,,,,,INFORMAÇÕES DO PRODUTO,"<p>ELECTMAN</p>
",ENCOMENDA,"<p>O preço apresentado é referente a uma unidade. O valor total será calculado após envio da encomenda, estando&nbsp; dependente da quantidade mínima obrigatória. <span><span>Preços válidos salvo ruptura de stock, erro tipográfico ou fotográfico.</span></span></p>
",,,,,,,,,,,,,,,TOURO,110012,General Tools,Tools for The Workshop and Garage\General Tools,2025-06-27T13:51:14.664975
product_aab618be-6750-a99d-ce3e-93af45219da8,Variant,,,,,,,,,FALSE,,,InStock,,,,,1 entrada - 150299,,,,,,,,,,,,,,,,,,,,,,,,,,,,,,,,,,,,,,
product_815492b8-9c0a-ae4f-4595-9570751548d3,Product,Ficha tripla Rectângular,<p>Cor:&nbsp; branco</p><p>Material: cobre / plástico</p><p>Embalagem: bag</p><p>Cada caixa exterior contém: 100 unidades</p><p>Quantidade mínima de compra 20 unidades</p><p>Preço especial na compra de quantidades maiores</p><p>&nbsp;</p>,55dd72_8042fbab5e6647eb8ce1fb58853aea1a~mv2.jpg,Eletricidade,,,1.65,,FALSE,PERCENT,0,InStock,,,Medidas,DROP_DOWN,3 entradas - 150260,,,,,,,,,,,,,,,,INFORMAÇÕES DO PRODUTO,"<p>ELECTMAN</p>
",ENCOMENDA,"<p>O preço apresentado é referente a uma unidade. O valor total será calculado após envio da encomenda, estando&nbsp; dependente da quantidade mínima obrigatória. <span><span>Preços válidos salvo ruptura de stock, erro tipográfico ou fotográfico.</span></span></p>
",,,,,,,,,,,,,,,TOURO,110012,General Tools,Tools for The Workshop and Garage\General Tools,2025-06-27T13:51:14.665014
product_815492b8-9c0a-ae4f-4595-9570751548d3,Variant,,,,,,,,,FALSE,,,InStock,,,,,3 entradas - 150260,,,,,,,,,,,,,,,,,,,,,,,,,,,,,,,,,,,,,,
product_17245bf0-ec01-dcf1-584a-376bc02c318e,Product,Interruptor estanque para exterior,<p>Cor:&nbsp; branco/cinza</p><p>Material: cobre / borracha</p><p>Embalagem: bag</p><p>Cada caixa exterior contém: 40 unidades</p><p>Quantidade mínima de compra 20 unidades</p><p>Preço especial na compra de quantidades maiores</p><p>&nbsp;</p>,55dd72_887b7a3f8c874b9188a5f98e6434f700~mv2.jpg;55dd72_8e6a3382175848bda990776bdfd21c20~mv2.jpg,Eletricidade,,,1.59,,FALSE,PERCENT,0,InStock,,,Medidas,DROP_DOWN,Unipolar - 150256;Comutador - 150258,,,,,,,,,,,,,,,,INFORMAÇÕES DO PRODUTO,"<p>ELECTMAN</p>
",ENCOMENDA,"<p>O preço apresentado é referente a uma unidade. O valor total será calculado após envio da encomenda, estando&nbsp; dependente da quantidade mínima obrigatória. <span><span>Preços válidos salvo ruptura de stock, erro tipográfico ou fotográfico.</span></span></p>
",,,,,,,,,,,,,,,TOURO,110012,General Tools,Tools for The Workshop and Garage\General Tools,2025-06-27T13:51:14.665052
product_17245bf0-ec01-dcf1-584a-376bc02c318e,Variant,,,,,,,,,FALSE,,,InStock,,,,,Unipolar - 150256,,,,,,,,,,,,,,,,,,,,,,,,,,,,,,,,,,,,,,
product_17245bf0-ec01-dcf1-584a-376bc02c318e,Variant,,,,,,,,,FALSE,,,InStock,,,,,Comutador - 150258,,,,,,,,,,,,,,,,,,,,,,,,,,,,,,,,,,,,,,
product_f62d4cac-0bb2-4051-79a8-609d0936cc7a,Product,Ficha branca PLST tipo SHUKO,<p>Cor:&nbsp; branco</p><p>Material: cobre / borracha</p><p>Embalagem: bag</p><p>Cada caixa exterior contém: 400 unidades</p><p>Quantidade mínima de compra 20 unidades</p><p>Preço especial na compra de quantidades maiores</p><p>&nbsp;</p>,55dd72_64850947d1dd42b68adbfaa8b8b3510e~mv2.jpg,Eletricidade,,,0.55,,TRUE,PERCENT,0,InStock,,,Medidas,DROP_DOWN,Macho - 150247;Femea - 150246,,,,,,,,,,,,,,,,INFORMAÇÕES DO PRODUTO,"<p>ELECTMAN</p>
",ENCOMENDA,"<p>O preço apresentado é referente a uma unidade. O valor total será calculado após envio da encomenda, estando&nbsp; dependente da quantidade mínima obrigatória. <span><span>Preços válidos salvo ruptura de stock, erro tipográfico ou fotográfico.</span></span></p>
",,,,,,,,,,,,,,,TOURO,110012,General Tools,Tools for The Workshop and Garage\General Tools,2025-06-27T13:51:14.665118
product_f62d4cac-0bb2-4051-79a8-609d0936cc7a,Variant,,,,,,,,,TRUE,,,InStock,,,,,Macho - 150247,,,,,,,,,,,,,,,,,,,,,,,,,,,,,,,,,,,,,,
product_f62d4cac-0bb2-4051-79a8-609d0936cc7a,Variant,,,,,,,,,TRUE,,,InStock,,,,,Femea - 150246,,,,,,,,,,,,,,,,,,,,,,,,,,,,,,,,,,,,,,
product_272809c4-9f25-a36b-6f5a-a56973efa728,Product,Ficha preta PLST tipo SHUKO,<p>Cor:&nbsp; preto</p><p>Material: cobre / borracha</p><p>Embalagem: bag</p><p>Cada caixa exterior contém: 400 unidades</p><p>Quantidade mínima de compra 20 unidades</p><p>Preço especial na compra de quantidades maiores</p><p>&nbsp;</p>,55dd72_39c41b4946684bba8dd9da947ff04a8d~mv2.jpg;55dd72_1151cc1220b94ed78e76f7541c00899e~mv2.jpg,Eletricidade,,,0.55,,TRUE,PERCENT,0,InStock,,,Medidas,DROP_DOWN,Macho - 150254;Femea - 150255,,,,,,,,,,,,,,,,INFORMAÇÕES DO PRODUTO,"<p>ELECTMAN</p>
",ENCOMENDA,"<p>O preço apresentado é referente a uma unidade. O valor total será calculado após envio da encomenda, estando&nbsp; dependente da quantidade mínima obrigatória. <span><span>Preços válidos salvo ruptura de stock, erro tipográfico ou fotográfico.</span></span></p>
",,,,,,,,,,,,,,,TOURO,110012,General Tools,Tools for The Workshop and Garage\General Tools,2025-06-27T13:51:14.665168
product_272809c4-9f25-a36b-6f5a-a56973efa728,Variant,,,,,,,,,TRUE,,,InStock,,,,,Macho - 150254,,,,,,,,,,,,,,,,,,,,,,,,,,,,,,,,,,,,,,
product_272809c4-9f25-a36b-6f5a-a56973efa728,Variant,,,,,,,,,TRUE,,,InStock,,,,,Femea - 150255,,,,,,,,,,,,,,,,,,,,,,,,,,,,,,,,,,,,,,
product_82a7f89f-8f8e-d2bf-797e-fb6a97baa7a3,Product,Cabo de bateria 600A profissional - 4 metros,<p>Cor:&nbsp; vermelho e preto</p><p>Material: cobre / metal / borracha</p><p>Embalagem: bag</p><p>Cada caixa exterior contém: 20 unidades</p><p>Quantidade mínima de compra 5 unidades</p><p>Preço especial na compra de quantidades maiores</p><p>&nbsp;</p>,55dd72_df481899ca4a414bac209a927332232e~mv2.jpg,Eletricidade,,,10.99,,TRUE,PERCENT,0,InStock,,,Medidas,DROP_DOWN,600AMP - 150212,,,,,,,,,,,,,,,,INFORMAÇÕES DO PRODUTO,"<p>ELECTMAN</p>
",ENCOMENDA,"<p>O preço apresentado é referente a uma unidade. O valor total será calculado após envio da encomenda, estando&nbsp; dependente da quantidade mínima obrigatória. <span><span>Preços válidos salvo ruptura de stock, erro tipográfico ou fotográfico.</span></span></p>
",,,,,,,,,,,,,,,TOURO,110010,Cables and Extensions,Tools for Electricians\Cables and Extensions,2025-06-27T13:51:14.665309
product_82a7f89f-8f8e-d2bf-797e-fb6a97baa7a3,Variant,,,,,,,,,TRUE,,,InStock,,,,,600AMP - 150212,,,,,,,,,,,,,,,,,,,,,,,,,,,,,,,,,,,,,,
product_134e9aa5-8eaa-2d51-a6f2-ad57cce35cbc,Product,Luz LED de presença 1W com interruptor,<p>Cor:&nbsp; branco</p><p>Material: plástico</p><p>Embalagem: blister</p><p>Cada caixa exterior contém: 120 unidades</p><p>Quantidade mínima de compra 24 unidades</p><p>Preço especial na compra de quantidades maiores</p><p>&nbsp;</p>,55dd72_b9734d633000432d88a6a50296752a9c~mv2.jpg,Eletricidade,,,0.9,,FALSE,PERCENT,0,InStock,,,Medidas,DROP_DOWN,1W - 900124,,,,,,,,,,,,,,,,INFORMAÇÕES DO PRODUTO,"<p>ELECTMAN</p>
",ENCOMENDA,"<p>O preço apresentado é referente a uma unidade. O valor total será calculado após envio da encomenda, estando&nbsp; dependente da quantidade mínima obrigatória. <span><span>Preços válidos salvo ruptura de stock, erro tipográfico ou fotográfico.</span></span></p>
",,,,,,,,,,,,,,,TOURO,110012,General Tools,Tools for The Workshop and Garage\General Tools,2025-06-27T13:51:14.665352
product_134e9aa5-8eaa-2d51-a6f2-ad57cce35cbc,Variant,,,,,,,,,FALSE,,,InStock,,,,,1W - 900124,,,,,,,,,,,,,,,,,,,,,,,,,,,,,,,,,,,,,,
product_bd9079e6-8190-bc65-82e9-adcfba4d38b7,Product,Fio de nylon para aparador de relva - 15 metros,<p>Cor:&nbsp; verde</p><p>Material: fibra</p><p>Embalagem: blister</p><p>Cada caixa exterior contém: 60 unidades</p><p>Quantidade mínima de compra 10 unidades</p><p>Preço especial na compra de quantidades maiores</p><p>&nbsp;</p>,55dd72_3c59b4c1572a4feeab4943499f4dd32a~mv2.jpg,Jardim,,,1.01,,FALSE,PERCENT,0,InStock,,,Medidas,DROP_DOWN,Redondo 2.6mm - 240222;Quadrado 2.4mm - 240227;Quadrado 2.6mm - 240228;Quadrado 3mm - 240229,,,,,,,,,,,,,,,,INFORMAÇÕES DO PRODUTO,"<p>GARDMAN</p>
",ENCOMENDA,"<p>O preço apresentado é referente a uma unidade. O valor total será calculado após envio da encomenda, estando&nbsp; dependente da quantidade mínima obrigatória. <span><span>Preços válidos salvo ruptura de stock, erro tipográfico ou fotográfico.</span></span></p>
",,,,,,,,,,,,,,,TOURO,110012,General Tools,Tools for The Workshop and Garage\General Tools,2025-06-27T13:51:14.665393
product_bd9079e6-8190-bc65-82e9-adcfba4d38b7,Variant,,,,,,,,,TRUE,,,InStock,,,,,Redondo 2.6mm - 240222,,,,,,,,,,,,,,,,,,,,,,,,,,,,,,,,,,,,,,
product_bd9079e6-8190-bc65-82e9-adcfba4d38b7,Variant,,,,,,,,0.59,TRUE,,,InStock,,,,,Quadrado 3mm - 240229,,,,,,,,,,,,,,,,,,,,,,,,,,,,,,,,,,,,,,
product_bd9079e6-8190-bc65-82e9-adcfba4d38b7,Variant,,,,,,,,0.34,TRUE,,,InStock,,,,,Quadrado 2.6mm - 240228,,,,,,,,,,,,,,,,,,,,,,,,,,,,,,,,,,,,,,
product_bd9079e6-8190-bc65-82e9-adcfba4d38b7,Variant,,,,,,,,0.19,TRUE,,,InStock,,,,,Quadrado 2.4mm - 240227,,,,,,,,,,,,,,,,,,,,,,,,,,,,,,,,,,,,,,
product_2ca6bc81-149c-9846-e0af-24b38a0ec92e,Product,Tesourão de poda curvo telescópico extensível,<p>Cor:&nbsp; laranja</p><p>Material: metal / borracha</p><p>Embalagem: stiker</p><p>Cada caixa exterior contém: 12 unidades</p><p>Quantidade mínima de compra 4 unidades</p><p>Preço especial na compra de quantidades maiores</p><p>&nbsp;</p>,55dd72_d264f50b69ab4219a0da93c5912fc1eb~mv2.jpg,Jardim,,,0,,FALSE,PERCENT,0,InStock,,,Medidas,DROP_DOWN,66-99cm - 790410,,,,,,,,,,,,,,,,INFORMAÇÕES DO PRODUTO,"<p>GARDMAN</p>
",ENCOMENDA,"<p>O preço apresentado é referente a uma unidade. O valor total será calculado após envio da encomenda, estando&nbsp; dependente da quantidade mínima obrigatória. <span><span>Preços válidos salvo ruptura de stock, erro tipográfico ou fotográfico.</span></span></p>
",,,,,,,,,,,,,,,TOURO,110012,General Tools,Tools for The Workshop and Garage\General Tools,2025-06-27T13:51:14.665464
product_2ca6bc81-149c-9846-e0af-24b38a0ec92e,Variant,,,,,,,,,FALSE,,,InStock,,,,,66-99cm - 790410,,,,,,,,,,,,,,,,,,,,,,,,,,,,,,,,,,,,,,
product_aa073a1b-2dd1-1379-cf83-227c1e9bed20,Product,Tesourão poda profissional extensível,<p>Cor:&nbsp; Verde</p><p>Material: metal / borracha</p><p>Embalagem: stiker</p><p>Cada caixa exterior contém: 12 unidades</p><p>Quantidade mínima de compra 4 unidades</p><p>Preço especial na compra de quantidades maiores</p><p>&nbsp;</p>,55dd72_9a5f9aee76d949d4b35ed6465682789f~mv2.jpg,Jardim,,,0,,FALSE,PERCENT,0,InStock,,,Medidas,DROP_DOWN,67-98cm - 790432,,,,,,,,,,,,,,,,INFORMAÇÕES DO PRODUTO,"<p>GARDMAN</p>
",ENCOMENDA,"<p>O preço apresentado é referente a uma unidade. O valor total será calculado após envio da encomenda, estando&nbsp; dependente da quantidade mínima obrigatória. <span><span>Preços válidos salvo ruptura de stock, erro tipográfico ou fotográfico.</span></span></p>
",,,,,,,,,,,,,,,TOURO,110012,General Tools,Tools for The Workshop and Garage\General Tools,2025-06-27T13:51:14.665553
product_aa073a1b-2dd1-1379-cf83-227c1e9bed20,Variant,,,,,,,,,FALSE,,,InStock,,,,,67-98cm - 790432,,,,,,,,,,,,,,,,,,,,,,,,,,,,,,,,,,,,,,
product_9d6aa058-950e-6844-e222-ae720737ac43,Product,"Tesoura de cortar sebes 23"" com lâmina ondulada 64 cm",<p>Cor:&nbsp; Vermelho/cinza</p><p>Material: metal</p><p>Embalagem:&nbsp; Avulso com autocolante codigo barras e proteção plastica na Lamina</p><p>Cada caixa exterior contém: 24 unidades</p><p>Quantidade mínima de compra 6 unidades</p><p>Preço especial na compra de quantidades maiores</p><p>&nbsp;</p>,55dd72_0f8736916f704401b9f5afb0fd14c6bf~mv2.jpg,Jardim,,,5.75,,TRUE,PERCENT,0,InStock,,,Medidas,DROP_DOWN,64cm - 790705,,,,,,,,,,,,,,,,INFORMAÇÕES DO PRODUTO,"<p>GARDMAN</p>
",ENCOMENDA,"<p>O preço apresentado é referente a uma unidade. O valor total será calculado após envio da encomenda, estando&nbsp; dependente da quantidade mínima obrigatória. <span><span>Preços válidos salvo ruptura de stock, erro tipográfico ou fotográfico.</span></span></p>
",,,,,,,,,,,,,,,TOURO,110012,General Tools,Tools for The Workshop and Garage\General Tools,2025-06-27T13:51:14.665615
product_9d6aa058-950e-6844-e222-ae720737ac43,Variant,,,,,,,,,TRUE,,,InStock,,,,,64cm - 790705,,,,,,,,,,,,,,,,,,,,,,,,,,,,,,,,,,,,,,
product_1c58d567-6f70-3e5d-9882-d7ea04e7585f,Product,Serrote  de poda no AR com lâmina,<p>Cor:&nbsp; Vermelho/cinza</p><p>Material: metal</p><p>Embalagem: blister</p><p>Cada caixa exterior contém: 24 unidades</p><p>Quantidade mínima de compra 6 unidades</p><p>Preço especial na compra de quantidades maiores</p><p>&nbsp;</p>,55dd72_e17587df47ae49e4b3a0ca8bdbe157ca~mv2.jpg,Jardim,,,6.99,,TRUE,PERCENT,0,InStock,,,Medidas,DROP_DOWN,760313,,,,,,,,,,,,,,,,INFORMAÇÕES DO PRODUTO,"<p>GARDMAN</p>
",ENCOMENDA,"<p>O preço apresentado é referente a uma unidade. O valor total será calculado após envio da encomenda, estando&nbsp; dependente da quantidade mínima obrigatória. <span><span>Preços válidos salvo ruptura de stock, erro tipográfico ou fotográfico.</span></span></p>
",,,,,,,,,,,,,,,TOURO,110012,General Tools,Tools for The Workshop and Garage\General Tools,2025-06-27T13:51:14.665708
product_1c58d567-6f70-3e5d-9882-d7ea04e7585f,Variant,,,,,,,,,TRUE,,,InStock,,,,,760313,,,,,,,,,,,,,,,,,,,,,,,,,,,,,,,,,,,,,,
product_cee5daa8-c69c-2c33-a0d6-b94e5c7ef6e2,Product,"Cabo extensível para serrote de poda ""AR""",<p>Cor:&nbsp; verde</p><p>Material: metal / borracha</p><p>Embalagem: avulso</p><p>Cada caixa exterior contém: 24 unidades</p><p>Quantidade mínima de compra 6 unidades</p><p>Preço especial na compra de quantidades maiores</p><p>&nbsp;</p>,55dd72_104b9af03ea0481fa21485412f0ab7a6~mv2.jpg,Jardim,,,3.99,,TRUE,PERCENT,0,InStock,,,Medidas,DROP_DOWN,"96"" - 040102",,,,,,,,,,,,,,,,INFORMAÇÕES DO PRODUTO,"<p>GARDMAN</p>
",ENCOMENDA,"<p>O preço apresentado é referente a uma unidade. O valor total será calculado após envio da encomenda, estando&nbsp; dependente da quantidade mínima obrigatória. <span><span>Preços válidos salvo ruptura de stock, erro tipográfico ou fotográfico.</span></span></p>
",,,,,,,,,,,,,,,TOURO,110010,Cables and Extensions,Tools for Electricians\Cables and Extensions,2025-06-27T13:51:14.665755
product_cee5daa8-c69c-2c33-a0d6-b94e5c7ef6e2,Variant,,,,,,,,,TRUE,,,InStock,,,,,"96"" - 040102",,,,,,,,,,,,,,,,,,,,,,,,,,,,,,,,,,,,,,
product_23d08cf3-89de-9722-8815-817a0d0cb7ae,Product,Serrote de poda pequeno dobrável,<p>Cor:&nbsp; laranja / cinza</p><p>Material: metal / borracha</p><p>Embalagem: blister - vem com bolsa de nylon</p><p>Cada caixa exterior contém: 60 unidades</p><p>Quantidade mínima de compra 6 unidades</p><p>Preço especial na compra de quantidades maiores</p><p>&nbsp;</p>,55dd72_20bde000d8ce4a1d8558dbeeac1f4811~mv2.jpg,Jardim,,,2.4,,FALSE,PERCENT,0,InStock,,,Medidas,DROP_DOWN,"7 1/2"" - 760312",,,,,,,,,,,,,,,,INFORMAÇÕES DO PRODUTO,"<p>GARDMAN</p>
",ENCOMENDA,"<p>O preço apresentado é referente a uma unidade. O valor total será calculado após envio da encomenda, estando&nbsp; dependente da quantidade mínima obrigatória. <span><span>Preços válidos salvo ruptura de stock, erro tipográfico ou fotográfico.</span></span></p>
",,,,,,,,,,,,,,,TOURO,110012,General Tools,Tools for The Workshop and Garage\General Tools,2025-06-27T13:51:14.665796
product_23d08cf3-89de-9722-8815-817a0d0cb7ae,Variant,,,,,,,,,FALSE,,,InStock,,,,,"7 1/2"" - 760312",,,,,,,,,,,,,,,,,,,,,,,,,,,,,,,,,,,,,,
product_908ba8b2-7e23-a62f-32a7-98a3f8a6fc80,Product,Tesoura vindima profissional cabo borracha,<p>Cor:&nbsp; laranja / cinza</p><p>Material: metal</p><p>Embalagem: blister</p><p>Cada caixa exterior contém: 60 unidades</p><p>Quantidade mínima de compra 6 unidades</p><p>Preço especial na compra de quantidades maiores</p><p>&nbsp;</p>,55dd72_c58f12f339ac4cb9a178f76f1b89ca12~mv2.jpg,Jardim,,,3.45,,FALSE,PERCENT,0,InStock,,,Medidas,DROP_DOWN,prof - 790425,,,,,,,,,,,,,,,,INFORMAÇÕES DO PRODUTO,"<p>GARDMAN</p>
",ENCOMENDA,"<p>O preço apresentado é referente a uma unidade. O valor total será calculado após envio da encomenda, estando&nbsp; dependente da quantidade mínima obrigatória. <span><span>Preços válidos salvo ruptura de stock, erro tipográfico ou fotográfico.</span></span></p>
",,,,,,,,,,,,,,,Gardman,110010,Cables and Extensions,Tools for Electricians\Cables and Extensions,2025-06-27T13:51:14.665834
product_908ba8b2-7e23-a62f-32a7-98a3f8a6fc80,Variant,,,,,,,,,FALSE,,,InStock,,,,,prof - 790425,,,,,,,,,,,,,,,,,,,,,,,,,,,,,,,,,,,,,,
product_0e5500ba-1e8c-8a72-84ff-88464dfa918a,Product,Tesoura poda tipo Nacional,<p>Cor:&nbsp; laranja</p><p>Material: metal</p><p>Embalagem: blister</p><p>Cada caixa exterior contém: 60 unidades</p><p>Quantidade mínima de compra 12 unidades</p><p>Preço especial na compra de quantidades maiores</p><p>&nbsp;</p>,55dd72_8c104559e6c34f3785c5588ac7aa5d3e~mv2.jpg,Jardim,,,3.99,,FALSE,PERCENT,0,InStock,,,Medidas,DROP_DOWN,230mm - 790427;240mm - 790428,,,,,,,,,,,,,,,,INFORMAÇÕES DO PRODUTO,"<p>GARDMAN</p>
",ENCOMENDA,"<p>O preço apresentado é referente a uma unidade. O valor total será calculado após envio da encomenda, estando&nbsp; dependente da quantidade mínima obrigatória. <span><span>Preços válidos salvo ruptura de stock, erro tipográfico ou fotográfico.</span></span></p>
",,,,,,,,,,,,,,,TOURO,110012,General Tools,Tools for The Workshop and Garage\General Tools,2025-06-27T13:51:14.665872
product_0e5500ba-1e8c-8a72-84ff-88464dfa918a,Variant,,,,,,,,,TRUE,,,InStock,,,,,240mm - 790428,,,,,,,,,,,,,,,,,,,,,,,,,,,,,,,,,,,,,,
product_0e5500ba-1e8c-8a72-84ff-88464dfa918a,Variant,,,,,,,,,TRUE,,,InStock,,,,,230mm - 790427,,,,,,,,,,,,,,,,,,,,,,,,,,,,,,,,,,,,,,
product_bbe3232a-8ed8-3b79-2ced-a635ce26a3ba,Product,Pulverizador com lança em fibra,<p>Cor:&nbsp; preto / verde</p><p>Material: fibra</p><p>Embalagem: caixa</p><p>Cada caixa exterior contém: 24 unidades</p><p>Quantidade mínima de compra 6 unidades</p><p>Preço especial na compra de quantidades maiores</p><p>&nbsp;</p>,55dd72_5c6c4fa2ab5142729e8cc8fda7906fd7~mv2.jpg,Jardim,,,8.99,,TRUE,PERCENT,0,InStock,,,Medidas,DROP_DOWN,5L - 670309;8L - 670312,,,,,,,,,,,,,,,,INFORMAÇÕES DO PRODUTO,"<p>GARDMAN</p>
",ENCOMENDA,"<p>O preço apresentado é referente a uma unidade. O valor total será calculado após envio da encomenda, estando&nbsp; dependente da quantidade mínima obrigatória. <span><span>Preços válidos salvo ruptura de stock, erro tipográfico ou fotográfico.</span></span></p>
",,,,,,,,,,,,,,,TOURO,110012,General Tools,Tools for The Workshop and Garage\General Tools,2025-06-27T13:51:14.665920
product_bbe3232a-8ed8-3b79-2ced-a635ce26a3ba,Variant,,,,,,,,,TRUE,,,InStock,,,,,5L - 670309,,,,,,,,,,,,,,,,,,,,,,,,,,,,,,,,,,,,,,
product_bbe3232a-8ed8-3b79-2ced-a635ce26a3ba,Variant,,,,,,,,1,TRUE,,,InStock,,,,,8L - 670312,,,,,,,,,,,,,,,,,,,,,,,,,,,,,,,,,,,,,,
product_a38d04fc-c536-c3c1-794a-56fc6d8d7b1e,Product,Pulverizador,<p>Cor:&nbsp; laranja / verde</p><p>Material: plástico</p><p>Embalagem: caixa</p><p>Cada caixa exterior contém: 40 unidades</p><p>Quantidade mínima de compra 10 unidades</p><p>Preço especial na compra de quantidades maiores</p><p>&nbsp;</p>,55dd72_d2f5204e7b664f819d59094f9df05bc9~mv2.jpg,Jardim,,,0,,FALSE,PERCENT,0,InStock,,,Medidas,DROP_DOWN,500ML - 670317,,,,,,,,,,,,,,,,INFORMAÇÕES DO PRODUTO,"<p>GARDMAN</p>
",ENCOMENDA,"<p>O preço apresentado é referente a uma unidade. O valor total será calculado após envio da encomenda, estando&nbsp; dependente da quantidade mínima obrigatória. <span><span>Preços válidos salvo ruptura de stock, erro tipográfico ou fotográfico.</span></span></p>
",,,,,,,,,,,,,,,TOURO,110012,General Tools,Tools for The Workshop and Garage\General Tools,2025-06-27T13:51:14.665967
product_a38d04fc-c536-c3c1-794a-56fc6d8d7b1e,Variant,,,,,,,,,FALSE,,,InStock,,,,,500ML - 670317,,,,,,,,,,,,,,,,,,,,,,,,,,,,,,,,,,,,,,
product_21cf03eb-757e-3f18-07a8-38993c25a45a,Product,Bateria GEL 8AH para pulverizador elétrico 16L,<p>Cor:&nbsp; preto</p><p>Material: Plástico</p><p>Embalagem: Caixa</p><p>Cada caixa exterior contém: 1 unidades</p><p>Quantidade mínima de compra 1 unidades</p><p>Preço especial na compra de quantidades maiores</p><p>&nbsp;</p>,55dd72_e4d5efb7e81c43da8b915116fe306d75~mv2.jpg,Jardim,,,13.99,,TRUE,PERCENT,0,InStock,,,Medidas,DROP_DOWN,8AH - 670340,,,,,,,,,,,,,,,,INFORMAÇÕES DO PRODUTO,"<p>GARDMAN</p>
",ENCOMENDA,"<p>O preço apresentado é referente a uma unidade. O valor total será calculado após envio da encomenda, estando&nbsp; dependente da quantidade mínima obrigatória. <span><span>Preços válidos salvo ruptura de stock, erro tipográfico ou fotográfico.</span></span></p>
",,,,,,,,,,,,,,,TOURO,110012,General Tools,Tools for The Workshop and Garage\General Tools,2025-06-27T13:51:14.666005
product_21cf03eb-757e-3f18-07a8-38993c25a45a,Variant,,,,,,,,,TRUE,,,InStock,,,,,8AH - 670340,,,,,,,,,,,,,,,,,,,,,,,,,,,,,,,,,,,,,,
",ENCOMENDA,"<p>O preço apresentado é referente a uma unidade. O valor total será calculado após envio da encomenda, estando&nbsp; dependente da quantidade mínima obrigatória. <span><span>Preços válidos salvo ruptura de stock, erro tipográfico ou fotográfico.</span></span></p>
",,,,,,,,,,,,,,,TOURO,110012,General Tools,Tools for The Workshop and Garage\General Tools,2025-06-27T13:51:14.666114
product_f01b829e-1c45-57f2-5dd2-e9c9e3a0bc44,Product,Bomba para pulverizador manual,<p>Cor:&nbsp; preto</p><p>Material: Plástico / borracha</p><p>Embalagem: blister</p><p>Cada caixa exterior contém: 1 unidades</p><p>Quantidade mínima de compra 1 unidades</p><p>Preço especial na compra de quantidades maiores</p><p>&nbsp;</p>,55dd72_795396d2d93f4442846d930671dad147~mv2.jpg,Jardim,,,0.75,,FALSE,PERCENT,0,InStock,,,Medidas,DROP_DOWN,16l - 670322,,,,,,,,,,,,,,,,INFORMAÇÕES DO PRODUTO,"<p>GARDMAN</p>
",ENCOMENDA,"<p>O preço apresentado é referente a uma unidade. O valor total será calculado após envio da encomenda, estando&nbsp; dependente da quantidade mínima obrigatória. <span><span>Preços válidos salvo ruptura de stock, erro tipográfico ou fotográfico.</span></span></p>
",,,,,,,,,,,,,,,TOURO,110012,General Tools,Tools for The Workshop and Garage\General Tools,2025-06-27T13:51:14.666159
product_f01b829e-1c45-57f2-5dd2-e9c9e3a0bc44,Variant,,,,,,,,,FALSE,,,InStock,,,,,16l - 670322,,,,,,,,,,,,,,,,,,,,,,,,,,,,,,,,,,,,,,
product_c7bf14cd-d7a8-29c8-33e1-432e89382eff,Product,Punho para pulverizador 12/ 16 Lts,<p>Cor:&nbsp; preto / vermelho</p><p>Material: Plástico</p><p>Embalagem: blister</p><p>Cada caixa exterior contém: 1 unidades</p><p>Quantidade mínima de compra 1 unidades</p><p>Preço especial na compra de quantidades maiores</p><p>&nbsp;</p>,55dd72_66b5a5acd8de4377857b0cab00a0dd61~mv2.jpg;55dd72_8d49a78a383842af9525d1db351fa875~mv2.jpg,Jardim,,,1.49,,TRUE,PERCENT,0,InStock,,,Medidas,DROP_DOWN,12L - 16L - 670329,,,,,,,,,,,,,,,,INFORMAÇÕES DO PRODUTO,"<p>GARDMAN</p>
",ENCOMENDA,"<p>O preço apresentado é referente a uma unidade. O valor total será calculado após envio da encomenda, estando&nbsp; dependente da quantidade mínima obrigatória. <span><span>Preços válidos salvo ruptura de stock, erro tipográfico ou fotográfico.</span></span></p>
",,,,,,,,,,,,,,,TOURO,110012,General Tools,Tools for The Workshop and Garage\General Tools,2025-06-27T13:51:14.666199
product_c7bf14cd-d7a8-29c8-33e1-432e89382eff,Variant,,,,,,,,,TRUE,,,InStock,,,,,12L - 16L - 670329,,,,,,,,,,,,,,,,,,,,,,,,,,,,,,,,,,,,,,
product_9a417354-ae89-ec55-1033-6ffb5dff6d53,Product,Lança telescópica 12/16 Lts Metálica para pulverizador,<p>Cor:&nbsp; metalico / preto</p><p>Material: aço</p><p>Embalagem: blister</p><p>Cada caixa exterior contém: 100 unidades</p><p>Quantidade mínima de compra 25 unidades</p><p>Preço especial na compra de quantidades maiores</p><p>&nbsp;</p>,55dd72_8f1a617cbf084575947e273674d0d5f2~mv2.jpg;55dd72_0684258825d94650839754e14319943e~mv2.jpg;55dd72_f6c341ff220945ac95343cae27ce3d90~mv2.jpg,Jardim,,,2.99,,TRUE,PERCENT,0,InStock,,,Medidas,DROP_DOWN,12L - 16L - 670336,,,,,,,,,,,,,,,,INFORMAÇÕES DO PRODUTO,"<p>GARDMAN</p>
",ENCOMENDA,"<p>O preço apresentado é referente a uma unidade. O valor total será calculado após envio da encomenda, estando&nbsp; dependente da quantidade mínima obrigatória. <span><span>Preços válidos salvo ruptura de stock, erro tipográfico ou fotográfico.</span></span></p>
",,,,,,,,,,,,,,,TOURO,110012,General Tools,Tools for The Workshop and Garage\General Tools,2025-06-27T13:51:14.666240
product_9a417354-ae89-ec55-1033-6ffb5dff6d53,Variant,,,,,,,,,TRUE,,,InStock,,,,,12L - 16L - 670336,,,,,,,,,,,,,,,,,,,,,,,,,,,,,,,,,,,,,,
product_7625f533-f0a9-6807-c874-23e7f54cf44b,Product,Lança telescopica para pulverizador de 12L ou 16L,<p>Cor:&nbsp; metalico / preto</p><p>Material: plástico / latão</p><p>Embalagem: blister</p><p>Cada caixa exterior contém: 100 unidades</p><p>Quantidade mínima de compra 25 unidades</p><p>Preço especial na compra de quantidades maiores</p><p>&nbsp;</p>,55dd72_f0da67474f434c9b8147b1a20dc49fee~mv2.jpg;55dd72_d15bb7ed35c3483bbd489a1e7c7b70c9~mv2.jpg;55dd72_7af8510c67594509a09b0fcd4cac2e44~mv2.jpg,Jardim,,,0.75,,TRUE,PERCENT,0,InStock,,,Medidas,DROP_DOWN,12 / 16 L- 670321,,,,,,,,,,,,,,,,INFORMAÇÕES DO PRODUTO,"<p>GARDMAN</p>
",ENCOMENDA,"<p>O preço apresentado é referente a uma unidade. O valor total será calculado após envio da encomenda, estando&nbsp; dependente da quantidade mínima obrigatória. <span><span>Preços válidos salvo ruptura de stock, erro tipográfico ou fotográfico.</span></span></p>
",,,,,,,,,,,,,,,TOURO,110012,General Tools,Tools for The Workshop and Garage\General Tools,2025-06-27T13:51:14.666279
product_7625f533-f0a9-6807-c874-23e7f54cf44b,Variant,,,,,,,,,TRUE,,,InStock,,,,,12 / 16 L- 670321,,,,,,,,,,,,,,,,,,,,,,,,,,,,,,,,,,,,,,
product_19f6c985-b161-3122-330d-07865ebd876a,Product,Pulverizador elétrico bateria  GEL com lança metálica telescópica,<p>Cor:&nbsp; laranja</p><p>Material: plástico / latão</p><p>Embalagem: caixa</p><p>Cada caixa exterior contém: 1 unidades</p><p>Quantidade mínima de compra 1 unidades</p><p>Preço especial na compra de quantidades maiores</p><p>&nbsp;</p>,55dd72_17577358eb4648d0b085b646225607fd~mv2.jpg,Jardim,,,27.5,,TRUE,PERCENT,0,InStock,,,Medidas,DROP_DOWN,12 L - A670315;16L - 670314,,,,,,,,,,,,,,,,INFORMAÇÕES DO PRODUTO,"<p>GARDMAN</p>
",ENCOMENDA,"<p>O preço apresentado é referente a uma unidade. O valor total será calculado após envio da encomenda, estando&nbsp; dependente da quantidade mínima obrigatória. <span><span>Preços válidos salvo ruptura de stock, erro tipográfico ou fotográfico.</span></span></p>
",,,,,,,,,,,,,,,TOURO,110012,General Tools,Tools for The Workshop and Garage\General Tools,2025-06-27T13:51:14.666343
product_19f6c985-b161-3122-330d-07865ebd876a,Variant,,,,,,,,,TRUE,,,InStock,,,,,12 L - A670315,,,,,,,,,,,,,,,,,,,,,,,,,,,,,,,,,,,,,,
product_19f6c985-b161-3122-330d-07865ebd876a,Variant,,,,,,,,2.49,TRUE,,,InStock,,,,,16L - 670314,,,,,,,,,,,,,,,,,,,,,,,,,,,,,,,,,,,,,,
product_99c0d60b-7a4b-fffb-14da-7806446263eb,Product,Pulverizador pressão com lança metálica telescópica,<p>Cor:&nbsp; azul / amarela</p><p>Material: plástico / latão</p><p>Embalagem: caixa</p><p>Cada caixa exterior contém: 6 unidades</p><p>Quantidade mínima de compra 2 unidades</p><p>Preço especial na compra de quantidades maiores</p><p>&nbsp;</p>,55dd72_578c2855f80246a4ba91b6fe4204c66b~mv2.jpg,Jardim,,,13.99,,TRUE,PERCENT,0,InStock,,,Medidas,DROP_DOWN,16L - 670313,,,,,,,,,,,,,,,,INFORMAÇÕES DO PRODUTO,"<p>GARDMAN</p>
",ENCOMENDA,"<p>O preço apresentado é referente a uma unidade. O valor total será calculado após envio da encomenda, estando&nbsp; dependente da quantidade mínima obrigatória. <span><span>Preços válidos salvo ruptura de stock, erro tipográfico ou fotográfico.</span></span></p>
",,,,,,,,,,,,,,,TOURO,110012,General Tools,Tools for The Workshop and Garage\General Tools,2025-06-27T13:51:14.666392
product_99c0d60b-7a4b-fffb-14da-7806446263eb,Variant,,,,,,,,,TRUE,,,InStock,,,,,16L - 670313,,,,,,,,,,,,,,,,,,,,,,,,,,,,,,,,,,,,,,
product_6074ac6c-b3cf-acc1-958b-2c23a04fc379,Product,"Tomada rápida 3/4"" - 5/8""",<p>Cor:&nbsp; verde/cinza</p><p>Material: plástico</p><p>Embalagem: blister</p><p>Cada caixa exterior contém: 216 unidades</p><p>Quantidade mínima de compra 36 unidades</p><p>Preço especial na compra de quantidades maiores</p><p>&nbsp;</p>,55dd72_233a4d9a08d842cd8df2148f27865a86~mv2.jpg,Jardim,,,0.5,,FALSE,PERCENT,0,InStock,,,Medidas,DROP_DOWN,3/4-5/8 - 080169,,,,,,,,,,,,,,,,INFORMAÇÕES DO PRODUTO,"<p>GARDMAN</p>
",ENCOMENDA,"<p>O preço apresentado é referente a uma unidade. O valor total será calculado após envio da encomenda, estando&nbsp; dependente da quantidade mínima obrigatória. <span><span>Preços válidos salvo ruptura de stock, erro tipográfico ou fotográfico.</span></span></p>
",,,,,,,,,,,,,,,TOURO,110012,General Tools,Tools for The Workshop and Garage\General Tools,2025-06-27T13:51:14.666484
product_6074ac6c-b3cf-acc1-958b-2c23a04fc379,Variant,,,,,,,,,FALSE,,,InStock,,,,,3/4-5/8 - 080169,,,,,,,,,,,,,,,,,,,,,,,,,,,,,,,,,,,,,,
product_a6ad589b-2064-9dad-a9f5-0af19a56e57e,Product,"Adaptador de torneira 1""",<p>Cor:&nbsp; verde</p><p>Material: plástico</p><p>Embalagem: blister</p><p>Cada caixa exterior contém: 216 unidades</p><p>Quantidade mínima de compra 36 unidades</p><p>Preço especial na compra de quantidades maiores</p><p>&nbsp;</p>,55dd72_4296ce03b3254f24a7e25f0e443673fb~mv2.jpg;55dd72_0a5015df7e9f47268ee11f51170a6999~mv2.jpg;55dd72_ebfdfb66ec2b48038088b383c921b529~mv2.jpg,Jardim,,,0.42,,TRUE,PERCENT,0,InStock,,,Medidas,DROP_DOWN,"1"" - 080152",,,,,,,,,,,,,,,,INFORMAÇÕES DO PRODUTO,"<p>GARDMAN</p>
",ENCOMENDA,"<p>O preço apresentado é referente a uma unidade. O valor total será calculado após envio da encomenda, estando&nbsp; dependente da quantidade mínima obrigatória. <span><span>Preços válidos salvo ruptura de stock, erro tipográfico ou fotográfico.</span></span></p>
",,,,,,,,,,,,,,,TOURO,110012,General Tools,Tools for The Workshop and Garage\General Tools,2025-06-27T13:51:14.666599
product_a6ad589b-2064-9dad-a9f5-0af19a56e57e,Variant,,,,,,,,,TRUE,,,InStock,,,,,"1"" - 080152",,,,,,,,,,,,,,,,,,,,,,,,,,,,,,,,,,,,,,
product_b8eb41d4-4f8f-e25b-1873-f44c9efb6932,Product,"Adaptador de torneira 3/4""",<p>Cor:&nbsp; verde</p><p>Material: plástico</p><p>Embalagem: blister</p><p>Cada caixa exterior contém: 216 unidades</p><p>Quantidade mínima de compra 36 unidades</p><p>Preço especial na compra de quantidades maiores</p><p>&nbsp;</p>,55dd72_521bd293c85f4bd38ad41039ee7c30ab~mv2.jpg,Jardim,,,0.36,,TRUE,PERCENT,0,InStock,,,Medidas,DROP_DOWN,"3/4"" - 080150",,,,,,,,,,,,,,,,INFORMAÇÕES DO PRODUTO,"<p>GARDMAN</p>
",ENCOMENDA,"<p>O preço apresentado é referente a uma unidade. O valor total será calculado após envio da encomenda, estando&nbsp; dependente da quantidade mínima obrigatória. <span><span>Preços válidos salvo ruptura de stock, erro tipográfico ou fotográfico.</span></span></p>
",,,,,,,,,,,,,,,TOURO,110012,General Tools,Tools for The Workshop and Garage\General Tools,2025-06-27T13:51:14.666649
product_b8eb41d4-4f8f-e25b-1873-f44c9efb6932,Variant,,,,,,,,,TRUE,,,InStock,,,,,"3/4"" - 080150",,,,,,,,,,,,,,,,,,,,,,,,,,,,,,,,,,,,,,
product_65148f19-3903-188f-ec8e-d742ff547fee,Product,Agulheta de plástico com regulador - encaixe rápido,<p>Cor:&nbsp; verde / preto</p><p>Material: plástico</p><p>Embalagem: blister</p><p>Cada caixa exterior contém: xx unidades</p><p>Quantidade mínima de compra xx unidades</p><p>Preço especial na compra de quantidades maiores</p><p>&nbsp;</p>,55dd72_3845a34d99d34376b00ee23f9ef7144e~mv2.jpg,Jardim,,,0.69,,TRUE,PERCENT,0,InStock,,,Medidas,DROP_DOWN,13cm - 080110,,,,,,,,,,,,,,,,INFORMAÇÕES DO PRODUTO,"<p>GARDMAN</p>
",ENCOMENDA,"<p>O preço apresentado é referente a uma unidade. O valor total será calculado após envio da encomenda, estando&nbsp; dependente da quantidade mínima obrigatória. <span><span>Preços válidos salvo ruptura de stock, erro tipográfico ou fotográfico.</span></span></p>
",,,,,,,,,,,,,,,TOURO,110012,General Tools,Tools for The Workshop and Garage\General Tools,2025-06-27T13:51:14.666691
product_65148f19-3903-188f-ec8e-d742ff547fee,Variant,,,,,,,,,TRUE,,,InStock,,,,,13cm - 080110,,,,,,,,,,,,,,,,,,,,,,,,,,,,,,,,,,,,,,
product_0029efca-c6ee-69c5-28dd-8545f861d8a2,Product,Aspersor sectorial com regulação de direção  - 33 cm,<p>Cor:&nbsp; verde / preto</p><p>Material: plástico</p><p>Embalagem: blister</p><p>Cada caixa exterior contém: xx unidades</p><p>Quantidade mínima de compra xx unidades</p><p>Preço especial na compra de quantidades maiores</p><p>&nbsp;</p>,55dd72_712230c957274510ab5ef04ac2c0d246~mv2.jpg,Jardim,,,1.69,,TRUE,PERCENT,0,InStock,,,Medidas,DROP_DOWN,33cm - 230221,,,,,,,,,,,,,,,,INFORMAÇÕES DO PRODUTO,"<p>GARDMAN</p>
",ENCOMENDA,"<p>O preço apresentado é referente a uma unidade. O valor total será calculado após envio da encomenda, estando&nbsp; dependente da quantidade mínima obrigatória. <span><span>Preços válidos salvo ruptura de stock, erro tipográfico ou fotográfico.</span></span></p>
",,,,,,,,,,,,,,,TOURO,110012,General Tools,Tools for The Workshop and Garage\General Tools,2025-06-27T13:51:14.666730
product_0029efca-c6ee-69c5-28dd-8545f861d8a2,Variant,,,,,,,,,TRUE,,,InStock,,,,,33cm - 230221,,,,,,,,,,,,,,,,,,,,,,,,,,,,,,,,,,,,,,
",ENCOMENDA,"<p>O preço apresentado é referente a uma unidade. O valor total será calculado após envio da encomenda, estando&nbsp; dependente da quantidade mínima obrigatória. <span><span>Preços válidos salvo ruptura de stock, erro tipográfico ou fotográfico.</span></span></p>
",,,,,,,,,,,,,,,TOURO,110012,General Tools,Tools for The Workshop and Garage\General Tools,2025-06-27T13:51:14.666772
product_fe0565ed-bd18-6c39-a46f-c6a8efe24e8a,Product,Agulheta tipo pistola de rega com bico em latão com regulador frontal,<p>Cor:&nbsp; amarelo/azul</p><p>Material: plástico</p><p>Embalagem: blister</p><p>Cada caixa exterior contém: XX unidades</p><p>Quantidade mínima de compra XX unidades</p><p>Preço especial na compra de quantidades maiores</p><p>&nbsp;</p>,55dd72_4e006feec4224f6e985d675f8f7b57d1~mv2.jpg,Jardim,,,4.25,,TRUE,PERCENT,0,InStock,,,Medidas,DROP_DOWN,670306,,,,,,,,,,,,,,,,INFORMAÇÕES DO PRODUTO,"<p>GARDMAN</p>
",ENCOMENDA,"<p>O preço apresentado é referente a uma unidade. O valor total será calculado após envio da encomenda, estando&nbsp; dependente da quantidade mínima obrigatória. <span><span>Preços válidos salvo ruptura de stock, erro tipográfico ou fotográfico.</span></span></p>
",,,,,,,,,,,,,,,TOURO,110012,General Tools,Tools for The Workshop and Garage\General Tools,2025-06-27T13:51:14.666811
product_fe0565ed-bd18-6c39-a46f-c6a8efe24e8a,Variant,,,,,,,,,TRUE,,,InStock,,,,,670306,,,,,,,,,,,,,,,,,,,,,,,,,,,,,,,,,,,,,,
",ENCOMENDA,"<p>O preço apresentado é referente a uma unidade. O valor total será calculado após envio da encomenda, estando&nbsp; dependente da quantidade mínima obrigatória. <span><span>Preços válidos salvo ruptura de stock, erro tipográfico ou fotográfico.</span></span></p>
",,,,,,,,,,,,,,,TOURO,110012,General Tools,Tools for The Workshop and Garage\General Tools,2025-06-27T13:51:14.666921
product_747466e9-0933-8cf9-21b0-29a65d62ada3,Product,Traçador de reta + pó de traçar azul,<p>Cor:&nbsp; amarelo/azul</p><p>Material: plástico</p><p>Embalagem: blister</p><p>Cada caixa exterior contém: 48 unidades</p><p>Quantidade mínima de compra 12 unidades</p><p>Preço especial na compra de quantidades maiores</p><p>&nbsp;</p>,55dd72_b0e8f8283c6a4c15a8f17282a1155660~mv2.jpg,Construção,,,0,,FALSE,PERCENT,0,InStock,,,Medidas,DROP_DOWN,30m - 820105,,,,,,,,,,,,,,,,INFORMAÇÕES DO PRODUTO,"<p>HARDMAN</p>
",ENCOMENDA,"<p>O preço apresentado é referente a uma unidade. O valor total será calculado após envio da encomenda, estando&nbsp; dependente da quantidade mínima obrigatória. <span><span>Preços válidos salvo ruptura de stock, erro tipográfico ou fotográfico.</span></span></p>
",,,,,,,,,,,,,,,TOURO,110012,General Tools,Tools for The Workshop and Garage\General Tools,2025-06-27T13:51:14.666967
product_747466e9-0933-8cf9-21b0-29a65d62ada3,Variant,,,,,,,,,FALSE,,,InStock,,,,,30m - 820105,,,,,,,,,,,,,,,,,,,,,,,,,,,,,,,,,,,,,,
product_ee122b00-06af-1184-5965-1faa21fecfc5,Product,Disco diamantado cerâmica extra retificadora / rebarbadora,<p>Cor:&nbsp; azul</p><p>Material: Diamantado</p><p>Embalagem: blister</p><p>Cada caixa exterior contém: 30 unidades</p><p>Quantidade mínima de compra 10 unidades</p><p>Preço especial na compra de quantidades maiores</p><p>&nbsp;</p>,55dd72_4f23ae72bf76473cbb8881fe731e517f~mv2.jpg,Construção;Discos,,,4.25,,TRUE,PERCENT,0,InStock,,,Medidas,DROP_DOWN,115mm - 380133;230mm - 380132,,,,,,,,,,,,,,,,INFORMAÇÕES DO PRODUTO,"<p>HARDMAN</p>
",ENCOMENDA,"<p>O preço apresentado é referente a uma unidade. O valor total será calculado após envio da encomenda, estando&nbsp; dependente da quantidade mínima obrigatória. <span><span>Preços válidos salvo ruptura de stock, erro tipográfico ou fotográfico.</span></span></p>
",,,,,,,,,,,,,,,TOURO,110007,Cutting Discs,Abrasive Materials\Cutting Discs,2025-06-27T13:51:14.667037
product_ee122b00-06af-1184-5965-1faa21fecfc5,Variant,,,,,,,,9.24,TRUE,,,InStock,,,,,230mm - 380132,,,,,,,,,,,,,,,,,,,,,,,,,,,,,,,,,,,,,,
product_ee122b00-06af-1184-5965-1faa21fecfc5,Variant,,,,,,,,,TRUE,,,InStock,,,,,115mm - 380133,,,,,,,,,,,,,,,,,,,,,,,,,,,,,,,,,,,,,,
product_998b6763-285d-0351-ec13-3974526f1fd5,Product,Disco diamantado turbo para retificadora / rebarbadora,<p>Cor:&nbsp; vermelho e amarelo</p><p>Material: Diamantado</p><p>Embalagem: blister</p><p>Cada caixa exterior contém: 30 unidades</p><p>Quantidade mínima de compra 10 unidades</p><p>Preço especial na compra de quantidades maiores</p><p>&nbsp;</p>,55dd72_15b9cbb5d318475ea65f0cf22d1cc615~mv2.jpg,Construção;Discos,,,1.39,,TRUE,PERCENT,0,InStock,,,Medidas,DROP_DOWN,115mm - 380131;230mm - 380130,,,,,,,,,,,,,,,,INFORMAÇÕES DO PRODUTO,"<p>HARDMAN</p>
",ENCOMENDA,"<p>O preço apresentado é referente a uma unidade. O valor total será calculado após envio da encomenda, estando&nbsp; dependente da quantidade mínima obrigatória. <span><span>Preços válidos salvo ruptura de stock, erro tipográfico ou fotográfico.</span></span></p>
",,,,,,,,,,,,,,,TOURO,110007,Cutting Discs,Abrasive Materials\Cutting Discs,2025-06-27T13:51:14.667091
product_998b6763-285d-0351-ec13-3974526f1fd5,Variant,,,,,,,,,TRUE,,,InStock,,,,,115mm - 380131,,,,,,,,,,,,,,,,,,,,,,,,,,,,,,,,,,,,,,
product_998b6763-285d-0351-ec13-3974526f1fd5,Variant,,,,,,,,5.12,TRUE,,,InStock,,,,,230mm - 380130,,,,,,,,,,,,,,,,,,,,,,,,,,,,,,,,,,,,,,
",ENCOMENDA,"<p>O preço apresentado é referente a uma unidade. O valor total será calculado após envio da encomenda, estando&nbsp; dependente da quantidade mínima obrigatória. <span><span>Preços válidos salvo ruptura de stock, erro tipográfico ou fotográfico.</span></span></p>
",,,,,,,,,,,,,,,TOURO,110007,Cutting Discs,Abrasive Materials\Cutting Discs,2025-06-27T13:51:14.667139
",ENCOMENDA,"<p>O preço apresentado é referente a uma unidade. O valor total será calculado após envio da encomenda, estando&nbsp; dependente da quantidade mínima obrigatória. <span><span>Preços válidos salvo ruptura de stock, erro tipográfico ou fotográfico.</span></span></p>
",,,,,,,,,,,,,,,TOURO,110007,Cutting Discs,Abrasive Materials\Cutting Discs,2025-06-27T13:51:14.667177
product_65016df4-11d5-b1b0-af1e-4651d1544c0b,Product,Disco de corte para madeira 140x20x24T,<p>Medida: 24 dentes </p><p>Cor:  metalizado</p><p>Material: aço </p><p>Quantidade mínima de compra 10 unidades</p><p>Preço especial na compra de quantidades maiores</p>,55dd72_54611488eb6b42cab548fce1f822abba~mv2.jpg,Construção;Discos,,,1.99,,TRUE,PERCENT,0,InStock,,,Medidas,DROP_DOWN,140x20x24TON,,,,,,,,,,,,,,,,INFORMAÇÕES DO PRODUTO,"<p>HARDMAN</p>
",ENCOMENDA,"<p>O preço apresentado é referente a uma unidade. O valor total será calculado após envio da encomenda, estando&nbsp; dependente da quantidade mínima obrigatória. <span><span>Preços válidos salvo ruptura de stock, erro tipográfico ou fotográfico.</span></span></p>
",,,,,,,,,,,,,,,TOURO,110007,Cutting Discs,Abrasive Materials\Cutting Discs,2025-06-27T13:51:14.667212
product_65016df4-11d5-b1b0-af1e-4651d1544c0b,Variant,,,,,,,,,TRUE,,,InStock,,,,,140x20x24TON,,,,,,,,,,,,,,,,,,,,,,,,,,,,,,,,,,,,,,
product_c9c136ab-2907-ebf1-3cce-0e5b6ffae805,Product,Disco de corte para madeira 40 dentes,<p>Medida: 40 dentes</p><p>Cor:&nbsp; metalizado</p><p>Material: metal</p><p>Cada caixa exterior contém: 40 unidades</p><p>Quantidade mínima de compra 10 unidades</p><p>Preço especial na compra de quantidades maiores</p><p>&nbsp;</p>,55dd72_d7e41ce7f4c14d3a80e0dc83a43b2e3e~mv2.jpg,Construção,,,0,,FALSE,PERCENT,0,InStock,,,Medidas,DROP_DOWN,160mm - 380156;190mm - 380159;210mm - 380162;250mm - 380166,,,,,,,,,,,,,,,,INFORMAÇÕES DO PRODUTO,"<p>HARDMAN</p>
",ENCOMENDA,"<p>O preço apresentado é referente a uma unidade. O valor total será calculado após envio da encomenda, estando&nbsp; dependente da quantidade mínima obrigatória. <span><span>Preços válidos salvo ruptura de stock, erro tipográfico ou fotográfico.</span></span></p>
",,,,,,,,,,,,,,,TOURO,110007,Cutting Discs,Abrasive Materials\Cutting Discs,2025-06-27T13:51:14.667306
product_c9c136ab-2907-ebf1-3cce-0e5b6ffae805,Variant,,,,,,,,,FALSE,,,InStock,,,,,190mm - 380159,,,,,,,,,,,,,,,,,,,,,,,,,,,,,,,,,,,,,,
product_c9c136ab-2907-ebf1-3cce-0e5b6ffae805,Variant,,,,,,,,,FALSE,,,InStock,,,,,210mm - 380162,,,,,,,,,,,,,,,,,,,,,,,,,,,,,,,,,,,,,,
product_c9c136ab-2907-ebf1-3cce-0e5b6ffae805,Variant,,,,,,,,,FALSE,,,InStock,,,,,160mm - 380156,,,,,,,,,,,,,,,,,,,,,,,,,,,,,,,,,,,,,,
product_c9c136ab-2907-ebf1-3cce-0e5b6ffae805,Variant,,,,,,,,,FALSE,,,InStock,,,,,250mm - 380166,,,,,,,,,,,,,,,,,,,,,,,,,,,,,,,,,,,,,,
product_2bebb488-b085-7b0d-1091-4a4df54def78,Product,Disco de corte para madeira 30 dentes,<p>Medida: 30 dentes</p><p>Cor:&nbsp; metalizado</p><p>Material: metal</p><p>Cada caixa exterior contém: 30 unidades</p><p>Quantidade mínima de compra 10 unidades</p><p>Preço especial na compra de quantidades maiores</p><p>&nbsp;</p>,55dd72_f36616de0b344abfb3d0eaa5533dde50~mv2.jpg,Construção,,,0,,FALSE,PERCENT,0,InStock,,,Medidas,DROP_DOWN,210mm - 380161,,,,,,,,,,,,,,,,INFORMAÇÕES DO PRODUTO,"<p>HARDMAN</p>
",ENCOMENDA,"<p>O preço apresentado é referente a uma unidade. O valor total será calculado após envio da encomenda, estando&nbsp; dependente da quantidade mínima obrigatória. <span><span>Preços válidos salvo ruptura de stock, erro tipográfico ou fotográfico.</span></span></p>
",,,,,,,,,,,,,,,TOURO,110007,Cutting Discs,Abrasive Materials\Cutting Discs,2025-06-27T13:51:14.667380
product_2bebb488-b085-7b0d-1091-4a4df54def78,Variant,,,,,,,,,FALSE,,,InStock,,,,,210mm - 380161,,,,,,,,,,,,,,,,,,,,,,,,,,,,,,,,,,,,,,
product_8e21856a-eb69-5008-4aab-280e1ac1a845,Product,Disco corte madeira 230x30x24T,<p>Medida: 24 dentes</p><p>Para  Maquina serra Circular </p><p>Cor:  metalizado</p><p>Material: metal</p><p>Cada caixa exterior contém: 40 unidades</p><p>Quantidade mínima de compra 10 unidades</p><p>Preço especial na compra de quantidades maiores</p>,55dd72_f36616de0b344abfb3d0eaa5533dde50~mv2.jpg,Construção;Discos,,,3.79,,TRUE,PERCENT,0,InStock,,,Medidas,DROP_DOWN,230mm - 380163,,,,,,,,,,,,,,,,INFORMAÇÕES DO PRODUTO,"<p>HARDMAN</p>
",ENCOMENDA,"<p>O preço apresentado é referente a uma unidade. O valor total será calculado após envio da encomenda, estando&nbsp; dependente da quantidade mínima obrigatória. <span><span>Preços válidos salvo ruptura de stock, erro tipográfico ou fotográfico.</span></span></p>
",,,,,,,,,,,,,,,TOURO,110007,Cutting Discs,Abrasive Materials\Cutting Discs,2025-06-27T13:51:14.667417
product_8e21856a-eb69-5008-4aab-280e1ac1a845,Variant,,,,,,,,0.21,TRUE,,,InStock,,,,,230mm - 380163,,,,,,,,,,,,,,,,,,,,,,,,,,,,,,,,,,,,,,
product_e6cab3a0-6696-8e7f-9901-e9e1dc35f16e,Product,Disco para máquina de cortar azulejo,<p>Medida: 200mm</p><p>Cor:&nbsp; branco</p><p>Material: diamante</p><p>Cada caixa exterior contém: 50 unidades</p><p>Quantidade mínima de compra 25 unidades</p><p>Preço especial na compra de quantidades maiores</p><p>&nbsp;</p>,55dd72_8af5f8620e8e425f9cb3d376dce16ae7~mv2.jpg,Construção,,,0,,FALSE,PERCENT,0,InStock,,,Medidas,DROP_DOWN,200mm - 580206,,,,,,,,,,,,,,,,INFORMAÇÕES DO PRODUTO,"<p>HARDMAN</p>
",ENCOMENDA,"<p>O preço apresentado é referente a uma unidade. O valor total será calculado após envio da encomenda, estando&nbsp; dependente da quantidade mínima obrigatória. <span><span>Preços válidos salvo ruptura de stock, erro tipográfico ou fotográfico.</span></span></p>
",,,,,,,,,,,,,,,TOURO,110007,Cutting Discs,Abrasive Materials\Cutting Discs,2025-06-27T13:51:14.667471
product_e6cab3a0-6696-8e7f-9901-e9e1dc35f16e,Variant,,,,,,,,,FALSE,,,InStock,,,,,200mm - 580206,,,,,,,,,,,,,,,,,,,,,,,,,,,,,,,,,,,,,,
product_8d032b82-3c31-21a0-7496-beb1dfa5d239,Product,Serras craneanas Conjunto de 16 peças,<p>Medidas: 119 - 127mm</p><p>Cor:&nbsp; amarelo</p><p>Material: metal</p><p>Cada caixa exterior contém: 40 unidades</p><p>Quantidade mínima de compra 10 unidades</p><p>Preço especial na compra de quantidades maiores</p><p>&nbsp;</p>,55dd72_57d678f78d0d49b1a965550c60849099~mv2.jpg,Construção,,,4.99,,TRUE,PERCENT,0,InStock,,,Medidas,DROP_DOWN,16pcs - 750105/1,,,,,,,,,,,,,,,,INFORMAÇÕES DO PRODUTO,"<p>HARDMAN</p>
",ENCOMENDA,"<p>O preço apresentado é referente a uma unidade. O valor total será calculado após envio da encomenda, estando&nbsp; dependente da quantidade mínima obrigatória. <span><span>Preços válidos salvo ruptura de stock, erro tipográfico ou fotográfico.</span></span></p>
",,,,,,,,,,,,,,,TOURO,110012,General Tools,Tools for The Workshop and Garage\General Tools,2025-06-27T13:51:14.667511
product_8d032b82-3c31-21a0-7496-beb1dfa5d239,Variant,,,,,,,,,TRUE,,,InStock,,,,,16pcs - 750105/1,,,,,,,,,,,,,,,,,,,,,,,,,,,,,,,,,,,,,,
product_186cd931-9e4c-8cee-404f-8de2995625ca,Product,Serras craneanas Conjunto de 11 peças,"<p>Medidas: 1/8"" - 2 1/2""</p><p>Cor:&nbsp; amarelo</p><p>Material: metal</p><p>Cada caixa exterior contém: 60 unidades</p><p>Quantidade mínima de compra 12 unidades</p><p>Preço especial na compra de quantidades maiores</p><p>&nbsp;</p>",55dd72_e638f553989f4a52bb3c9bed3da17286~mv2.jpg,Construção,,,2.99,,TRUE,PERCENT,0,InStock,,,Medidas,DROP_DOWN,11pcs - 750103/1,,,,,,,,,,,,,,,,INFORMAÇÕES DO PRODUTO,"<p>HARDMAN</p>
",ENCOMENDA,"<p>O preço apresentado é referente a uma unidade. O valor total será calculado após envio da encomenda, estando&nbsp; dependente da quantidade mínima obrigatória. <span><span>Preços válidos salvo ruptura de stock, erro tipográfico ou fotográfico.</span></span></p>
",,,,,,,,,,,,,,,TOURO,110012,General Tools,Tools for The Workshop and Garage\General Tools,2025-06-27T13:51:14.667550
product_186cd931-9e4c-8cee-404f-8de2995625ca,Variant,,,,,,,,,TRUE,,,InStock,,,,,11pcs - 750103/1,,,,,,,,,,,,,,,,,,,,,,,,,,,,,,,,,,,,,,
product_185a6136-d12a-00ec-69a2-244334771fcf,Product,Serras craneanas Conjunto de 6 peças,<p>Medidas: 32mm / 38mm / 51mm / 54mm</p><p>Cor:&nbsp; preto</p><p>Material: metal</p><p>Cada caixa exterior contém: 60 unidades</p><p>Quantidade mínima de compra 12 unidades</p><p>Preço especial na compra de quantidades maiores</p><p>&nbsp;</p>,55dd72_da1c233c86e44906833dd1fd95c3459b~mv2.jpg,Construção,,,1.75,,TRUE,PERCENT,0,InStock,,,Medidas,DROP_DOWN,6pcs - 750100,,,,,,,,,,,,,,,,INFORMAÇÕES DO PRODUTO,"<p>HARDMAN</p>
",ENCOMENDA,"<p>O preço apresentado é referente a uma unidade. O valor total será calculado após envio da encomenda, estando&nbsp; dependente da quantidade mínima obrigatória. <span><span>Preços válidos salvo ruptura de stock, erro tipográfico ou fotográfico.</span></span></p>
",,,,,,,,,,,,,,,TOURO,110012,General Tools,Tools for The Workshop and Garage\General Tools,2025-06-27T13:51:14.667585
product_185a6136-d12a-00ec-69a2-244334771fcf,Variant,,,,,,,,,TRUE,,,InStock,,,,,6pcs - 750100,,,,,,,,,,,,,,,,,,,,,,,,,,,,,,,,,,,,,,
product_b6371ff2-e97d-ffb1-7cc2-9f345210cc43,Product,Destorcedor móvel zincado niquelado,<p>Cor:&nbsp; zincado</p><p>Material: aço</p><p>Cada caixa exterior contém: 10 unidades</p><p>Quantidade mínima de compra 5 unidades</p><p>Preço especial na compra de quantidades maiores</p><p>&nbsp;</p>,55dd72_1e6f31421c2943009ceade76772d1f39~mv2.jpg,Construção;Cabos de aço e acessórios ,,,27.5,,TRUE,PERCENT,0,InStock,,,Medidas,DROP_DOWN,25mm-50pcs - 740180;30mm-50pcs - 740181,,,,,,,,,,,,,,,,INFORMAÇÕES DO PRODUTO,"<p>HARDMAN</p>
",ENCOMENDA,"<p>O preço apresentado é referente a uma unidade. O valor total será calculado após envio da encomenda, estando&nbsp; dependente da quantidade mínima obrigatória. <span><span>Preços válidos salvo ruptura de stock, erro tipográfico ou fotográfico.</span></span></p>
",,,,,,,,,,,,,,,TOURO,110012,General Tools,Tools for The Workshop and Garage\General Tools,2025-06-27T13:51:14.667677
product_b6371ff2-e97d-ffb1-7cc2-9f345210cc43,Variant,,,,,,,,,TRUE,,,InStock,,,,,25mm-50pcs - 740180,,,,,,,,,,,,,,,,,,,,,,,,,,,,,,,,,,,,,,
product_b6371ff2-e97d-ffb1-7cc2-9f345210cc43,Variant,,,,,,,,3.28,TRUE,,,InStock,,,,,30mm-50pcs - 740181,,,,,,,,,,,,,,,,,,,,,,,,,,,,,,,,,,,,,,
product_748dfa7b-a33b-af6c-cdda-a3db83e33c12,Product,Manilha Galvanizada tipo europeu niquelado,<p>Cor:&nbsp; galvanizado</p><p>Material: aço</p><p>Cada caixa exterior contém: 10 unidades</p><p>Quantidade mínima de compra 5 unidades</p><p>Preço especial na compra de quantidades maiores</p><p>&nbsp;</p>,55dd72_c568830a05ea4d31a2bcbec26fe9154d~mv2.jpg,Construção;Cabos de aço e acessórios ,,,5.19,,TRUE,PERCENT,0,InStock,,,Medidas,DROP_DOWN,3mm-100pcs - 740175;5mm100pcs - 740176;6mm-50pcs - 740177;8mm-50pcs - 740178;10mm-25pcs - 740179;12mm-10pcs - 740197;14mm-10pcs - 740198;16mm-10pcs - 740199;20mm-5pcs-740174,,,,,,,,,,,,,,,,INFORMAÇÕES DO PRODUTO,"<p>HARDMAN</p>
",ENCOMENDA,"<p>O preço apresentado é referente a uma unidade. O valor total será calculado após envio da encomenda, estando&nbsp; dependente da quantidade mínima obrigatória. <span><span>Preços válidos salvo ruptura de stock, erro tipográfico ou fotográfico.</span></span></p>
",,,,,,,,,,,,,,,TOURO,110012,General Tools,Tools for The Workshop and Garage\General Tools,2025-06-27T13:51:14.667732
product_748dfa7b-a33b-af6c-cdda-a3db83e33c12,Variant,,,,,,,,9.56,TRUE,,,InStock,,,,,5mm100pcs - 740176,,,,,,,,,,,,,,,,,,,,,,,,,,,,,,,,,,,,,,
product_748dfa7b-a33b-af6c-cdda-a3db83e33c12,Variant,,,,,,,,4.89,TRUE,,,InStock,,,,,16mm-10pcs - 740199,,,,,,,,,,,,,,,,,,,,,,,,,,,,,,,,,,,,,,
product_748dfa7b-a33b-af6c-cdda-a3db83e33c12,Variant,,,,,,,,,FALSE,,,InStock,,,,,3mm-100pcs - 740175,,,,,,,,,,,,,,,,,,,,,,,,,,,,,,,,,,,,,,
product_748dfa7b-a33b-af6c-cdda-a3db83e33c12,Variant,,,,,,,,3.31,TRUE,,,InStock,,,,,6mm-50pcs - 740177,,,,,,,,,,,,,,,,,,,,,,,,,,,,,,,,,,,,,,
product_748dfa7b-a33b-af6c-cdda-a3db83e33c12,Variant,,,,,,,,6.8,TRUE,,,InStock,,,,,20mm-5pcs-740174,,,,,,,,,,,,,,,,,,,,,,,,,,,,,,,,,,,,,,
product_748dfa7b-a33b-af6c-cdda-a3db83e33c12,Variant,,,,,,,,,TRUE,,,InStock,,,,,12mm-10pcs - 740197,,,,,,,,,,,,,,,,,,,,,,,,,,,,,,,,,,,,,,
product_748dfa7b-a33b-af6c-cdda-a3db83e33c12,Variant,,,,,,,,2.27,TRUE,,,InStock,,,,,14mm-10pcs - 740198,,,,,,,,,,,,,,,,,,,,,,,,,,,,,,,,,,,,,,
product_748dfa7b-a33b-af6c-cdda-a3db83e33c12,Variant,,,,,,,,3.46,TRUE,,,InStock,,,,,10mm-25pcs - 740179,,,,,,,,,,,,,,,,,,,,,,,,,,,,,,,,,,,,,,
product_748dfa7b-a33b-af6c-cdda-a3db83e33c12,Variant,,,,,,,,6.8,TRUE,,,InStock,,,,,8mm-50pcs - 740178,,,,,,,,,,,,,,,,,,,,,,,,,,,,,,,,,,,,,,
product_02390015-8669-f440-2248-6ea3e33956a3,Product,Esticador galvanizado DIN 1480,<p>Cor:&nbsp; galvanizado</p><p>Material: aço</p><p>Cada caixa exterior contém: 10 unidades</p><p>Quantidade mínima de compra 5 unidades</p><p>Preço especial na compra de quantidades maiores</p><p>&nbsp;</p>,55dd72_ea4b628f24e2498b8bb2dc87885a9cab~mv2.jpg,Construção;Cabos de aço e acessórios ,,,8.5,,TRUE,PERCENT,0,InStock,,,Medidas,DROP_DOWN,M5-50pcs - 740183;M6-25pcs - 740184;M8-25pcs - 740185;M10-10pcs - 740186;M12-10pcs - 740187;M14-5pcs - 740188;M16-5pcs - 740189;M20-3pcs - 740790,,,,,,,,,,,,,,,,INFORMAÇÕES DO PRODUTO,"<p>HARDMAN</p>
",ENCOMENDA,"<p>O preço apresentado é referente a uma unidade. O valor total será calculado após envio da encomenda, estando&nbsp; dependente da quantidade mínima obrigatória. <span><span>Preços válidos salvo ruptura de stock, erro tipográfico ou fotográfico.</span></span></p>
",,,,,,,,,,,,,,,TOURO,110012,General Tools,Tools for The Workshop and Garage\General Tools,2025-06-27T13:51:14.667851
product_02390015-8669-f440-2248-6ea3e33956a3,Variant,,,,,,,,0.76,TRUE,,,InStock,,,,,M14-5pcs - 740188,,,,,,,,,,,,,,,,,,,,,,,,,,,,,,,,,,,,,,
product_02390015-8669-f440-2248-6ea3e33956a3,Variant,,,,,,,,4,TRUE,,,InStock,,,,,M6-25pcs - 740184,,,,,,,,,,,,,,,,,,,,,,,,,,,,,,,,,,,,,,
product_02390015-8669-f440-2248-6ea3e33956a3,Variant,,,,,,,,8,TRUE,,,InStock,,,,,M8-25pcs - 740185,,,,,,,,,,,,,,,,,,,,,,,,,,,,,,,,,,,,,,
product_02390015-8669-f440-2248-6ea3e33956a3,Variant,,,,,,,,3.51,TRUE,,,InStock,,,,,M16-5pcs - 740189,,,,,,,,,,,,,,,,,,,,,,,,,,,,,,,,,,,,,,
product_02390015-8669-f440-2248-6ea3e33956a3,Variant,,,,,,,,4,TRUE,,,InStock,,,,,M20-3pcs - 740790,,,,,,,,,,,,,,,,,,,,,,,,,,,,,,,,,,,,,,
product_02390015-8669-f440-2248-6ea3e33956a3,Variant,,,,,,,,10.86,TRUE,,,InStock,,,,,M5-50pcs - 740183,,,,,,,,,,,,,,,,,,,,,,,,,,,,,,,,,,,,,,
product_02390015-8669-f440-2248-6ea3e33956a3,Variant,,,,,,,,,TRUE,,,InStock,,,,,M10-10pcs - 740186,,,,,,,,,,,,,,,,,,,,,,,,,,,,,,,,,,,,,,
product_02390015-8669-f440-2248-6ea3e33956a3,Variant,,,,,,,,3,TRUE,,,InStock,,,,,M12-10pcs - 740187,,,,,,,,,,,,,,,,,,,,,,,,,,,,,,,,,,,,,,
product_35934eca-42ae-72ae-2e83-8d2a83d53694,Product,Elo rápido galvanizado niquelado,<p>Cor:&nbsp; galvanizado</p><p>Material: aço</p><p>Cada caixa exterior contém: 10 unidades</p><p>Quantidade mínima de compra 1 unidades</p><p>Preço especial na compra de quantidades maiores</p><p>&nbsp;</p>,55dd72_7abc4e7a8ea34c4d93f6a39b0812a999~mv2.jpg,Construção;Cabos de aço e acessórios ,,,11,,TRUE,PERCENT,0,InStock,,,Medidas,DROP_DOWN,3mm-100pcs - 740165;3.5mm-100pcs - 740166;4mm-100pcs - 740167;5mm-100pcs - 740168;6mm-50pcs - 740169;7mm-50pcs - 740170;8mm-50pcs - 740171;10mm-25pcs - 740172,,,,,,,,,,,,,,,,INFORMAÇÕES DO PRODUTO,"<p>HARDMAN</p>
",ENCOMENDA,"<p>O preço apresentado é referente a uma unidade. O valor total será calculado após envio da encomenda, estando&nbsp; dependente da quantidade mínima obrigatória. <span><span>Preços válidos salvo ruptura de stock, erro tipográfico ou fotográfico.</span></span></p>
",,,,,,,,,,,,,,,TOURO,110012,General Tools,Tools for The Workshop and Garage\General Tools,2025-06-27T13:51:14.667979
product_35934eca-42ae-72ae-2e83-8d2a83d53694,Variant,,,,,,,,8,TRUE,,,InStock,,,,,8mm-50pcs - 740171,,,,,,,,,,,,,,,,,,,,,,,,,,,,,,,,,,,,,,
product_35934eca-42ae-72ae-2e83-8d2a83d53694,Variant,,,,,,,,6,TRUE,,,InStock,,,,,5mm-100pcs - 740168,,,,,,,,,,,,,,,,,,,,,,,,,,,,,,,,,,,,,,
product_35934eca-42ae-72ae-2e83-8d2a83d53694,Variant,,,,,,,,5,TRUE,,,InStock,,,,,10mm-25pcs - 740172,,,,,,,,,,,,,,,,,,,,,,,,,,,,,,,,,,,,,,
product_35934eca-42ae-72ae-2e83-8d2a83d53694,Variant,,,,,,,,,TRUE,,,InStock,,,,,6mm-50pcs - 740169,,,,,,,,,,,,,,,,,,,,,,,,,,,,,,,,,,,,,,
product_35934eca-42ae-72ae-2e83-8d2a83d53694,Variant,,,,,,,,3,TRUE,,,InStock,,,,,4mm-100pcs - 740167,,,,,,,,,,,,,,,,,,,,,,,,,,,,,,,,,,,,,,
product_35934eca-42ae-72ae-2e83-8d2a83d53694,Variant,,,,,,,,0.1,TRUE,,,InStock,,,,,3mm-100pcs - 740165,,,,,,,,,,,,,,,,,,,,,,,,,,,,,,,,,,,,,,
product_35934eca-42ae-72ae-2e83-8d2a83d53694,Variant,,,,,,,,2,TRUE,,,InStock,,,,,3.5mm-100pcs - 740166,,,,,,,,,,,,,,,,,,,,,,,,,,,,,,,,,,,,,,
product_35934eca-42ae-72ae-2e83-8d2a83d53694,Variant,,,,,,,,4,TRUE,,,InStock,,,,,7mm-50pcs - 740170,,,,,,,,,,,,,,,,,,,,,,,,,,,,,,,,,,,,,,
product_0b3307d3-accd-0884-c2eb-a816f97f54f0,Product,Mosquetão Galvanizado niquelado,<p>Cor:&nbsp; galvanizado</p><p>Material: aço</p><p>Cada caixa exterior contém: 10 unidades</p><p>Quantidade mínima de compra 1 unidades</p><p>Preço especial na compra de quantidades maiores</p><p>&nbsp;</p>,55dd72_7a5942435b9649f0a9289869bcd6d648~mv2.jpg,Construção;Cabos de aço e acessórios ,,,8.99,,TRUE,PERCENT,0,InStock,,,Medidas,DROP_DOWN,40x4mm-100pcs - 740155;50x5mm-100pcs - 740156;60x6mm-50pcs -740157;70x7mm-50pcs - 740158;80x8mm-50pcs - 740159;90x9mm-25pcs - 740160;100x10mm-25pcs - 740161;120x11mm-25pcs - 740162,,,,,,,,,,,,,,,,INFORMAÇÕES DO PRODUTO,"<p>HARDMAN</p>
",ENCOMENDA,"<p>O preço apresentado é referente a uma unidade. O valor total será calculado após envio da encomenda, estando&nbsp; dependente da quantidade mínima obrigatória. <span><span>Preços válidos salvo ruptura de stock, erro tipográfico ou fotográfico.</span></span></p>
",,,,,,,,,,,,,,,TOURO,110012,General Tools,Tools for The Workshop and Garage\General Tools,2025-06-27T13:51:14.668154
product_0b3307d3-accd-0884-c2eb-a816f97f54f0,Variant,,,,,,,,6,TRUE,,,InStock,,,,,120x11mm-25pcs - 740162,,,,,,,,,,,,,,,,,,,,,,,,,,,,,,,,,,,,,,
product_0b3307d3-accd-0884-c2eb-a816f97f54f0,Variant,,,,,,,,3.51,TRUE,,,InStock,,,,,100x10mm-25pcs - 740161,,,,,,,,,,,,,,,,,,,,,,,,,,,,,,,,,,,,,,
product_0b3307d3-accd-0884-c2eb-a816f97f54f0,Variant,,,,,,,,6.01,TRUE,,,InStock,,,,,40x4mm-100pcs - 740155,,,,,,,,,,,,,,,,,,,,,,,,,,,,,,,,,,,,,,
product_0b3307d3-accd-0884-c2eb-a816f97f54f0,Variant,,,,,,,,0.51,TRUE,,,InStock,,,,,60x6mm-50pcs -740157,,,,,,,,,,,,,,,,,,,,,,,,,,,,,,,,,,,,,,
product_0b3307d3-accd-0884-c2eb-a816f97f54f0,Variant,,,,,,,,3,TRUE,,,InStock,,,,,70x7mm-50pcs - 740158,,,,,,,,,,,,,,,,,,,,,,,,,,,,,,,,,,,,,,
product_0b3307d3-accd-0884-c2eb-a816f97f54f0,Variant,,,,,,,,,TRUE,,,InStock,,,,,90x9mm-25pcs - 740160,,,,,,,,,,,,,,,,,,,,,,,,,,,,,,,,,,,,,,
product_0b3307d3-accd-0884-c2eb-a816f97f54f0,Variant,,,,,,,,6,TRUE,,,InStock,,,,,80x8mm-50pcs - 740159,,,,,,,,,,,,,,,,,,,,,,,,,,,,,,,,,,,,,,
product_0b3307d3-accd-0884-c2eb-a816f97f54f0,Variant,,,,,,,,6.26,TRUE,,,InStock,,,,,50x5mm-100pcs - 740156,,,,,,,,,,,,,,,,,,,,,,,,,,,,,,,,,,,,,,
product_927587c9-0b70-0f70-cd1c-2db6a7aed1df,Product,Mosquetão galvanizado com rosca,<p>Cor:&nbsp; galvanizado</p><p>Material: aço</p><p>Cada caixa exterior contém: 10 unidades</p><p>Quantidade mínima de compra 1 unidades</p><p>Preço especial na compra de quantidades maiores</p><p>&nbsp;</p>,55dd72_fe65c108eb23446ea75fe440fcf54c31~mv2.jpg,Construção;Cabos de aço e acessórios ,,,12.5,,TRUE,PERCENT,0,InStock,,,Medidas,DROP_DOWN,40x4mm-100pcs - 740145;50x5mm-100pcs - 740146;60x6mm-50pcs - 740147;70x7mm-50pcs - 740148;80x8mm-50pcs - 740149;90x9mm-25pcs - 740150;100x10mm-25pcs - 740151;120x11mm-25pcs - 740152,,,,,,,,,,,,,,,,INFORMAÇÕES DO PRODUTO,"<p>HARDMAN</p>
",ENCOMENDA,"<p>O preço apresentado é referente a uma unidade. O valor total será calculado após envio da encomenda, estando&nbsp; dependente da quantidade mínima obrigatória. <span><span>Preços válidos salvo ruptura de stock, erro tipográfico ou fotográfico.</span></span></p>
",,,,,,,,,,,,,,,TOURO,110012,General Tools,Tools for The Workshop and Garage\General Tools,2025-06-27T13:51:14.668271
product_927587c9-0b70-0f70-cd1c-2db6a7aed1df,Variant,,,,,,,,4.99,TRUE,,,InStock,,,,,120x11mm-25pcs - 740152,,,,,,,,,,,,,,,,,,,,,,,,,,,,,,,,,,,,,,
product_927587c9-0b70-0f70-cd1c-2db6a7aed1df,Variant,,,,,,,,0.5,TRUE,,,InStock,,,,,100x10mm-25pcs - 740151,,,,,,,,,,,,,,,,,,,,,,,,,,,,,,,,,,,,,,
product_927587c9-0b70-0f70-cd1c-2db6a7aed1df,Variant,,,,,,,,2.5,TRUE,,,InStock,,,,,70x7mm-50pcs - 740148,,,,,,,,,,,,,,,,,,,,,,,,,,,,,,,,,,,,,,
product_927587c9-0b70-0f70-cd1c-2db6a7aed1df,Variant,,,,,,,,,TRUE,,,InStock,,,,,60x6mm-50pcs - 740147,,,,,,,,,,,,,,,,,,,,,,,,,,,,,,,,,,,,,,
product_927587c9-0b70-0f70-cd1c-2db6a7aed1df,Variant,,,,,,,,,TRUE,,,InStock,,,,,90x9mm-25pcs - 740150,,,,,,,,,,,,,,,,,,,,,,,,,,,,,,,,,,,,,,
product_927587c9-0b70-0f70-cd1c-2db6a7aed1df,Variant,,,,,,,,9.25,TRUE,,,InStock,,,,,40x4mm-100pcs - 740145,,,,,,,,,,,,,,,,,,,,,,,,,,,,,,,,,,,,,,
product_927587c9-0b70-0f70-cd1c-2db6a7aed1df,Variant,,,,,,,,5,TRUE,,,InStock,,,,,80x8mm-50pcs - 740149,,,,,,,,,,,,,,,,,,,,,,,,,,,,,,,,,,,,,,
product_927587c9-0b70-0f70-cd1c-2db6a7aed1df,Variant,,,,,,,,10.5,TRUE,,,InStock,,,,,50x5mm-100pcs - 740146,,,,,,,,,,,,,,,,,,,,,,,,,,,,,,,,,,,,,,
product_2a1590e6-8c85-cbcb-70ba-52008bf59064,Product,Gancho móvel redondo com mola niquelado,<p>Cor:&nbsp; niquelado</p><p>Material: aço</p><p>Cada caixa exterior contém: 5 unidades</p><p>Quantidade mínima de compra 1 unidades</p><p>Preço especial na compra de quantidades maiores</p><p>&nbsp;</p>,55dd72_09ff3b5bcb7e4e4f917a08b58e271332~mv2.jpg,Construção;Cabos de aço e acessórios ,,,24.25,,TRUE,PERCENT,0,InStock,,,Medidas,DROP_DOWN,1/2-50pcs - 740140;3/4-50pcs - 740141,,,,,,,,,,,,,,,,INFORMAÇÕES DO PRODUTO,"<p>HARDMAN</p>
",ENCOMENDA,"<p>O preço apresentado é referente a uma unidade. O valor total será calculado após envio da encomenda, estando&nbsp; dependente da quantidade mínima obrigatória. <span><span>Preços válidos salvo ruptura de stock, erro tipográfico ou fotográfico.</span></span></p>
",,,,,,,,,,,,,,,TOURO,110012,General Tools,Tools for The Workshop and Garage\General Tools,2025-06-27T13:51:14.668379
product_2a1590e6-8c85-cbcb-70ba-52008bf59064,Variant,,,,,,,,,TRUE,,,InStock,,,,,1/2-50pcs - 740140,,,,,,,,,,,,,,,,,,,,,,,,,,,,,,,,,,,,,,
product_2a1590e6-8c85-cbcb-70ba-52008bf59064,Variant,,,,,,,,1,TRUE,,,InStock,,,,,3/4-50pcs - 740141,,,,,,,,,,,,,,,,,,,,,,,,,,,,,,,,,,,,,,
product_d45d827d-0e37-86c2-38e1-f4c9bb4b96a7,Product,Gancho simples com elo móvel niquelado - Mosq T/ Francês,<p>Cor:&nbsp; niquelado</p><p>Material: aço</p><p>Cada caixa exterior contém: 10 unidades</p><p>Quantidade mínima de compra 1 unidades</p><p>Preço especial na compra de quantidades maiores</p><p>&nbsp;</p>,55dd72_6c07aed1fb674744872802852219f6e8~mv2.jpg,Construção;Cabos de aço e acessórios ,,,4.3,,TRUE,PERCENT,0,InStock,,,Medidas,DROP_DOWN,20mm-100pcs - 740130;30mm-100pcs - 740131;40mm-100pcs - 740132;50mm-100pcs - 740133;60mm-50pcs - 740134;70mm-50pcs - 740135;80mm-50pcs - 740136;90mm-25pcs - 740137;100mm-25pcs - 740138;120mm-10pcs - 740139,,,,,,,,,,,,,,,,INFORMAÇÕES DO PRODUTO,"<p>HARDMAN</p>
",ENCOMENDA,"<p>O preço apresentado é referente a uma unidade. O valor total será calculado após envio da encomenda, estando&nbsp; dependente da quantidade mínima obrigatória. <span><span>Preços válidos salvo ruptura de stock, erro tipográfico ou fotográfico.</span></span></p>
",,,,,,,,,,,,,,,TOURO,110012,General Tools,Tools for The Workshop and Garage\General Tools,2025-06-27T13:51:14.668447
product_d45d827d-0e37-86c2-38e1-f4c9bb4b96a7,Variant,,,,,,,,,TRUE,,,InStock,,,,,20mm-100pcs - 740130,,,,,,,,,,,,,,,,,,,,,,,,,,,,,,,,,,,,,,
product_d45d827d-0e37-86c2-38e1-f4c9bb4b96a7,Variant,,,,,,,,2.2,TRUE,,,InStock,,,,,40mm-100pcs - 740132,,,,,,,,,,,,,,,,,,,,,,,,,,,,,,,,,,,,,,
product_d45d827d-0e37-86c2-38e1-f4c9bb4b96a7,Variant,,,,,,,,6.2,TRUE,,,InStock,,,,,100mm-25pcs - 740138,,,,,,,,,,,,,,,,,,,,,,,,,,,,,,,,,,,,,,
product_d45d827d-0e37-86c2-38e1-f4c9bb4b96a7,Variant,,,,,,,,8.65,TRUE,,,InStock,,,,,80mm-50pcs - 740136,,,,,,,,,,,,,,,,,,,,,,,,,,,,,,,,,,,,,,
product_d45d827d-0e37-86c2-38e1-f4c9bb4b96a7,Variant,,,,,,,,2.69,TRUE,,,InStock,,,,,60mm-50pcs - 740134,,,,,,,,,,,,,,,,,,,,,,,,,,,,,,,,,,,,,,
product_d45d827d-0e37-86c2-38e1-f4c9bb4b96a7,Variant,,,,,,,,5.69,TRUE,,,InStock,,,,,50mm-100pcs - 740133,,,,,,,,,,,,,,,,,,,,,,,,,,,,,,,,,,,,,,
product_d45d827d-0e37-86c2-38e1-f4c9bb4b96a7,Variant,,,,,,,,1.69,TRUE,,,InStock,,,,,120mm-10pcs - 740139,,,,,,,,,,,,,,,,,,,,,,,,,,,,,,,,,,,,,,
product_d45d827d-0e37-86c2-38e1-f4c9bb4b96a7,Variant,,,,,,,,5.7,TRUE,,,InStock,,,,,90mm-25pcs - 740137,,,,,,,,,,,,,,,,,,,,,,,,,,,,,,,,,,,,,,
product_d45d827d-0e37-86c2-38e1-f4c9bb4b96a7,Variant,,,,,,,,4.45,TRUE,,,InStock,,,,,70mm-50pcs - 740135,,,,,,,,,,,,,,,,,,,,,,,,,,,,,,,,,,,,,,
product_d45d827d-0e37-86c2-38e1-f4c9bb4b96a7,Variant,,,,,,,,0.55,TRUE,,,InStock,,,,,30mm-100pcs - 740131,,,,,,,,,,,,,,,,,,,,,,,,,,,,,,,,,,,,,,
product_5c967261-7de7-01db-770e-a974917a8278,Product,Bicha Aço com um fecho,<p>Cor:&nbsp; prata</p><p>Material: aço</p><p>Cada caixa exterior contém: 50 unidades</p><p>Quantidade mínima de compra 25 unidades</p><p>Preço especial na compra de quantidades maiores</p><p>&nbsp;</p>,55dd72_f5e6e50579814f06ace27d39542dabcb~mv2.jpg,Construção,,,1.99,,FALSE,PERCENT,0,InStock,,,Medidas,DROP_DOWN,200cm - 910941,,,,,,,,,,,,,,,,INFORMAÇÕES DO PRODUTO,"<p>HARDMAN</p>
",ENCOMENDA,"<p>O preço apresentado é referente a uma unidade. O valor total será calculado após envio da encomenda, estando&nbsp; dependente da quantidade mínima obrigatória. <span><span>Preços válidos salvo ruptura de stock, erro tipográfico ou fotográfico.</span></span></p>
",,,,,,,,,,,,,,,TOURO,110012,General Tools,Tools for The Workshop and Garage\General Tools,2025-06-27T13:51:14.668639
product_5c967261-7de7-01db-770e-a974917a8278,Variant,,,,,,,,,FALSE,,,InStock,,,,,200cm - 910941,,,,,,,,,,,,,,,,,,,,,,,,,,,,,,,,,,,,,,
",ENCOMENDA,"<p>O preço apresentado é referente a uma unidade. O valor total será calculado após envio da encomenda, estando&nbsp; dependente da quantidade mínima obrigatória. <span><span>Preços válidos salvo ruptura de stock, erro tipográfico ou fotográfico.</span></span></p>
",,,,,,,,,,,,,,,TOURO,110012,General Tools,Tools for The Workshop and Garage\General Tools,2025-06-27T13:51:14.668683
",ENCOMENDA,"<p>O preço apresentado é referente a uma unidade. O valor total será calculado após envio da encomenda, estando&nbsp; dependente da quantidade mínima obrigatória. <span><span>Preços válidos salvo ruptura de stock, erro tipográfico ou fotográfico.</span></span></p>
",,,,,,,,,,,,,,,TOURO,110012,General Tools,Tools for The Workshop and Garage\General Tools,2025-06-27T13:51:14.668720
product_9dbd931d-9475-449f-305b-bdb8e509d7e8,Product,Traçador de reta + Pó de Traçar + nivel,<p>Cor:&nbsp; azul cristal</p><p>Material: plástico</p><p>Cada caixa exterior contém: 240 unidades</p><p>Quantidade mínima de compra 24 unidades</p><p>Preço especial na compra de quantidades maiores</p><p>&nbsp;</p>,55dd72_757bb4f92aa648dd8e7a2a98719ec14c~mv2.jpg,Construção,,,2.1,,TRUE,PERCENT,0,InStock,,,Medidas,DROP_DOWN,810105,,,,,,,,,,,,,,,,INFORMAÇÕES DO PRODUTO,"<p>HARDMAN</p>
",ENCOMENDA,"<p>O preço apresentado é referente a uma unidade. O valor total será calculado após envio da encomenda, estando&nbsp; dependente da quantidade mínima obrigatória. <span><span>Preços válidos salvo ruptura de stock, erro tipográfico ou fotográfico.</span></span></p>
",,,,,,,,,,,,,,,TOURO,110012,General Tools,Tools for The Workshop and Garage\General Tools,2025-06-27T13:51:14.668757
product_9dbd931d-9475-449f-305b-bdb8e509d7e8,Variant,,,,,,,,,TRUE,,,InStock,,,,,810105,,,,,,,,,,,,,,,,,,,,,,,,,,,,,,,,,,,,,,
product_30c51667-30ae-0c9f-7901-451d81ef68c4,Product,Corta vidros profissional  com depósito para petróleo,<p>Cor:&nbsp; azul cristal</p><p>Material: diamante e plástico</p><p>Cada caixa exterior contém: 240 unidades</p><p>Quantidade mínima de compra 24 unidades</p><p>Preço especial na compra de quantidades maiores</p><p>&nbsp;</p>,55dd72_0e1cbfa04fe343ee94a67526fc77e882~mv2.jpg,Construção,,,1.99,,TRUE,PERCENT,0,InStock,,,Medidas,DROP_DOWN,280104,,,,,,,,,,,,,,,,INFORMAÇÕES DO PRODUTO,"<p>HARDMAN</p>
",ENCOMENDA,"<p>O preço apresentado é referente a uma unidade. O valor total será calculado após envio da encomenda, estando&nbsp; dependente da quantidade mínima obrigatória. <span><span>Preços válidos salvo ruptura de stock, erro tipográfico ou fotográfico.</span></span></p>
",,,,,,,,,,,,,,,TOURO,110012,General Tools,Tools for The Workshop and Garage\General Tools,2025-06-27T13:51:14.668843
product_30c51667-30ae-0c9f-7901-451d81ef68c4,Variant,,,,,,,,,TRUE,,,InStock,,,,,280104,,,,,,,,,,,,,,,,,,,,,,,,,,,,,,,,,,,,,,
product_3cc4fcb0-b6d3-608f-e703-493f825de6b8,Product,cabo de fibra para picareta - redondo,<p>Cor:&nbsp; azul e amarelo</p><p>Material: fibra</p><p>Cada caixa exterior contém: 20 unidades</p><p>Quantidade mínima de compra 5 unidades</p><p>Preço especial na compra de quantidades maiores</p><p>&nbsp;</p>,55dd72_869eda21fac541bdbdaa435728fe25b8~mv2.jpg,Construção,,,5.5,,TRUE,PERCENT,0,InStock,,,Medidas,DROP_DOWN,910mm - 590330,,,,,,,,,,,,,,,,INFORMAÇÕES DO PRODUTO,"<p>HARDMAN</p>
",ENCOMENDA,"<p>O preço apresentado é referente a uma unidade. O valor total será calculado após envio da encomenda, estando&nbsp; dependente da quantidade mínima obrigatória. <span><span>Preços válidos salvo ruptura de stock, erro tipográfico ou fotográfico.</span></span></p>
",,,,,,,,,,,,,,,TOURO,110010,Cables and Extensions,Tools for Electricians\Cables and Extensions,2025-06-27T13:51:14.668914
product_3cc4fcb0-b6d3-608f-e703-493f825de6b8,Variant,,,,,,,,,TRUE,,,InStock,,,,,910mm - 590330,,,,,,,,,,,,,,,,,,,,,,,,,,,,,,,,,,,,,,
product_e0f311af-21d5-2b3d-d8e8-0354266c06c2,Product,Picareta profissional sem cabo,<p>Cor:&nbsp; preto</p><p>Material: metal</p><p>Cada caixa exterior contém: 10 unidades</p><p>Quantidade mínima de compra 5 unidades</p><p>Preço especial na compra de quantidades maiores</p><p>&nbsp;</p>,55dd72_44134086d583438fa6fc17d1fa167dc6~mv2.jpg,Construção,,,5.99,,TRUE,PERCENT,0,InStock,,,Medidas,DROP_DOWN,2kg - 550133;2.5kg - 550122,,,,,,,,,,,,,,,,INFORMAÇÕES DO PRODUTO,"<p>HARDMAN</p>
",ENCOMENDA,"<p>O preço apresentado é referente a uma unidade. O valor total será calculado após envio da encomenda, estando&nbsp; dependente da quantidade mínima obrigatória. <span><span>Preços válidos salvo ruptura de stock, erro tipográfico ou fotográfico.</span></span></p>
",,,,,,,,,,,,,,,TOURO,110010,Cables and Extensions,Tools for Electricians\Cables and Extensions,2025-06-27T13:51:14.668976
product_e0f311af-21d5-2b3d-d8e8-0354266c06c2,Variant,,,,,,,,0.75,TRUE,,,InStock,,,,,2.5kg - 550122,,,,,,,,,,,,,,,,,,,,,,,,,,,,,,,,,,,,,,
product_e0f311af-21d5-2b3d-d8e8-0354266c06c2,Variant,,,,,,,,,TRUE,,,InStock,,,,,2kg - 550133,,,,,,,,,,,,,,,,,,,,,,,,,,,,,,,,,,,,,,
product_f59c4d70-67ad-d110-6d81-9ae82bf6b3e5,Product,Mini picareta pá & bico - Picadeira cabo de fibra,<p>Cor:&nbsp; azul e amarelo</p><p>Material: metal e fibra</p><p>Cada caixa exterior contém: 24 unidades</p><p>Quantidade mínima de compra 6 unidades</p><p>Preço especial na compra de quantidades maiores</p><p>&nbsp;</p>,55dd72_d73fd69b49504d88a6898ddc12a828b2~mv2.jpg,Construção,,,5.55,,TRUE,PERCENT,0,InStock,,,Medidas,DROP_DOWN,400g - 550115,,,,,,,,,,,,,,,,INFORMAÇÕES DO PRODUTO,"<p>HARDMAN</p>
",ENCOMENDA,"<p>O preço apresentado é referente a uma unidade. O valor total será calculado após envio da encomenda, estando&nbsp; dependente da quantidade mínima obrigatória. <span><span>Preços válidos salvo ruptura de stock, erro tipográfico ou fotográfico.</span></span></p>
",,,,,,,,,,,,,,,TOURO,110010,Cables and Extensions,Tools for Electricians\Cables and Extensions,2025-06-27T13:51:14.669076
product_f59c4d70-67ad-d110-6d81-9ae82bf6b3e5,Variant,,,,,,,,,TRUE,,,InStock,,,,,400g - 550115,,,,,,,,,,,,,,,,,,,,,,,,,,,,,,,,,,,,,,
product_584c3da0-20ec-b413-a123-e347625e7936,Product,Misturador- tinta / cola - Hexagonal,<p>Cor:&nbsp; vermelho</p><p>Material: Ferro</p><p>Cada caixa exterior contém: 50 unidades</p><p>Quantidade mínima de compra 25 unidades</p><p>Preço especial na compra de quantidades maiores</p><p>&nbsp;</p>,55dd72_53c8877f8cf6401095c3e4f7e544894a~mv2.jpg,Construção,,,1.34,,TRUE,PERCENT,0,InStock,,,Medidas,DROP_DOWN,60x8x400mm - A1110;85x8x400mm - 670400;10x10x600mm - 670401,,,,,,,,,,,,,,,,INFORMAÇÕES DO PRODUTO,"<p>HARDMAN</p>
",ENCOMENDA,"<p>O preço apresentado é referente a uma unidade. O valor total será calculado após envio da encomenda, estando&nbsp; dependente da quantidade mínima obrigatória. <span><span>Preços válidos salvo ruptura de stock, erro tipográfico ou fotográfico.</span></span></p>
",,,,,,,,,,,,,,,TOURO,110012,General Tools,Tools for The Workshop and Garage\General Tools,2025-06-27T13:51:14.669120
product_584c3da0-20ec-b413-a123-e347625e7936,Variant,,,,,,,,0.5,TRUE,,,InStock,,,,,10x10x600mm - 670401,,,,,,,,,,,,,,,,,,,,,,,,,,,,,,,,,,,,,,
product_584c3da0-20ec-b413-a123-e347625e7936,Variant,,,,,,,,,TRUE,,,InStock,,,,,60x8x400mm - A1110,,,,,,,,,,,,,,,,,,,,,,,,,,,,,,,,,,,,,,
product_584c3da0-20ec-b413-a123-e347625e7936,Variant,,,,,,,,,FALSE,,,InStock,,,,,85x8x400mm - 670400,,,,,,,,,,,,,,,,,,,,,,,,,,,,,,,,,,,,,,
product_22492b78-440f-e29d-ed47-0a56de986ca9,Product,Pistola mastik profissional de aço tipo italiano,<p>Utilização: pode ser utilizada com qualquer cartucho standard.</p><p>Cor:&nbsp; vermelho</p><p>Material: aço e metal</p><p>Cada caixa exterior contém: 24 unidades</p><p>Quantidade mínima de compra 12 unidades</p><p>Preço especial na compra de quantidades maiores</p><p>&nbsp;</p>,55dd72_91428b9fb0754881a6bd744040a77d30~mv2.jpg,Construção,,,1.79,,FALSE,PERCENT,0,InStock,,,Medidas,DROP_DOWN,"9"" / 225mm - 670120",,,,,,,,,,,,,,,,INFORMAÇÕES DO PRODUTO,"<p>HARDMAN</p>
",ENCOMENDA,"<p>O preço apresentado é referente a uma unidade. O valor total será calculado após envio da encomenda, estando&nbsp; dependente da quantidade mínima obrigatória. <span><span>Preços válidos salvo ruptura de stock, erro tipográfico ou fotográfico.</span></span></p>
",,,,,,,,,,,,,,,TOURO,110012,General Tools,Tools for The Workshop and Garage\General Tools,2025-06-27T13:51:14.669184
product_22492b78-440f-e29d-ed47-0a56de986ca9,Variant,,,,,,,,,FALSE,,,InStock,,,,,"9"" / 225mm - 670120",,,,,,,,,,,,,,,,,,,,,,,,,,,,,,,,,,,,,,
product_e61b6462-ef2f-7a86-ffe4-5427aa065b9f,Product,Pistola mastik de alumínio tipo italiano,<p>Utilização: pode ser utilizada com qualquer cartucho standard.</p><p>Cor:&nbsp; preto e vermelho</p><p>Material: alumínio e metal</p><p>Cada caixa exterior contém: 24 unidades</p><p>Quantidade mínima de compra 12 unidades</p><p>Preço especial na compra de quantidades maiores</p><p>&nbsp;</p>,55dd72_e6bf32c7a77241e2a9101dda02f9feed~mv2.jpg,Construção,,,3.99,,TRUE,PERCENT,0,InStock,,,Medidas,DROP_DOWN,"9""/ 225mm - 670104",,,,,,,,,,,,,,,,INFORMAÇÕES DO PRODUTO,"<p>HARDMAN</p>
",ENCOMENDA,"<p>O preço apresentado é referente a uma unidade. O valor total será calculado após envio da encomenda, estando&nbsp; dependente da quantidade mínima obrigatória. <span><span>Preços válidos salvo ruptura de stock, erro tipográfico ou fotográfico.</span></span></p>
",,,,,,,,,,,,,,,TOURO,110012,General Tools,Tools for The Workshop and Garage\General Tools,2025-06-27T13:51:14.669224
product_e61b6462-ef2f-7a86-ffe4-5427aa065b9f,Variant,,,,,,,,,TRUE,,,InStock,,,,,"9""/ 225mm - 670104",,,,,,,,,,,,,,,,,,,,,,,,,,,,,,,,,,,,,,
product_dcd11ff0-3f0b-4f43-0d0f-b3f76001d2cc,Product,Pistola mastik profissional em tubo de alumínio,<p>Utilização: pode ser utilizada com cartucho ou produto solto.</p><p>Cor:&nbsp; preto e prata</p><p>Material: alumínio e plástico</p><p>Cada caixa exterior contém: 40 unidades</p><p>Quantidade mínima de compra 10 unidades</p><p>Preço especial na compra de quantidades maiores</p><p>&nbsp;</p>,55dd72_6fca5ae4727a46cbafa5d7f84cfd9d33~mv2.jpg,Construção,,,4.5,,TRUE,PERCENT,0,InStock,,,Medidas,DROP_DOWN,"9"" - 670114;15"" - 670119",,,,,,,,,,,,,,,,INFORMAÇÕES DO PRODUTO,"<p>HARDMAN</p>
",ENCOMENDA,"<p>O preço apresentado é referente a uma unidade. O valor total será calculado após envio da encomenda, estando&nbsp; dependente da quantidade mínima obrigatória. <span><span>Preços válidos salvo ruptura de stock, erro tipográfico ou fotográfico.</span></span></p>
",,,,,,,,,,,,,,,TOURO,110012,General Tools,Tools for The Workshop and Garage\General Tools,2025-06-27T13:51:14.669262
product_dcd11ff0-3f0b-4f43-0d0f-b3f76001d2cc,Variant,,,,,,,,,TRUE,,,InStock,,,,,"9"" - 670114",,,,,,,,,,,,,,,,,,,,,,,,,,,,,,,,,,,,,,
product_dcd11ff0-3f0b-4f43-0d0f-b3f76001d2cc,Variant,,,,,,,,,TRUE,,,InStock,,,,,"15"" - 670119",,,,,,,,,,,,,,,,,,,,,,,,,,,,,,,,,,,,,,
product_e01e78ab-2a6d-a308-4dcf-2f1dba61a621,Product,Colher de pedreiro - cabo de borracha,<p>Cor:&nbsp; azul e amarelo</p><p>Material: metal</p><p>Cada caixa exterior contém: 120 unidades</p><p>Quantidade mínima de compra 24 unidades</p><p>Preço especial na compra de quantidades maiores</p><p>&nbsp;</p>,55dd72_d10da11d3fe3494d9aa84c5d361531ca~mv2.jpg,Construção,,,1.76,,TRUE,PERCENT,0,InStock,,,Medidas,DROP_DOWN,22cm - 210606,,,,,,,,,,,,,,,,INFORMAÇÕES DO PRODUTO,"<p>HARDMAN</p>
",ENCOMENDA,"<p>O preço apresentado é referente a uma unidade. O valor total será calculado após envio da encomenda, estando&nbsp; dependente da quantidade mínima obrigatória. <span><span>Preços válidos salvo ruptura de stock, erro tipográfico ou fotográfico.</span></span></p>
",,,,,,,,,,,,,,,TOURO,110006,Trowels and Spatulas,Construction and Renovation\Hand Tools\Trowels and Spatulas,2025-06-27T13:51:14.669308
product_e01e78ab-2a6d-a308-4dcf-2f1dba61a621,Variant,,,,,,,,,TRUE,,,InStock,,,,,22cm - 210606,,,,,,,,,,,,,,,,,,,,,,,,,,,,,,,,,,,,,,
product_860ba14f-5d9e-7237-3432-37966c0a3ee5,Product,Colher de pedreiro cortada - cabo de borracha,<p>Cor:&nbsp; azul e amarelo</p><p>Material: metal</p><p>Cada caixa exterior contém: 120 unidades</p><p>Quantidade mínima de compra 24 unidades</p><p>Preço especial na compra de quantidades maiores</p><p>&nbsp;</p>,55dd72_4f5407af90c84f4db201744864325478~mv2.jpg,Construção,,,1.79,,TRUE,PERCENT,0,InStock,,,Medidas,DROP_DOWN,22cm - 210604,,,,,,,,,,,,,,,,INFORMAÇÕES DO PRODUTO,"<p>HARDMAN</p>
",ENCOMENDA,"<p>O preço apresentado é referente a uma unidade. O valor total será calculado após envio da encomenda, estando&nbsp; dependente da quantidade mínima obrigatória. <span><span>Preços válidos salvo ruptura de stock, erro tipográfico ou fotográfico.</span></span></p>
",,,,,,,,,,,,,,,TOURO,110006,Trowels and Spatulas,Construction and Renovation\Hand Tools\Trowels and Spatulas,2025-06-27T13:51:14.669360
product_860ba14f-5d9e-7237-3432-37966c0a3ee5,Variant,,,,,,,,,TRUE,,,InStock,,,,,22cm - 210604,,,,,,,,,,,,,,,,,,,,,,,,,,,,,,,,,,,,,,
product_fc75348a-7606-4809-7c02-f5c7aa09c73c,Product,Colher de pedreiro  - cabo de madeira,<p>Cor:&nbsp; madeira</p><p>Material: metal</p><p>Cada caixa exterior contém: 120 unidades</p><p>Quantidade mínima de compra 24 unidades</p><p>Preço especial na compra de quantidades maiores</p><p>&nbsp;</p>,55dd72_cc2270e4983e40a595521794688ac8cc~mv2.jpg,Construção,,,1.49,,TRUE,PERCENT,0,InStock,,,Medidas,DROP_DOWN,22cm - 210602,,,,,,,,,,,,,,,,INFORMAÇÕES DO PRODUTO,"<p>HARDMAN</p>
",ENCOMENDA,"<p>O preço apresentado é referente a uma unidade. O valor total será calculado após envio da encomenda, estando&nbsp; dependente da quantidade mínima obrigatória. <span><span>Preços válidos salvo ruptura de stock, erro tipográfico ou fotográfico.</span></span></p>
",,,,,,,,,,,,,,,TOURO,110006,Trowels and Spatulas,Construction and Renovation\Hand Tools\Trowels and Spatulas,2025-06-27T13:51:14.669447
product_fc75348a-7606-4809-7c02-f5c7aa09c73c,Variant,,,,,,,,,TRUE,,,InStock,,,,,22cm - 210602,,,,,,,,,,,,,,,,,,,,,,,,,,,,,,,,,,,,,,
product_34b5eb02-7e98-39be-3c73-5a3f7b38deb5,Product,Colher de pedreiro cortada  - cabo de madeira,<p>Cor:&nbsp; madeira</p><p>Material: metal</p><p>Cada caixa exterior contém: 120 unidades</p><p>Quantidade mínima de compra 24 unidades</p><p>Preço especial na compra de quantidades maiores</p><p>&nbsp;</p>,55dd72_f0f7bfa27e5245a79253ee6faf969f2f~mv2.jpg,Construção,,,1.49,,TRUE,PERCENT,0,InStock,,,Medidas,DROP_DOWN,22cm - 210202,,,,,,,,,,,,,,,,INFORMAÇÕES DO PRODUTO,"<p>HARDMAN</p>
",ENCOMENDA,"<p>O preço apresentado é referente a uma unidade. O valor total será calculado após envio da encomenda, estando&nbsp; dependente da quantidade mínima obrigatória. <span><span>Preços válidos salvo ruptura de stock, erro tipográfico ou fotográfico.</span></span></p>
",,,,,,,,,,,,,,,TOURO,110006,Trowels and Spatulas,Construction and Renovation\Hand Tools\Trowels and Spatulas,2025-06-27T13:51:14.669488
product_34b5eb02-7e98-39be-3c73-5a3f7b38deb5,Variant,,,,,,,,,TRUE,,,InStock,,,,,22cm - 210202,,,,,,,,,,,,,,,,,,,,,,,,,,,,,,,,,,,,,,
product_99281c7a-dae4-c006-99ff-0ebaca485424,Product,Talocha 120x500 prof. de inox dentada 10x10 T/Inox - cabo de madeira,<p>Cor:&nbsp; madeira</p><p>Material: inox e madeira</p><p>Cada caixa exterior contém: 60 unidades</p><p>Quantidade mínima de compra 12 unidades</p><p>Preço especial na compra de quantidades maiores</p><p>&nbsp;</p>,55dd72_972f3bbe740e400087b88cf1ba76d65f~mv2.jpg,Construção,,,4.99,,TRUE,PERCENT,0,InStock,,,Medidas,DROP_DOWN,120x500mm - 210141,,,,,,,,,,,,,,,,INFORMAÇÕES DO PRODUTO,"<p>HARDMAN</p>
",ENCOMENDA,"<p>O preço apresentado é referente a uma unidade. O valor total será calculado após envio da encomenda, estando&nbsp; dependente da quantidade mínima obrigatória. <span><span>Preços válidos salvo ruptura de stock, erro tipográfico ou fotográfico.</span></span></p>
",,,,,,,,,,,,,,,TOURO,110006,Trowels and Spatulas,Construction and Renovation\Hand Tools\Trowels and Spatulas,2025-06-27T13:51:14.669523
product_99281c7a-dae4-c006-99ff-0ebaca485424,Variant,,,,,,,,,TRUE,,,InStock,,,,,120x500mm - 210141,,,,,,,,,,,,,,,,,,,,,,,,,,,,,,,,,,,,,,
product_9b4e07bb-8e30-a909-f55a-ff12158d0125,Product,Talocha 120x500 prof. de inox lisa T/Inox - cabo de madeira,<p>Cor:&nbsp; madeira</p><p>Material: inox e madeira</p><p>Cada caixa exterior contém: 60 unidades</p><p>Quantidade mínima de compra 12 unidades</p><p>Preço especial na compra de quantidades maiores</p><p>&nbsp;</p>,55dd72_045b834d59aa4eda9e69a807ecd6f4eb~mv2.jpg,Construção,,,5.89,,TRUE,PERCENT,0,InStock,,,Medidas,DROP_DOWN,120x500mm - 210140,,,,,,,,,,,,,,,,INFORMAÇÕES DO PRODUTO,"<p>HARDMAN</p>
",ENCOMENDA,"<p>O preço apresentado é referente a uma unidade. O valor total será calculado após envio da encomenda, estando&nbsp; dependente da quantidade mínima obrigatória. <span><span>Preços válidos salvo ruptura de stock, erro tipográfico ou fotográfico.</span></span></p>
",,,,,,,,,,,,,,,TOURO,110006,Trowels and Spatulas,Construction and Renovation\Hand Tools\Trowels and Spatulas,2025-06-27T13:51:14.669558
product_9b4e07bb-8e30-a909-f55a-ff12158d0125,Variant,,,,,,,,,TRUE,,,InStock,,,,,120x500mm - 210140,,,,,,,,,,,,,,,,,,,,,,,,,,,,,,,,,,,,,,
product_0c5d8584-e251-612c-3cda-f9d7f2fb4878,Product,Talocha 120x300 prof de aço lisa T/Inox- cabo de borracha,<p>Cor:&nbsp; vermelha</p><p>Material: aço</p><p>Cada caixa exterior contém: 60 unidades</p><p>Quantidade mínima de compra 12 unidades</p><p>Preço especial na compra de quantidades maiores</p><p>&nbsp;</p>,55dd72_252f3eab06114f03a577d0696bcbc564~mv2.jpg,Construção,,,3.79,,TRUE,PERCENT,0,InStock,,,Medidas,DROP_DOWN,120x300mm - 210123,,,,,,,,,,,,,,,,INFORMAÇÕES DO PRODUTO,"<p>HARDMAN</p>
",ENCOMENDA,"<p>O preço apresentado é referente a uma unidade. O valor total será calculado após envio da encomenda, estando&nbsp; dependente da quantidade mínima obrigatória. <span><span>Preços válidos salvo ruptura de stock, erro tipográfico ou fotográfico.</span></span></p>
",,,,,,,,,,,,,,,TOURO,110006,Trowels and Spatulas,Construction and Renovation\Hand Tools\Trowels and Spatulas,2025-06-27T13:51:14.669598
product_0c5d8584-e251-612c-3cda-f9d7f2fb4878,Variant,,,,,,,,,TRUE,,,InStock,,,,,120x300mm - 210123,,,,,,,,,,,,,,,,,,,,,,,,,,,,,,,,,,,,,,
product_79984aba-d353-0237-33d2-ec9608091c06,Product,Talocha 125x300 prof. de aço dentada 8x8 - T/Inox - cabo de borracha,<p>Cor:&nbsp; vermelha</p><p>Material: aço</p><p>Cada caixa exterior contém: 60 unidades</p><p>Quantidade mínima de compra 12 unidades</p><p>Preço especial na compra de quantidades maiores</p><p>&nbsp;</p>,55dd72_7385fca59fcc453c90563e688f4b222b~mv2.jpg,Construção,,,3.3,,TRUE,PERCENT,0,InStock,,,Medidas,DROP_DOWN,125x300mm - 210124,,,,,,,,,,,,,,,,INFORMAÇÕES DO PRODUTO,"<p>HARDMAN</p>
",ENCOMENDA,"<p>O preço apresentado é referente a uma unidade. O valor total será calculado após envio da encomenda, estando&nbsp; dependente da quantidade mínima obrigatória. <span><span>Preços válidos salvo ruptura de stock, erro tipográfico ou fotográfico.</span></span></p>
",,,,,,,,,,,,,,,TOURO,110006,Trowels and Spatulas,Construction and Renovation\Hand Tools\Trowels and Spatulas,2025-06-27T13:51:14.669636
product_79984aba-d353-0237-33d2-ec9608091c06,Variant,,,,,,,,,TRUE,,,InStock,,,,,125x300mm - 210124,,,,,,,,,,,,,,,,,,,,,,,,,,,,,,,,,,,,,,
product_5fb6cf7c-3821-7bfd-dbe5-4c529c76ed2c,Product,Pá metálica quadrada vermelha,<p>Cor:&nbsp; vermelha</p><p>Material: metal</p><p>Cada caixa exterior contém: 24 unidades</p><p>Quantidade mínima de compra 6 unidades</p><p>Preço especial na compra de quantidades maiores</p><p>&nbsp;</p>,55dd72_9f988accde52486d8ed77f97683eba94~mv2.jpg,Construção,,,5.99,,TRUE,PERCENT,0,InStock,,,Medidas,DROP_DOWN,210115,,,,,,,,,,,,,,,,INFORMAÇÕES DO PRODUTO,"<p>HARDMAN</p>
",ENCOMENDA,"<p>O preço apresentado é referente a uma unidade. O valor total será calculado após envio da encomenda, estando&nbsp; dependente da quantidade mínima obrigatória. <span><span>Preços válidos salvo ruptura de stock, erro tipográfico ou fotográfico.</span></span></p>
",,,,,,,,,,,,,,,TOURO,110012,General Tools,Tools for The Workshop and Garage\General Tools,2025-06-27T13:51:14.669674
product_5fb6cf7c-3821-7bfd-dbe5-4c529c76ed2c,Variant,,,,,,,,,TRUE,,,InStock,,,,,210115,,,,,,,,,,,,,,,,,,,,,,,,,,,,,,,,,,,,,,
product_fa6c1f1a-6e6d-4062-a6d8-6e3a1f76b6ae,Product,Pás em Cabo Metal em Bico / Quadrada,<p>Cor:  vermelha</p><p>Material: metal</p><p>Em Bico ou Quadrada Cabo em Metal</p><p></p><p>Cada saca contém: 6 unidades</p><p>Quantidade mínima de compra 6 unidades</p><p>Preço especial na compra de quantidades maiores</p>,55dd72_3107554d6fa54f619312d65a22ff817b~mv2.jpg,Construção,,,5.99,,TRUE,PERCENT,0,InStock,,,Medidas,DROP_DOWN,Quadrada -[210115];Em Bico -[210116],,,,,,,,,,,,,,,,INFORMAÇÕES DO PRODUTO,"<p>HARDMAN</p>
",ENCOMENDA,"<p>O preço apresentado é referente a uma unidade. O valor total será calculado após envio da encomenda, estando&nbsp; dependente da quantidade mínima obrigatória. <span><span>Preços válidos salvo ruptura de stock, erro tipográfico ou fotográfico.</span></span></p>
",,,,,,,,,,,,,,,TOURO,110010,Cables and Extensions,Tools for Electricians\Cables and Extensions,2025-06-27T13:51:14.669763
product_fa6c1f1a-6e6d-4062-a6d8-6e3a1f76b6ae,Variant,,,,,,,,,TRUE,,,InStock,,,,,Em Bico -[210116],,,,,,,,,,,,,,,,,,,,,,,,,,,,,,,,,,,,,,
product_fa6c1f1a-6e6d-4062-a6d8-6e3a1f76b6ae,Variant,,,,,,,,,TRUE,,,InStock,,,,,Quadrada -[210115],,,,,,,,,,,,,,,,,,,,,,,,,,,,,,,,,,,,,,
product_8284b8db-9ea8-47b7-d471-f29b4b99eb9c,Product,Pá metálica quadrada - cabo de madeira e punho ABS,<p>Cor:&nbsp; preto</p><p>Material: metal e madeira</p><p>Cada caixa exterior contém: 24 unidades</p><p>Quantidade mínima de compra 6 unidades</p><p>Preço especial na compra de quantidades maiores</p><p>&nbsp;</p>,55dd72_45440d8aa7cf4579881e9f2b23cf1983~mv2.jpg,Construção,,,5.99,,FALSE,PERCENT,0,InStock,,,Medidas,DROP_DOWN,210121,,,,,,,,,,,,,,,,INFORMAÇÕES DO PRODUTO,"<p>HARDMAN</p>
",ENCOMENDA,"<p>O preço apresentado é referente a uma unidade. O valor total será calculado após envio da encomenda, estando&nbsp; dependente da quantidade mínima obrigatória. <span><span>Preços válidos salvo ruptura de stock, erro tipográfico ou fotográfico.</span></span></p>
",,,,,,,,,,,,,,,TOURO,110010,Cables and Extensions,Tools for Electricians\Cables and Extensions,2025-06-27T13:51:14.669834
product_8284b8db-9ea8-47b7-d471-f29b4b99eb9c,Variant,,,,,,,,,FALSE,,,InStock,,,,,210121,,,,,,,,,,,,,,,,,,,,,,,,,,,,,,,,,,,,,,
product_bbcedab3-e070-4613-3c2a-6c52731f6c00,Product,Pás de bico / Quadrada cabo Madeira,<p>Cor:  preto</p><p>Cabo me madeira e Punho ABS</p><p>Material: metal e madeira</p><p>Cada saca contém: 6 unidades</p><p>Quantidade mínima de compra 6 unidades</p><p>Preço especial na compra de quantidades maiores</p>,55dd72_abb6833bcc904502ad9e1c3b4926092f~mv2.jpg,Construção;Ferramentas Manuais,,,5.99,,TRUE,PERCENT,0,InStock,,,Medidas,DROP_DOWN,Quadrada - [210121];Em bico - [210120],,,,,,,,,,,,,,,,INFORMAÇÕES DO PRODUTO,"<p>HARDMAN</p>
",ENCOMENDA,"<p>O preço apresentado é referente a uma unidade. O valor total será calculado após envio da encomenda, estando&nbsp; dependente da quantidade mínima obrigatória. <span><span>Preços válidos salvo ruptura de stock, erro tipográfico ou fotográfico.</span></span></p>
",,,,,,,,,,,,,,,TOURO,110010,Cables and Extensions,Tools for Electricians\Cables and Extensions,2025-06-27T13:51:14.669872
product_bbcedab3-e070-4613-3c2a-6c52731f6c00,Variant,,,,,,,,,TRUE,,,InStock,,,,,Quadrada - [210121],,,,,,,,,,,,,,,,,,,,,,,,,,,,,,,,,,,,,,
product_bbcedab3-e070-4613-3c2a-6c52731f6c00,Variant,,,,,,,,,TRUE,,,InStock,,,,,Em bico - [210120],,,,,,,,,,,,,,,,,,,,,,,,,,,,,,,,,,,,,,
product_19f598de-e0f0-8aec-8bb9-9d7b3ff8dc55,Product,Espátula de estucador dentada - cabo de borracha,<p>Cor:&nbsp; amarelo e preto</p><p>Material: aço e borracha</p><p>Cada caixa exterior contém: 120 unidades</p><p>Quantidade mínima de compra 12 unidades</p><p>Preço especial na compra de quantidades maiores</p><p>&nbsp;</p>,55dd72_af0df87c63ae4e49981f613234601582~mv2.jpg,Construção,,,0,,FALSE,PERCENT,0,InStock,,,Medidas,DROP_DOWN,90x160mm - 110410;90x200mm - 110411,,,,,,,,,,,,,,,,INFORMAÇÕES DO PRODUTO,"<p>HARDMAN</p>
",ENCOMENDA,"<p>O preço apresentado é referente a uma unidade. O valor total será calculado após envio da encomenda, estando&nbsp; dependente da quantidade mínima obrigatória. <span><span>Preços válidos salvo ruptura de stock, erro tipográfico ou fotográfico.</span></span></p>
",,,,,,,,,,,,,,,TOURO,110010,Cables and Extensions,Tools for Electricians\Cables and Extensions,2025-06-27T13:51:14.669923
product_19f598de-e0f0-8aec-8bb9-9d7b3ff8dc55,Variant,,,,,,,,,FALSE,,,InStock,,,,,90x200mm - 110411,,,,,,,,,,,,,,,,,,,,,,,,,,,,,,,,,,,,,,
product_19f598de-e0f0-8aec-8bb9-9d7b3ff8dc55,Variant,,,,,,,,,FALSE,,,InStock,,,,,90x160mm - 110410,,,,,,,,,,,,,,,,,,,,,,,,,,,,,,,,,,,,,,
product_f114183a-500e-13ff-d4b2-458f77bd156c,Product,Espatula Polida em Inox com cabo de borracha ,<p>Cor:&nbsp; amarelo e preto</p><p>Material: aço</p><p>Cada caixa exterior contém: 120 unidades</p><p>Quantidade mínima de compra 12 unidades</p><p>Preço especial na compra de quantidades maiores</p><p>&nbsp;</p>,55dd72_d03f40ce68c9498598cab1f6d3f6266f~mv2.png,Construção,,,0.75,,TRUE,PERCENT,0,InStock,,,Medidas,DROP_DOWN,20mm - 110110;30mm - 110111;40mm - 110112;50mm - 110113;60mm - 110114;80mm - 110115;100mm - 110116;120mm - 110117,,,,,,,,,,,,,,,,INFORMAÇÕES DO PRODUTO,"<p>HARDMAN</p>
",ENCOMENDA,"<p>O preço apresentado é referente a uma unidade. O valor total será calculado após envio da encomenda, estando&nbsp; dependente da quantidade mínima obrigatória. <span><span>Preços válidos salvo ruptura de stock, erro tipográfico ou fotográfico.</span></span></p>
",,,,,,,,,,,,,,,TOURO,110006,Trowels and Spatulas,Construction and Renovation\Hand Tools\Trowels and Spatulas,2025-06-27T13:51:14.669969
product_f114183a-500e-13ff-d4b2-458f77bd156c,Variant,,,,,,,,0.45,TRUE,,,InStock,,,,,80mm - 110115,,,,,,,,,,,,,,,,,,,,,,,,,,,,,,,,,,,,,,
product_f114183a-500e-13ff-d4b2-458f77bd156c,Variant,,,,,,,,0.55,TRUE,,,InStock,,,,,100mm - 110116,,,,,,,,,,,,,,,,,,,,,,,,,,,,,,,,,,,,,,
product_f114183a-500e-13ff-d4b2-458f77bd156c,Variant,,,,,,,,0.1,TRUE,,,InStock,,,,,30mm - 110111,,,,,,,,,,,,,,,,,,,,,,,,,,,,,,,,,,,,,,
product_f114183a-500e-13ff-d4b2-458f77bd156c,Variant,,,,,,,,0.65,TRUE,,,InStock,,,,,120mm - 110117,,,,,,,,,,,,,,,,,,,,,,,,,,,,,,,,,,,,,,
product_f114183a-500e-13ff-d4b2-458f77bd156c,Variant,,,,,,,,0.24,TRUE,,,InStock,,,,,50mm - 110113,,,,,,,,,,,,,,,,,,,,,,,,,,,,,,,,,,,,,,
product_f114183a-500e-13ff-d4b2-458f77bd156c,Variant,,,,,,,,,TRUE,,,InStock,,,,,20mm - 110110,,,,,,,,,,,,,,,,,,,,,,,,,,,,,,,,,,,,,,
product_f114183a-500e-13ff-d4b2-458f77bd156c,Variant,,,,,,,,0.3,TRUE,,,InStock,,,,,60mm - 110114,,,,,,,,,,,,,,,,,,,,,,,,,,,,,,,,,,,,,,
product_f114183a-500e-13ff-d4b2-458f77bd156c,Variant,,,,,,,,0.2,TRUE,,,InStock,,,,,40mm - 110112,,,,,,,,,,,,,,,,,,,,,,,,,,,,,,,,,,,,,,
product_c847b838-04d4-a561-b419-e4372b164a54,Product,Fita métrica em aço - caixa metálica,<p>Cor:&nbsp; amarelo e preto</p><p>Material: aço</p><p>Cada caixa exterior contém: 12 unidades</p><p>Quantidade mínima de compra 6 unidades</p><p>Preço especial na compra de quantidades maiores</p><p>&nbsp;</p>,55dd72_2b513241f7474bfaa6c3e3bd6c904c83~mv2.png,Construção,,,5.5,,FALSE,PERCENT,0,InStock,,,Medidas,DROP_DOWN,20mx13mm - 430631,,,,,,,,,,,,,,,,INFORMAÇÕES DO PRODUTO,"<p>HARDMAN</p>
",ENCOMENDA,"<p>O preço apresentado é referente a uma unidade. O valor total será calculado após envio da encomenda, estando&nbsp; dependente da quantidade mínima obrigatória. <span><span>Preços válidos salvo ruptura de stock, erro tipográfico ou fotográfico.</span></span></p>
",,,,,,,,,,,,,,,TOURO,110012,General Tools,Tools for The Workshop and Garage\General Tools,2025-06-27T13:51:14.670078
product_c847b838-04d4-a561-b419-e4372b164a54,Variant,,,,,,,,,FALSE,,,InStock,,,,,20mx13mm - 430631,,,,,,,,,,,,,,,,,,,,,,,,,,,,,,,,,,,,,,
product_03910a49-2084-11ad-30a4-9f5d3c97524a,Product,Fita métrica com travão,<p>Cor:&nbsp; amarelo e preto</p><p>Material: plástico</p><p>Cada caixa exterior contém: 60 unidades</p><p>Quantidade mínima de compra 12 unidades</p><p>Preço especial na compra de quantidades maiores</p><p>&nbsp;</p>,55dd72_43855c5690844b55a66fa6ba38a33a0c~mv2.jpg,Construção,,,0.99,,TRUE,PERCENT,0,InStock,,,Medidas,DROP_DOWN,3mx16mm - 430620;5mx19mm - 430621;5mx25mm - 430622;8mx25mm - 430623;10mx25mm - 430137,,,,,,,,,,,,,,,,INFORMAÇÕES DO PRODUTO,"<p>HARDMAN</p>
",ENCOMENDA,"<p>O preço apresentado é referente a uma unidade. O valor total será calculado após envio da encomenda, estando&nbsp; dependente da quantidade mínima obrigatória. <span><span>Preços válidos salvo ruptura de stock, erro tipográfico ou fotográfico.</span></span></p>
",,,,,,,,,,,,,,,TOURO,110012,General Tools,Tools for The Workshop and Garage\General Tools,2025-06-27T13:51:14.670169
product_03910a49-2084-11ad-30a4-9f5d3c97524a,Variant,,,,,,,,2.75,FALSE,,,InStock,,,,,10mx25mm - 430137,,,,,,,,,,,,,,,,,,,,,,,,,,,,,,,,,,,,,,
product_03910a49-2084-11ad-30a4-9f5d3c97524a,Variant,,,,,,,,,TRUE,,,InStock,,,,,3mx16mm - 430620,,,,,,,,,,,,,,,,,,,,,,,,,,,,,,,,,,,,,,
product_03910a49-2084-11ad-30a4-9f5d3c97524a,Variant,,,,,,,,0.7,TRUE,,,InStock,,,,,5mx19mm - 430621,,,,,,,,,,,,,,,,,,,,,,,,,,,,,,,,,,,,,,
product_03910a49-2084-11ad-30a4-9f5d3c97524a,Variant,,,,,,,,2.31,TRUE,,,InStock,,,,,8mx25mm - 430623,,,,,,,,,,,,,,,,,,,,,,,,,,,,,,,,,,,,,,
product_03910a49-2084-11ad-30a4-9f5d3c97524a,Variant,,,,,,,,1,FALSE,,,InStock,,,,,5mx25mm - 430622,,,,,,,,,,,,,,,,,,,,,,,,,,,,,,,,,,,,,,
product_19cf9250-5533-e832-b6c6-2811d7b7596e,Product,Expositor de aço para 7 bobines,<p>Cor:&nbsp; amarelo</p><p>Material: Aço</p><p>Cada caixa exterior contém: 1 unidades</p><p>Quantidade mínima de compra 1 unidades</p><p>Preço especial na compra de quantidades maiores</p><p>&nbsp;</p>,55dd72_1fb13f47754d436c8eb51d1c3b49747f~mv2.jpg,Construção,,,0,,FALSE,PERCENT,0,InStock,,,Medidas,DROP_DOWN,7 bobines - 150130,,,,,,,,,,,,,,,,INFORMAÇÕES DO PRODUTO,"<p>HARDMAN</p>
",ENCOMENDA,"<p>O preço apresentado é referente a uma unidade. O valor total será calculado após envio da encomenda, estando&nbsp; dependente da quantidade mínima obrigatória. <span><span>Preços válidos salvo ruptura de stock, erro tipográfico ou fotográfico.</span></span></p>
",,,,,,,,,,,,,,,TOURO,110010,Cables and Extensions,Tools for Electricians\Cables and Extensions,2025-06-27T13:51:14.670257
product_19cf9250-5533-e832-b6c6-2811d7b7596e,Variant,,,,,,,,,FALSE,,,InStock,,,,,7 bobines - 150130,,,,,,,,,,,,,,,,,,,,,,,,,,,,,,,,,,,,,,
product_aaac3d07-4fc6-e1a1-287b-0bab986038fb,Product,Corrente branca e vermelha 8mmx25mts,<p>Cor:&nbsp; vermelho e branco</p><p>Material: plástico</p><p>Cada caixa exterior contém: 8 unidades</p><p>Quantidade mínima de compra 2 unidades</p><p>Preço especial na compra de quantidades maiores</p><p>&nbsp;</p>,55dd72_942fdac8ce57436182eaada9e3af8a7f~mv2.jpg,Construção,,,19.5,,TRUE,PERCENT,0,InStock,,,Medidas,DROP_DOWN,8mmx25m - 900701/1,,,,,,,,,,,,,,,,INFORMAÇÕES DO PRODUTO,"<p>HARDMAN</p>
",ENCOMENDA,"<p>O preço apresentado é referente a uma unidade. O valor total será calculado após envio da encomenda, estando&nbsp; dependente da quantidade mínima obrigatória. <span><span>Preços válidos salvo ruptura de stock, erro tipográfico ou fotográfico.</span></span></p>
",,,,,,,,,,,,,,,TOURO,110012,General Tools,Tools for The Workshop and Garage\General Tools,2025-06-27T13:51:14.670313
product_aaac3d07-4fc6-e1a1-287b-0bab986038fb,Variant,,,,,,,,,TRUE,,,InStock,,,,,8mmx25m - 900701/1,,,,,,,,,,,,,,,,,,,,,,,,,,,,,,,,,,,,,,
",ENCOMENDA,"<p>O preço apresentado é referente a uma unidade. O valor total será calculado após envio da encomenda, estando&nbsp; dependente da quantidade mínima obrigatória. <span><span>Preços válidos salvo ruptura de stock, erro tipográfico ou fotográfico.</span></span></p>
",,,,,,,,,,,,,,,TOURO,110012,General Tools,Tools for The Workshop and Garage\General Tools,2025-06-27T13:51:14.670350
product_5fc8ca70-632f-73b4-6fca-80820b6747c0,Product,Cabo de aço inox,<p>Cor: metalico e vermelho</p><p>Material: aço inox</p><p>Cada caixa exterior contém: 4 unidades</p><p>Quantidade mínima de compra 1 unidades</p><p>Preço especial na compra de quantidades maiores</p><p>&nbsp;</p>,55dd72_f8d147b0689545b8910807bccd554c19~mv2.jpg,Construção;Cabos de aço e acessórios ,,,55,,TRUE,PERCENT,0,InStock,,,Medidas,DROP_DOWN,2.5mmx250m - 150138;3mmx250m - 150104/1,,,,,,,,,,,,,,,,INFORMAÇÕES DO PRODUTO,"<p>HARDMAN</p>
",ENCOMENDA,"<p>O preço apresentado é referente a uma unidade. O valor total será calculado após envio da encomenda, estando&nbsp; dependente da quantidade mínima obrigatória. <span><span>Preços válidos salvo ruptura de stock, erro tipográfico ou fotográfico.</span></span></p>
",,,,,,,,,,,,,,,TOURO,110010,Cables and Extensions,Tools for Electricians\Cables and Extensions,2025-06-27T13:51:14.670498
product_5fc8ca70-632f-73b4-6fca-80820b6747c0,Variant,,,,,,,,,TRUE,,,InStock,,,,,2.5mmx250m - 150138,,,,,,,,,,,,,,,,,,,,,,,,,,,,,,,,,,,,,,
product_5fc8ca70-632f-73b4-6fca-80820b6747c0,Variant,,,,,,,,15,TRUE,,,InStock,,,,,3mmx250m - 150104/1,,,,,,,,,,,,,,,,,,,,,,,,,,,,,,,,,,,,,,
product_54243ecf-d9a4-3765-ecb1-7e1dded51981,Product,Cabo de aço revestido a plástico,<p>Cor: metalico e azul</p><p>Material: aço revestido a plástico</p><p>Cada caixa exterior contém: 4 unidades</p><p>Quantidade mínima de compra 1 unidades</p><p>Preço especial na compra de quantidades maiores</p><p>&nbsp;</p>,55dd72_530469193f9f419a9797dfb744796a33~mv2.jpg,Construção;Cabos de aço e acessórios ,,,23.5,,TRUE,PERCENT,0,InStock,,,Medidas,DROP_DOWN,3mmx250m - 150101/1;4mmx250m - 150112;5mmx100m - 150105;6mmx100m - 150106,,,,,,,,,,,,,,,,INFORMAÇÕES DO PRODUTO,"<p>HARDMAN</p>
",ENCOMENDA,"<p>O preço apresentado é referente a uma unidade. O valor total será calculado após envio da encomenda, estando&nbsp; dependente da quantidade mínima obrigatória. <span><span>Preços válidos salvo ruptura de stock, erro tipográfico ou fotográfico.</span></span></p>
",,,,,,,,,,,,,,,TOURO,110010,Cables and Extensions,Tools for Electricians\Cables and Extensions,2025-06-27T13:51:14.670601
product_54243ecf-d9a4-3765-ecb1-7e1dded51981,Variant,,,,,,,,,TRUE,,,InStock,,,,,3mmx250m - 150101/1,,,,,,,,,,,,,,,,,,,,,,,,,,,,,,,,,,,,,,
product_54243ecf-d9a4-3765-ecb1-7e1dded51981,Variant,,,,,,,,10,TRUE,,,InStock,,,,,4mmx250m - 150112,,,,,,,,,,,,,,,,,,,,,,,,,,,,,,,,,,,,,,
product_54243ecf-d9a4-3765-ecb1-7e1dded51981,Variant,,,,,,,,9.5,TRUE,,,InStock,,,,,6mmx100m - 150106,,,,,,,,,,,,,,,,,,,,,,,,,,,,,,,,,,,,,,
product_54243ecf-d9a4-3765-ecb1-7e1dded51981,Variant,,,,,,,,,TRUE,,,InStock,,,,,5mmx100m - 150105,,,,,,,,,,,,,,,,,,,,,,,,,,,,,,,,,,,,,,
product_b2b50cfa-2e35-5d5d-3936-cc61fb5572ad,Product,Cabo de aço galvanizado,<p>Cor: metalico e preto</p><p>Material: aço galvanizado</p><p>Cada caixa exterior contém: 4 unidades</p><p>Quantidade mínima de compra 1 unidades</p><p>Preço especial na compra de quantidades maiores</p><p>&nbsp;</p>,55dd72_fc428dd95bc5424fbf28c320d0b05db3~mv2.png,Construção;Cabos de aço e acessórios ,,,17.89,,TRUE,PERCENT,0,InStock,,,Medidas,DROP_DOWN,2mmx250m - 150088;3mmx250m - 150089;4mmx250m - 150090;5mmx100m - 150091;6mmx100m - 150092;8mmx100m - 150093;10mmx100m - 150094;12mmx100m - 150095,,,,,,,,,,,,,,,,INFORMAÇÕES DO PRODUTO,"<p>HARDMAN</p>
",ENCOMENDA,"<p>O preço apresentado é referente a uma unidade. O valor total será calculado após envio da encomenda, estando&nbsp; dependente da quantidade mínima obrigatória. <span><span>Preços válidos salvo ruptura de stock, erro tipográfico ou fotográfico.</span></span></p>
",,,,,,,,,,,,,,,TOURO,110010,Cables and Extensions,Tools for Electricians\Cables and Extensions,2025-06-27T13:51:14.670677
product_b2b50cfa-2e35-5d5d-3936-cc61fb5572ad,Variant,,,,,,,,107.1,TRUE,,,InStock,,,,,12mmx100m - 150095,,,,,,,,,,,,,,,,,,,,,,,,,,,,,,,,,,,,,,
product_b2b50cfa-2e35-5d5d-3936-cc61fb5572ad,Variant,,,,,,,,,TRUE,,,InStock,,,,,2mmx250m - 150088,,,,,,,,,,,,,,,,,,,,,,,,,,,,,,,,,,,,,,
product_b2b50cfa-2e35-5d5d-3936-cc61fb5572ad,Variant,,,,,,,,10.1,TRUE,,,InStock,,,,,3mmx250m - 150089,,,,,,,,,,,,,,,,,,,,,,,,,,,,,,,,,,,,,,
product_b2b50cfa-2e35-5d5d-3936-cc61fb5572ad,Variant,,,,,,,,92,TRUE,,,InStock,,,,,10mmx100m - 150094,,,,,,,,,,,,,,,,,,,,,,,,,,,,,,,,,,,,,,
product_b2b50cfa-2e35-5d5d-3936-cc61fb5572ad,Variant,,,,,,,,10.61,TRUE,,,InStock,,,,,5mmx100m - 150091,,,,,,,,,,,,,,,,,,,,,,,,,,,,,,,,,,,,,,
product_b2b50cfa-2e35-5d5d-3936-cc61fb5572ad,Variant,,,,,,,,30,TRUE,,,InStock,,,,,4mmx250m - 150090,,,,,,,,,,,,,,,,,,,,,,,,,,,,,,,,,,,,,,
product_b2b50cfa-2e35-5d5d-3936-cc61fb5572ad,Variant,,,,,,,,22,TRUE,,,InStock,,,,,6mmx100m - 150092,,,,,,,,,,,,,,,,,,,,,,,,,,,,,,,,,,,,,,
product_b2b50cfa-2e35-5d5d-3936-cc61fb5572ad,Variant,,,,,,,,53,TRUE,,,InStock,,,,,8mmx100m - 150093,,,,,,,,,,,,,,,,,,,,,,,,,,,,,,,,,,,,,,
product_37d68902-291c-18d7-703a-33175fa673be,Product,Fita teflon,<p>Cor: amarelo e branco</p><p>Material: teflon</p><p>Cada caixa exterior contém: 500 unidades</p><p>Quantidade mínima de compra 50 unidades</p><p>Preço especial na compra de quantidades maiores</p><p>&nbsp;</p>,55dd72_e1b776b02f1e4ad9a708f126720b8d4d~mv2.jpg,Construção,,,0.19,,TRUE,PERCENT,0,InStock,,,Medidas,DROP_DOWN,12mmX10mx0.075 - 440101;19mmx15mx0.2mm - 440103,,,,,,,,,,,,,,,,INFORMAÇÕES DO PRODUTO,"<p>HARDMAN</p>
",ENCOMENDA,"<p>O preço apresentado é referente a uma unidade. O valor total será calculado após envio da encomenda, estando&nbsp; dependente da quantidade mínima obrigatória. <span><span>Preços válidos salvo ruptura de stock, erro tipográfico ou fotográfico.</span></span></p>
",,,,,,,,,,,,,,,TOURO,110012,General Tools,Tools for The Workshop and Garage\General Tools,2025-06-27T13:51:14.670803
product_37d68902-291c-18d7-703a-33175fa673be,Variant,,,,,,,,,TRUE,,,InStock,,,,,12mmX10mx0.075 - 440101,,,,,,,,,,,,,,,,,,,,,,,,,,,,,,,,,,,,,,
product_37d68902-291c-18d7-703a-33175fa673be,Variant,,,,,,,,0.33,TRUE,,,InStock,,,,,19mmx15mx0.2mm - 440103,,,,,,,,,,,,,,,,,,,,,,,,,,,,,,,,,,,,,,
product_da7f8900-ff1d-fbab-a8a7-78404583d862,Product,Bits ponta magnética,<p>Cor: cinza e azul</p><p>Material: plastico</p><p>Cada caixa exterior contém: 30 unidades</p><p>Quantidade mínima de compra 10 unidades</p><p>Preço especial na compra de quantidades maiores</p><p>&nbsp;</p>,55dd72_b262f393cbf94c38b0d18aca4b6348e2~mv2.jpg,Construção,,,4.75,,TRUE,PERCENT,0,InStock,,,Medidas,DROP_DOWN,37pcs - 511319,,,,,,,,,,,,,,,,INFORMAÇÕES DO PRODUTO,"<p>HARDMAN</p>
",ENCOMENDA,"<p>O preço apresentado é referente a uma unidade. O valor total será calculado após envio da encomenda, estando&nbsp; dependente da quantidade mínima obrigatória. <span><span>Preços válidos salvo ruptura de stock, erro tipográfico ou fotográfico.</span></span></p>
",,,,,,,,,,,,,,,TOURO,110012,General Tools,Tools for The Workshop and Garage\General Tools,2025-06-27T13:51:14.670852
product_da7f8900-ff1d-fbab-a8a7-78404583d862,Variant,,,,,,,,,TRUE,,,InStock,,,,,37pcs - 511319,,,,,,,,,,,,,,,,,,,,,,,,,,,,,,,,,,,,,,
product_10cc867b-8cf3-0e13-7ef0-2eb3dcb04603,Product,Buchas PP saco de 100pcs,<p>Cor: cinza</p><p>Material: plastico</p><p>Cada caixa exterior contém: 30 unidades</p><p>Quantidade mínima de compra 10 unidades</p><p>Preço especial na compra de quantidades maiores</p><p>&nbsp;</p>,55dd72_583b63a4ce914076b4164011085f84ee~mv2.jpg,Construção,,,0.4,,FALSE,PERCENT,0,InStock,,,Medidas,DROP_DOWN,"10"" - 150142;12"" - 150143",,,,,,,,,,,,,,,,INFORMAÇÕES DO PRODUTO,"<p>TOURO</p>
",ENCOMENDA,"<p>O preço apresentado é referente a uma unidade. O valor total será calculado após envio da encomenda, estando&nbsp; dependente da quantidade mínima obrigatória. <span><span>Preços válidos salvo ruptura de stock, erro tipográfico ou fotográfico.</span></span></p>
",,,,,,,,,,,,,,,TOURO,110012,General Tools,Tools for The Workshop and Garage\General Tools,2025-06-27T13:51:14.670916
product_10cc867b-8cf3-0e13-7ef0-2eb3dcb04603,Variant,,,,,,,,0.19,TRUE,,,InStock,,,,,"12"" - 150143",,,,,,,,,,,,,,,,,,,,,,,,,,,,,,,,,,,,,,
product_10cc867b-8cf3-0e13-7ef0-2eb3dcb04603,Variant,,,,,,,,,TRUE,,,InStock,,,,,"10"" - 150142",,,,,,,,,,,,,,,,,,,,,,,,,,,,,,,,,,,,,,
product_eae52a4d-4041-fd7c-fca8-c70c17375778,Product,Serra cabos em aço inox 3mm,<p>Cor: inox</p><p>Material: aço inox</p><p>Cada caixa exterior contém: 1000 unidades</p><p>Quantidade mínima de compra 100 unidades</p><p>Preço especial na compra de quantidades maiores</p><p>&nbsp;</p>,55dd72_7bc454b463e84e6fbef731570e3d49c8~mv2.jpg,Construção;Cabos de aço e acessórios ,,,0.39,,TRUE,PERCENT,0,InStock,,,Medidas,DROP_DOWN,3mm - 740125,,,,,,,,,,,,,,,,INFORMAÇÕES DO PRODUTO,"<p>TOURO</p>
",ENCOMENDA,"<p>O preço apresentado é referente a uma unidade. O valor total será calculado após envio da encomenda, estando&nbsp; dependente da quantidade mínima obrigatória. <span><span>Preços válidos salvo ruptura de stock, erro tipográfico ou fotográfico.</span></span></p>
",,,,,,,,,,,,,,,TOURO,110010,Cables and Extensions,Tools for Electricians\Cables and Extensions,2025-06-27T13:51:14.671019
product_eae52a4d-4041-fd7c-fca8-c70c17375778,Variant,,,,,,,,,TRUE,,,InStock,,,,,3mm - 740125,,,,,,,,,,,,,,,,,,,,,,,,,,,,,,,,,,,,,,
product_db2349f5-dccb-c182-df6a-b7592e65452f,Product,Serra cabos em aço galvanizado,<p>Cor: galvanizado</p><p>Material: aço</p><p>Cada caixa exterior contém: 20 unidades</p><p>Quantidade mínima de compra 10 unidades</p><p>Preço especial na compra de quantidades maiores</p><p>&nbsp;</p>,55dd72_ab43fac2ad70402a891250608225d1a3~mv2.jpg,Construção;Cabos de aço e acessórios ,,,3.2,,TRUE,PERCENT,0,InStock,,,Medidas,DROP_DOWN,3mmx100pcs - 740113;5mmx100pcs - 740114;6mmx5opcs - 740115;8mmx50pcs - 740116;10mmx25pcs - 740117;13mmx10pcs - 740118,,,,,,,,,,,,,,,,INFORMAÇÕES DO PRODUTO,"<p>TOURO</p>
",ENCOMENDA,"<p>O preço apresentado é referente a uma unidade. O valor total será calculado após envio da encomenda, estando&nbsp; dependente da quantidade mínima obrigatória. <span><span>Preços válidos salvo ruptura de stock, erro tipográfico ou fotográfico.</span></span></p>
",,,,,,,,,,,,,,,TOURO,110010,Cables and Extensions,Tools for Electricians\Cables and Extensions,2025-06-27T13:51:14.671067
product_db2349f5-dccb-c182-df6a-b7592e65452f,Variant,,,,,,,,1,TRUE,,,InStock,,,,,3mmx100pcs - 740113,,,,,,,,,,,,,,,,,,,,,,,,,,,,,,,,,,,,,,
product_db2349f5-dccb-c182-df6a-b7592e65452f,Variant,,,,,,,,,TRUE,,,InStock,,,,,13mmx10pcs - 740118,,,,,,,,,,,,,,,,,,,,,,,,,,,,,,,,,,,,,,
product_db2349f5-dccb-c182-df6a-b7592e65452f,Variant,,,,,,,,1.79,TRUE,,,InStock,,,,,8mmx50pcs - 740116,,,,,,,,,,,,,,,,,,,,,,,,,,,,,,,,,,,,,,
product_db2349f5-dccb-c182-df6a-b7592e65452f,Variant,,,,,,,,2.05,TRUE,,,InStock,,,,,5mmx100pcs - 740114,,,,,,,,,,,,,,,,,,,,,,,,,,,,,,,,,,,,,,
product_db2349f5-dccb-c182-df6a-b7592e65452f,Variant,,,,,,,,,TRUE,,,InStock,,,,,6mmx5opcs - 740115,,,,,,,,,,,,,,,,,,,,,,,,,,,,,,,,,,,,,,
product_db2349f5-dccb-c182-df6a-b7592e65452f,Variant,,,,,,,,0.79,TRUE,,,InStock,,,,,10mmx25pcs - 740117,,,,,,,,,,,,,,,,,,,,,,,,,,,,,,,,,,,,,,
product_e3beadad-f692-dc74-7649-036442005206,Product,Rodizio industrial fixo - roda cinza,<p>Cor: cinza e platinado</p><p>Material: ferro e borracha</p><p>Cada caixa exterior contém: 100 unidades</p><p>Quantidade mínima de compra 6 unidades</p><p>Preço especial na compra de quantidades maiores</p><p>&nbsp;</p>,55dd72_6c58c8f12e604942901afba00a564214~mv2.jpg,Geral,,,1.17,,FALSE,PERCENT,0,InStock,,,Medidas,DROP_DOWN,50mm - 100100;75mm - 100111;100mm - 100112;125mm - 100113,,,,,,,,,,,,,,,,INFORMAÇÕES DO PRODUTO,"<p>TOURO</p>
",ENCOMENDA,"<p>O preço apresentado é referente a uma unidade. O valor total será calculado após envio da encomenda, estando&nbsp; dependente da quantidade mínima obrigatória. <span><span>Preços válidos salvo ruptura de stock, erro tipográfico ou fotográfico.</span></span></p>
",,,,,,,,,,,,,,,TOURO,110012,General Tools,Tools for The Workshop and Garage\General Tools,2025-06-27T13:51:14.671156
product_e3beadad-f692-dc74-7649-036442005206,Variant,,,,,,,,,FALSE,,,InStock,,,,,50mm - 100100,,,,,,,,,,,,,,,,,,,,,,,,,,,,,,,,,,,,,,
product_e3beadad-f692-dc74-7649-036442005206,Variant,,,,,,,,,FALSE,,,InStock,,,,,100mm - 100112,,,,,,,,,,,,,,,,,,,,,,,,,,,,,,,,,,,,,,
product_e3beadad-f692-dc74-7649-036442005206,Variant,,,,,,,,0.82,TRUE,,,InStock,,,,,75mm - 100111,,,,,,,,,,,,,,,,,,,,,,,,,,,,,,,,,,,,,,
product_e3beadad-f692-dc74-7649-036442005206,Variant,,,,,,,,1.58,TRUE,,,InStock,,,,,125mm - 100113,,,,,,,,,,,,,,,,,,,,,,,,,,,,,,,,,,,,,,
product_6c437d8f-8ee0-b54e-699f-55ad373d08d7,Product,Rodizio Giratório industrial com travão - roda cinza,<p>Cor: cinza e platinado</p><p>Material: ferro e borracha</p><p>Cada caixa exterior contém: 100 unidades</p><p>Quantidade mínima de compra 6 unidades</p><p>Preço especial na compra de quantidades maiores</p><p>&nbsp;</p>,55dd72_4a837f3315dc46079f0ab545d1eacdb3~mv2.jpg,Geral,,,1.99,,FALSE,PERCENT,0,InStock,,,Medidas,DROP_DOWN,50mm - 100079;75mm - 100081;100mm - 100083;100mm - 100085,,,,,,,,,,,,,,,,INFORMAÇÕES DO PRODUTO,"<p>TOURO</p>
",ENCOMENDA,"<p>O preço apresentado é referente a uma unidade. O valor total será calculado após envio da encomenda, estando&nbsp; dependente da quantidade mínima obrigatória. <span><span>Preços válidos salvo ruptura de stock, erro tipográfico ou fotográfico.</span></span></p>
",,,,,,,,,,,,,,,TOURO,110012,General Tools,Tools for The Workshop and Garage\General Tools,2025-06-27T13:51:14.671241
product_6c437d8f-8ee0-b54e-699f-55ad373d08d7,Variant,,,,,,,,,TRUE,,,InStock,,,,,75mm - 100081,,,,,,,,,,,,,,,,,,,,,,,,,,,,,,,,,,,,,,
product_6c437d8f-8ee0-b54e-699f-55ad373d08d7,Variant,,,,,,,,,FALSE,,,InStock,,,,,50mm - 100079,,,,,,,,,,,,,,,,,,,,,,,,,,,,,,,,,,,,,,
product_6c437d8f-8ee0-b54e-699f-55ad373d08d7,Variant,,,,,,,,1.11,TRUE,,,InStock,,,,,100mm - 100083,,,,,,,,,,,,,,,,,,,,,,,,,,,,,,,,,,,,,,
product_6c437d8f-8ee0-b54e-699f-55ad373d08d7,Variant,,,,,,,,1.76,TRUE,,,InStock,,,,,100mm - 100085,,,,,,,,,,,,,,,,,,,,,,,,,,,,,,,,,,,,,,
product_f1df33be-b7c8-830c-ee5c-c55a204cae87,Product,Rodizio Giratório industrial com roda cinza,<p>Cor: cinza e platinado</p><p>Material: ferro e borracha</p><p>Cada caixa exterior contém: 100 unidades</p><p>Quantidade mínima de compra 6 unidades</p><p>Preço especial na compra de quantidades maiores</p><p>&nbsp;</p>,55dd72_f9967b06ae3f43909de69183d98c9368~mv2.jpg,Geral,,,0.87,,FALSE,PERCENT,0,InStock,,,Medidas,DROP_DOWN,50mm - 100078;75mm - 100080;100mm - 100082;125mm - 100084,,,,,,,,,,,,,,,,INFORMAÇÕES DO PRODUTO,"<p>TOURO</p>
",ENCOMENDA,"<p>O preço apresentado é referente a uma unidade. O valor total será calculado após envio da encomenda, estando&nbsp; dependente da quantidade mínima obrigatória. <span><span>Preços válidos salvo ruptura de stock, erro tipográfico ou fotográfico.</span></span></p>
",,,,,,,,,,,,,,,TOURO,110012,General Tools,Tools for The Workshop and Garage\General Tools,2025-06-27T13:51:14.671306
product_f1df33be-b7c8-830c-ee5c-c55a204cae87,Variant,,,,,,,,,FALSE,,,InStock,,,,,50mm - 100078,,,,,,,,,,,,,,,,,,,,,,,,,,,,,,,,,,,,,,
product_f1df33be-b7c8-830c-ee5c-c55a204cae87,Variant,,,,,,,,,FALSE,,,InStock,,,,,125mm - 100084,,,,,,,,,,,,,,,,,,,,,,,,,,,,,,,,,,,,,,
product_f1df33be-b7c8-830c-ee5c-c55a204cae87,Variant,,,,,,,,1.73,TRUE,,,InStock,,,,,100mm - 100082,,,,,,,,,,,,,,,,,,,,,,,,,,,,,,,,,,,,,,
product_f1df33be-b7c8-830c-ee5c-c55a204cae87,Variant,,,,,,,,0.93,TRUE,,,InStock,,,,,75mm - 100080,,,,,,,,,,,,,,,,,,,,,,,,,,,,,,,,,,,,,,
product_02b47b52-3033-2b2b-14ce-45f2b9eae6e3,Product,Pedra de afiar Gadanha,<p>Cor: cinza</p><p>Material: pedra</p><p>Cada caixa exterior contém: 100 unidades</p><p>Quantidade mínima de compra 25 unidades</p><p>Preço especial na compra de quantidades maiores</p><p>&nbsp;</p>,55dd72_1f41801269ff4f09bcd83706deebfb74~mv2.jpg;55dd72_d5de2b2c229347ef8806276e6377d722~mv2.jpg,Geral,,,0.51,,TRUE,PERCENT,0,InStock,,,Medidas,DROP_DOWN,"9"" - 650203",,,,,,,,,,,,,,,,INFORMAÇÕES DO PRODUTO,"<p>TOURO</p>
",ENCOMENDA,"<p>O preço apresentado é referente a uma unidade. O valor total será calculado após envio da encomenda, estando&nbsp; dependente da quantidade mínima obrigatória. <span><span>Preços válidos salvo ruptura de stock, erro tipográfico ou fotográfico.</span></span></p>
",,,,,,,,,,,,,,,TOURO,110012,General Tools,Tools for The Workshop and Garage\General Tools,2025-06-27T13:51:14.671374
product_02b47b52-3033-2b2b-14ce-45f2b9eae6e3,Variant,,,,,,,,,TRUE,,,InStock,,,,,"9"" - 650203",,,,,,,,,,,,,,,,,,,,,,,,,,,,,,,,,,,,,,
product_62e7d1a5-dc91-8631-8c4c-835cdab7d557,Product,"Pedra de afiar óxido alumínio 2 faces 6"" ou 8""",<p>Cor: cinza</p><p>Material: pedra</p><p>Cada caixa exterior contém: 100 unidades</p><p>Quantidade mínima de compra 25 unidades</p><p>Preço especial na compra de quantidades maiores</p><p>&nbsp;</p>,55dd72_e4010d49946b441cbf7f90b8e4e5685d~mv2.jpg;55dd72_5ba731050ecd44b1a46ff0515046a145~mv2.jpg,Geral,,,0.44,,TRUE,PERCENT,0,InStock,,,Medidas,DROP_DOWN,"6"" - 650201;8"" - 650202",,,,,,,,,,,,,,,,INFORMAÇÕES DO PRODUTO,"<p>TOURO</p>
",ENCOMENDA,"<p>O preço apresentado é referente a uma unidade. O valor total será calculado após envio da encomenda, estando&nbsp; dependente da quantidade mínima obrigatória. <span><span>Preços válidos salvo ruptura de stock, erro tipográfico ou fotográfico.</span></span></p>
",,,,,,,,,,,,,,,TOURO,110012,General Tools,Tools for The Workshop and Garage\General Tools,2025-06-27T13:51:14.671460
product_62e7d1a5-dc91-8631-8c4c-835cdab7d557,Variant,,,,,,,,,TRUE,,,InStock,,,,,"6"" - 650201",,,,,,,,,,,,,,,,,,,,,,,,,,,,,,,,,,,,,,
product_62e7d1a5-dc91-8631-8c4c-835cdab7d557,Variant,,,,,,,,0.35,TRUE,,,InStock,,,,,"8"" - 650202",,,,,,,,,,,,,,,,,,,,,,,,,,,,,,,,,,,,,,
product_d02e5518-5a95-4b5c-c6b2-50c45abcd390,Product,Agrafador metálico 4-14mm ,<p>Cor: preto e vermelho</p><p>Material: metal e plástico</p><p>Cada caixa exterior contém: 24 unidades</p><p>Quantidade mínima de compra 6 unidades</p><p>Preço especial na compra de quantidades maiores</p><p>&nbsp;</p>,55dd72_a68325243ce142c9bf1b064df8f0bd75~mv2.jpg,Geral,,,3.99,,FALSE,PERCENT,0,InStock,,,Medidas,DROP_DOWN,4-14mm - 070110,,,,,,,,,,,,,,,,INFORMAÇÕES DO PRODUTO,"<p>TOURO</p>
",ENCOMENDA,"<p>O preço apresentado é referente a uma unidade. O valor total será calculado após envio da encomenda, estando&nbsp; dependente da quantidade mínima obrigatória. <span><span>Preços válidos salvo ruptura de stock, erro tipográfico ou fotográfico.</span></span></p>
",,,,,,,,,,,,,,,TOURO,110012,General Tools,Tools for The Workshop and Garage\General Tools,2025-06-27T13:51:14.671513
product_d02e5518-5a95-4b5c-c6b2-50c45abcd390,Variant,,,,,,,,,FALSE,,,InStock,,,,,4-14mm - 070110,,,,,,,,,,,,,,,,,,,,,,,,,,,,,,,,,,,,,,
product_9021e048-0b23-bf67-3ae0-75abea1777c4,Product,Lâminas para Xizato de 18mm,<p>Cor: preto e amarelo</p><p>Material: aço e plástico</p><p>Cada caixa exterior contém: 160 unidades</p><p>Quantidade mínima de compra 20 unidades</p><p>Preço especial na compra de quantidades maiores</p><p>&nbsp;</p>,55dd72_c8ded52718fd42738c817bfb594d1f6a~mv2.jpg,Geral,,,0.69,,TRUE,PERCENT,0,InStock,,,Medidas,DROP_DOWN,10pcs - 890088,,,,,,,,,,,,,,,,INFORMAÇÕES DO PRODUTO,"<p>TOURO</p>
",ENCOMENDA,"<p>O preço apresentado é referente a uma unidade. O valor total será calculado após envio da encomenda, estando&nbsp; dependente da quantidade mínima obrigatória. <span><span>Preços válidos salvo ruptura de stock, erro tipográfico ou fotográfico.</span></span></p>
",,,,,,,,,,,,,,,TOURO,110011,Cutting Tools,Tools for The Workshop and Garage\Cutting Tools,2025-06-27T13:51:14.671550
product_9021e048-0b23-bf67-3ae0-75abea1777c4,Variant,,,,,,,,,TRUE,,,InStock,,,,,10pcs - 890088,,,,,,,,,,,,,,,,,,,,,,,,,,,,,,,,,,,,,,
product_67b26d8b-d3fe-d660-7d1f-5cda19caa623,Product,Xizato com travão 18mm SK2,<p>Com código de barras </p><p>Material: aço e plástico</p><p>Cada caixa exterior contém: 144 unidades</p><p>Quantidade mínima de compra 24unid</p><p>Preço especial na compra de quantidades maiores</p>,88efbe_d74a9d2ac31c41b181f36eb77532e9cc~mv2.jpeg;55dd72_97029b03b8074bfaa1acbf17bc74ca2a~mv2.png,Geral,,,0.99,,TRUE,PERCENT,0,InStock,,,Medidas,DROP_DOWN,18mm- 890085,,,,,,,,,,,,,,,,INFORMAÇÕES DO PRODUTO,"<p>TOURO</p>
",ENCOMENDA,"<p>O preço apresentado é referente a uma unidade. O valor total será calculado após envio da encomenda, estando&nbsp; dependente da quantidade mínima obrigatória. <span><span>Preços válidos salvo ruptura de stock, erro tipográfico ou fotográfico.</span></span></p>
",,,,,,,,,,,,,,,TOURO,110011,Cutting Tools,Tools for The Workshop and Garage\Cutting Tools,2025-06-27T13:51:14.671588
product_67b26d8b-d3fe-d660-7d1f-5cda19caa623,Variant,,,,,,,,,TRUE,,,InStock,,,,,18mm- 890085,,,,,,,,,,,,,,,,,,,,,,,,,,,,,,,,,,,,,,
product_b4b7aedf-c256-7126-50cc-e4fc64549ef8,Product,Xizato autoload com 3 laminas Blst + cx expositora ,<p>Cor: preto e amarelo</p><p>Material: aço e plástico</p><p>Cada caixa exterior contém: 144 unidades</p><p>Quantidade mínima de compra 12 unidades</p><p>Preço especial na compra de quantidades maiores</p><p>&nbsp;</p>,55dd72_f2490cdb84b744c68a18dcf0eb17e5a7~mv2.jpg,Geral,,,1.79,,TRUE,PERCENT,0,InStock,,,Medidas,DROP_DOWN,18mm - 890083,,,,,,,,,,,,,,,,INFORMAÇÕES DO PRODUTO,"<p>TOURO</p>
",ENCOMENDA,"<p>O preço apresentado é referente a uma unidade. O valor total será calculado após envio da encomenda, estando&nbsp; dependente da quantidade mínima obrigatória. <span><span>Preços válidos salvo ruptura de stock, erro tipográfico ou fotográfico.</span></span></p>
",,,,,,,,,,,,,,,TOURO,110011,Cutting Tools,Tools for The Workshop and Garage\Cutting Tools,2025-06-27T13:51:14.671626
product_b4b7aedf-c256-7126-50cc-e4fc64549ef8,Variant,,,,,,,,,TRUE,,,InStock,,,,,18mm - 890083,,,,,,,,,,,,,,,,,,,,,,,,,,,,,,,,,,,,,,
product_25174691-4635-3da5-45e4-c3dc0b03a774,Product,Catrabucha de taça ondulada para rebarbadora,<p>Cor: metalica e Vermelho</p><p>Material: ferro e aço</p><p>Cada caixa exterior contém: 100 unidades</p><p>Quantidade mínima de compra 12 unidades</p><p>Preço especial na compra de quantidades maiores</p><p>&nbsp;</p>,55dd72_e1c630c4dd944dc5ad9721604797e522~mv2.jpg;88efbe_748c21b0c1b84c57bbcfbf2f96991acb~mv2.jpg;88efbe_d4132676063f457aa085688d93ec4ee7~mv2.jpg;88efbe_9f914246877a426a855dd90e1b26d9b8~mv2.jpg;88efbe_94442ad7094941be82dd974f262ecd57~mv2.jpg,Geral,,,1.79,,TRUE,PERCENT,0,InStock,,,Medidas,DROP_DOWN,"3"" - 320118;4"" - 320119",,,,,,,,,,,,,,,,INFORMAÇÕES DO PRODUTO,"<p>TOURO</p>
",ENCOMENDA,"<p>O preço apresentado é referente a uma unidade. O valor total será calculado após envio da encomenda, estando&nbsp; dependente da quantidade mínima obrigatória. <span><span>Preços válidos salvo ruptura de stock, erro tipográfico ou fotográfico.</span></span></p>
",,,,,,,,,,,,,,,TOURO,110012,General Tools,Tools for The Workshop and Garage\General Tools,2025-06-27T13:51:14.671681
product_25174691-4635-3da5-45e4-c3dc0b03a774,Variant,,,,,,,,1,TRUE,,,InStock,,,,,"4"" - 320119",,,,,,,,,,,,,,,,,,,,,,,,,,,,,,,,,,,,,,
product_25174691-4635-3da5-45e4-c3dc0b03a774,Variant,,,,,,,,,TRUE,,,InStock,,,,,"3"" - 320118",,,,,,,,,,,,,,,,,,,,,,,,,,,,,,,,,,,,,,
product_638ac6a9-2b5f-da26-3a26-49733bcbb743,Product,Catrabucha de taça entraçada para rebarbadora,<p>Cor: metalica e Vermelho</p><p>Material: ferro e aço</p><p>Cada caixa exterior contém: 100 unidades</p><p>Quantidade mínima de compra 10 unidades</p><p>Preço especial na compra de quantidades maiores</p><p>&nbsp;</p>,55dd72_6393456b44a94eb786c024bfc7518fd4~mv2.jpg,Geral,,,1.55,,TRUE,PERCENT,0,InStock,,,Medidas,DROP_DOWN,"3"" - 320116;4"" - 320117",,,,,,,,,,,,,,,,INFORMAÇÕES DO PRODUTO,"<p>TOURO</p>
",ENCOMENDA,"<p>O preço apresentado é referente a uma unidade. O valor total será calculado após envio da encomenda, estando&nbsp; dependente da quantidade mínima obrigatória. <span><span>Preços válidos salvo ruptura de stock, erro tipográfico ou fotográfico.</span></span></p>
",,,,,,,,,,,,,,,TOURO,110012,General Tools,Tools for The Workshop and Garage\General Tools,2025-06-27T13:51:14.671732
product_638ac6a9-2b5f-da26-3a26-49733bcbb743,Variant,,,,,,,,,TRUE,,,InStock,,,,,"3"" - 320116",,,,,,,,,,,,,,,,,,,,,,,,,,,,,,,,,,,,,,
product_638ac6a9-2b5f-da26-3a26-49733bcbb743,Variant,,,,,,,,0.9,TRUE,,,InStock,,,,,"4"" - 320117",,,,,,,,,,,,,,,,,,,,,,,,,,,,,,,,,,,,,,
product_b3863897-6b5c-108d-260b-1edbc0c93a06,Product,Escova arame de aço com cabo de plástico,<p>Cor: metalica e Vermelho</p><p>Material: ferro e plástico</p><p>Cada caixa exterior contém: 120 unidades</p><p>Quantidade mínima de compra 12 unidades</p><p>Preço especial na compra de quantidades maiores</p><p>&nbsp;</p>,55dd72_bd61b2bd1f1944eabed9fe58dc042203~mv2.jpg,Geral,,,0.89,,TRUE,PERCENT,0,InStock,,,Medidas,DROP_DOWN,320100,,,,,,,,,,,,,,,,INFORMAÇÕES DO PRODUTO,"<p>TOURO</p>
",ENCOMENDA,"<p>O preço apresentado é referente a uma unidade. O valor total será calculado após envio da encomenda, estando&nbsp; dependente da quantidade mínima obrigatória. <span><span>Preços válidos salvo ruptura de stock, erro tipográfico ou fotográfico.</span></span></p>
",,,,,,,,,,,,,,,TOURO,110010,Cables and Extensions,Tools for Electricians\Cables and Extensions,2025-06-27T13:51:14.671833
product_b3863897-6b5c-108d-260b-1edbc0c93a06,Variant,,,,,,,,,TRUE,,,InStock,,,,,320100,,,,,,,,,,,,,,,,,,,,,,,,,,,,,,,,,,,,,,
product_358b1a48-87ad-c291-7cbd-cb2da0e8a879,Product,Escova arame de aço Galv ou Latonado,<p>Cor: bege</p><p>Material: madeira e aço</p><p>Cada caixa exterior contém: 120 unidades</p><p>Quantidade mínima de compra 24 unidades</p><p>Preço especial na compra de quantidades maiores</p><p>&nbsp;</p>,55dd72_738682e9817c4e51a3c3ada174aa7474~mv2.jpg;55dd72_1c30e623db6f413fab24157bab5147f6~mv2.jpg,Geral,,,0.69,,TRUE,PERCENT,0,InStock,,,Medidas,DROP_DOWN,6 fiadas - 320115;5 fiadas - 320102,,,,,,,,,,,,,,,,INFORMAÇÕES DO PRODUTO,"<p>TOURO</p>
",ENCOMENDA,"<p>O preço apresentado é referente a uma unidade. O valor total será calculado após envio da encomenda, estando&nbsp; dependente da quantidade mínima obrigatória. <span><span>Preços válidos salvo ruptura de stock, erro tipográfico ou fotográfico.</span></span></p>
",,,,,,,,,,,,,,,TOURO,110012,General Tools,Tools for The Workshop and Garage\General Tools,2025-06-27T13:51:14.671876
product_358b1a48-87ad-c291-7cbd-cb2da0e8a879,Variant,,,,,,,,,TRUE,,,InStock,,,,,5 fiadas - 320102,,,,,,,,,,,,,,,,,,,,,,,,,,,,,,,,,,,,,,
product_358b1a48-87ad-c291-7cbd-cb2da0e8a879,Variant,,,,,,,,0.2,TRUE,,,InStock,,,,,6 fiadas - 320115,,,,,,,,,,,,,,,,,,,,,,,,,,,,,,,,,,,,,,
product_d22dc9c2-3f45-4620-e20f-6307720394a3,Product,Remendos e Cola para bicicleta,<p>Cor: preto e laranja</p><p>Material: borracha</p><p>Cada caixa exterior contém: 200 unidades</p><p>Quantidade mínima de compra 20 unidades</p><p>Preço especial na compra de quantidades maiores</p><p>&nbsp;</p>,55dd72_2dd7e4fe1269455caf2a0b43f7694b10~mv2.jpg;55dd72_6ba27def2dfa4c8bba00e1af7a53dff9~mv2.jpg,Geral,,,0.69,,TRUE,PERCENT,0,InStock,,,Medidas,DROP_DOWN,7 pcs - 230101,,,,,,,,,,,,,,,,INFORMAÇÕES DO PRODUTO,"<p>TOURO</p>
",ENCOMENDA,"<p>O preço apresentado é referente a uma unidade. O valor total será calculado após envio da encomenda, estando&nbsp; dependente da quantidade mínima obrigatória. <span><span>Preços válidos salvo ruptura de stock, erro tipográfico ou fotográfico.</span></span></p>
",,,,,,,,,,,,,,,TOURO,110012,General Tools,Tools for The Workshop and Garage\General Tools,2025-06-27T13:51:14.671924
product_d22dc9c2-3f45-4620-e20f-6307720394a3,Variant,,,,,,,,,TRUE,,,InStock,,,,,7 pcs - 230101,,,,,,,,,,,,,,,,,,,,,,,,,,,,,,,,,,,,,,
product_b30d7bdd-54b3-9172-915d-d353df2dfe4f,Product,Fita de alumínio,<p>Cor: prata</p><p>Material: Alumínio</p><p>Cada caixa exterior contém: 72 unidades</p><p>Quantidade mínima de compra 12 unidades</p><p>Preço especial na compra de quantidades maiores</p><p>&nbsp;</p>,55dd72_e69d9ac7778e43ff8bfcbb8a5d8e39d5~mv2.jpg,Geral,,,0.79,,TRUE,PERCENT,0,InStock,,,Medidas,DROP_DOWN,48mmX10m - 420227,,,,,,,,,,,,,,,,INFORMAÇÕES DO PRODUTO,"<p>HARDMAN</p>
",ENCOMENDA,"<p>O preço apresentado é referente a uma unidade. O valor total será calculado após envio da encomenda, estando&nbsp; dependente da quantidade mínima obrigatória. <span><span>Preços válidos salvo ruptura de stock, erro tipográfico ou fotográfico.</span></span></p>
",,,,,,,,,,,,,,,TOURO,110012,General Tools,Tools for The Workshop and Garage\General Tools,2025-06-27T13:51:14.671960
product_b30d7bdd-54b3-9172-915d-d353df2dfe4f,Variant,,,,,,,,,TRUE,,,InStock,,,,,48mmX10m - 420227,,,,,,,,,,,,,,,,,,,,,,,,,,,,,,,,,,,,,,
product_f763aef9-bf05-db4b-3eb6-3d48223852d7,Product,Plástico com Fita 210x20mts,<p>Cor: semi-transparente</p><p>Cada caixa exterior contém: 30 unidades</p><p>Quantidade mínima de compra 10 unidades</p><p>Preço especial na compra de quantidades maiores</p><p>&nbsp;</p>,55dd72_f39ca6180e7f411bbedb9d1b2695209b~mv2.jpg,Construção;Geral,,,2.69,,TRUE,PERCENT,0,InStock,,,Medidas,DROP_DOWN,210cmx20m - 900708,,,,,,,,,,,,,,,,INFORMAÇÕES DO PRODUTO,"<p>Marca TOURO</p>
",ENCOMENDA,"<p>O preço apresentado é referente a uma unidade. O valor total será calculado após envio da encomenda, estando&nbsp; dependente da quantidade mínima obrigatória. <span><span>Preços válidos salvo ruptura de stock, erro tipográfico ou fotográfico.</span></span></p>
",,,,,,,,,,,,,,,TOURO,110012,General Tools,Tools for The Workshop and Garage\General Tools,2025-06-27T13:51:14.672045
product_f763aef9-bf05-db4b-3eb6-3d48223852d7,Variant,,,,,,,,,TRUE,,,InStock,,,,,210cmx20m - 900708,,,,,,,,,,,,,,,,,,,,,,,,,,,,,,,,,,,,,,
product_ecbe6145-7424-6140-d6b0-287889e0b590,Product,Abraçadeira Plst branco -saco100pcs,<p>Vários tamanho disponíveis</p><p>Cor: brancas</p><p>Cada saco contém 100 unidades</p><p>Cada caixa exterior contém: 50 unidades</p><p>Quantidade mínima de compra 25 unidades</p><p>Preço especial na compra de quantidades maiores</p><p>&nbsp;</p>,55dd72_d0b1e1641b674eecb51c959f7cd4349d~mv2.jpg;55dd72_97090720f4cf43a0bc05a964173586a7~mv2.jpg;55dd72_6f53b927d3964f1abe9ee80bca9ea9d3~mv2.jpg,Geral,,,0.99,,TRUE,PERCENT,0,InStock,,,Medidas,DROP_DOWN,140x3.6mm - 050113/1;200x3.6mm - 050106/1;250x4.8mm - 050116/2;300x3.6mm - 050107/1;360x4.8mm - 050118/2,,,,,,,,,,,,,,,,INFORMAÇÕES DO PRODUTO,"<p>Marca TOURO</p>
",ENCOMENDA,"<p>O preço apresentado é referente a uma unidade. O valor total será calculado após envio da encomenda, estando&nbsp; dependente da quantidade mínima obrigatória. <span><span>Preços válidos salvo ruptura de stock, erro tipográfico ou fotográfico.</span></span></p>
",,,,,,,,,,,,,,,TOURO,110012,General Tools,Tools for The Workshop and Garage\General Tools,2025-06-27T13:51:14.672088
product_ecbe6145-7424-6140-d6b0-287889e0b590,Variant,,,,,,,,1.46,TRUE,,,InStock,,,,,360x4.8mm - 050118/2,,,,,,,,,,,,,,,,,,,,,,,,,,,,,,,,,,,,,,
product_ecbe6145-7424-6140-d6b0-287889e0b590,Variant,,,,,,,,1.2,TRUE,,,InStock,,,,,300x3.6mm - 050107/1,,,,,,,,,,,,,,,,,,,,,,,,,,,,,,,,,,,,,,
product_ecbe6145-7424-6140-d6b0-287889e0b590,Variant,,,,,,,,,TRUE,,,InStock,,,,,140x3.6mm - 050113/1,,,,,,,,,,,,,,,,,,,,,,,,,,,,,,,,,,,,,,
product_ecbe6145-7424-6140-d6b0-287889e0b590,Variant,,,,,,,,0.2,TRUE,,,InStock,,,,,200x3.6mm - 050106/1,,,,,,,,,,,,,,,,,,,,,,,,,,,,,,,,,,,,,,
product_ecbe6145-7424-6140-d6b0-287889e0b590,Variant,,,,,,,,0.8,TRUE,,,InStock,,,,,250x4.8mm - 050116/2,,,,,,,,,,,,,,,,,,,,,,,,,,,,,,,,,,,,,,
product_2f18115f-caab-a62e-029d-031288d9fe11,Product,Abraçadeira Plst Preto - saco100pcs,<p>Vários tamanho disponíveis</p><p>Cor: pretas</p><p>Cada Blister contém 100 unidades</p><p>Cada caixa exterior contém: 50 Blisters</p><p>Quantidade mínima de compra 12 Blisters</p><p>Preço especial na compra de quantidades maiores</p><p>&nbsp;</p>,55dd72_9da1342f82c943659548de28a4d8555d~mv2.jpg;55dd72_e94c5f099ce84e89b4978d7f6548c0ab~mv2.jpg;55dd72_6f53b927d3964f1abe9ee80bca9ea9d3~mv2.jpg,Geral,,,0.99,,TRUE,PERCENT,0,InStock,,,Medidas,DROP_DOWN,300x3.6mm - 050107;780x7.8mm - 050122/1;140x3.6mm - 050113;200x3.6mm - 050106;250x4.8mm - 050116/1;370x4.8mm - 050118/1;450x7.6mm - 050121/1,,,,,,,,,,,,,,,,INFORMAÇÕES DO PRODUTO,"<p>Marca TOURO</p>
",ENCOMENDA,"<p>O preço apresentado é referente a uma unidade. O valor total será calculado após envio da encomenda, estando&nbsp; dependente da quantidade mínima obrigatória. <span><span>Preços válidos salvo ruptura de stock, erro tipográfico ou fotográfico.</span></span></p>
",,,,,,,,,,,,,,,TOURO,110012,General Tools,Tools for The Workshop and Garage\General Tools,2025-06-27T13:51:14.672239
product_2f18115f-caab-a62e-029d-031288d9fe11,Variant,,,,,,,,9.5,TRUE,,,InStock,,,,,780x7.8mm - 050122/1,,,,,,,,,,,,,,,,,,,,,,,,,,,,,,,,,,,,,,
product_2f18115f-caab-a62e-029d-031288d9fe11,Variant,,,,,,,,1.56,TRUE,,,InStock,,,,,370x4.8mm - 050118/1,,,,,,,,,,,,,,,,,,,,,,,,,,,,,,,,,,,,,,
product_2f18115f-caab-a62e-029d-031288d9fe11,Variant,,,,,,,,4,TRUE,,,InStock,,,,,450x7.6mm - 050121/1,,,,,,,,,,,,,,,,,,,,,,,,,,,,,,,,,,,,,,
product_2f18115f-caab-a62e-029d-031288d9fe11,Variant,,,,,,,,0.2,TRUE,,,InStock,,,,,200x3.6mm - 050106,,,,,,,,,,,,,,,,,,,,,,,,,,,,,,,,,,,,,,
product_2f18115f-caab-a62e-029d-031288d9fe11,Variant,,,,,,,,1.2,TRUE,,,InStock,,,,,300x3.6mm - 050107,,,,,,,,,,,,,,,,,,,,,,,,,,,,,,,,,,,,,,
product_2f18115f-caab-a62e-029d-031288d9fe11,Variant,,,,,,,,,TRUE,,,InStock,,,,,140x3.6mm - 050113,,,,,,,,,,,,,,,,,,,,,,,,,,,,,,,,,,,,,,
product_2f18115f-caab-a62e-029d-031288d9fe11,Variant,,,,,,,,0.8,TRUE,,,InStock,,,,,250x4.8mm - 050116/1,,,,,,,,,,,,,,,,,,,,,,,,,,,,,,,,,,,,,,
product_73d5ef16-b3d0-044e-ea02-bc6af7ab94ad,Product,Cadeado Latonado T/ Goldoor,<p>Tamanho: disponível de 30 mm a 60 mm</p><p>Cada caixa exterior contém: 72 unidades</p><p>Quantidade mínima de compra 12 unidades ( tamanho 60 mm de 10 unidades)</p><p>Preço especial na compra de quantidades maiores</p><p>&nbsp;</p>,55dd72_9ce9c86813eb4b19a1fbb96cca06fb25~mv2.jpg;55dd72_6e5f3541de60448eac3365aa3711c995~mv2.jpg,Geral,,,1.52,,TRUE,PERCENT,0,InStock,,,Medidas,DROP_DOWN,30 mm - 180103;40 mm - 180105;50 mm - 180107;60 mm - 180108,,,,,,,,,,,,,,,,INFORMAÇÕES DO PRODUTO,"<p>Marca TOURO</p>
",ENCOMENDA,"<p>O preço apresentado é referente a uma unidade. O valor total será calculado após envio da encomenda, estando&nbsp; dependente da quantidade mínima obrigatória. <span><span>Preços válidos salvo ruptura de stock, erro tipográfico ou fotográfico.</span></span></p>
",,,,,,,,,,,,,,,TOURO,110012,General Tools,Tools for The Workshop and Garage\General Tools,2025-06-27T13:51:14.672345
product_73d5ef16-b3d0-044e-ea02-bc6af7ab94ad,Variant,,,,,,,,1,TRUE,,,InStock,,,,,50 mm - 180107,,,,,,,,,,,,,,,,,,,,,,,,,,,,,,,,,,,,,,
product_73d5ef16-b3d0-044e-ea02-bc6af7ab94ad,Variant,,,,,,,,0.27,TRUE,,,InStock,,,,,40 mm - 180105,,,,,,,,,,,,,,,,,,,,,,,,,,,,,,,,,,,,,,
product_73d5ef16-b3d0-044e-ea02-bc6af7ab94ad,Variant,,,,,,,,,TRUE,,,InStock,,,,,30 mm - 180103,,,,,,,,,,,,,,,,,,,,,,,,,,,,,,,,,,,,,,
product_73d5ef16-b3d0-044e-ea02-bc6af7ab94ad,Variant,,,,,,,,2.01,TRUE,,,InStock,,,,,60 mm - 180108,,,,,,,,,,,,,,,,,,,,,,,,,,,,,,,,,,,,,,
product_86461132-f80d-3b7e-93b0-08e61615523d,Product,Canhão de Segurança Cromado,<p>Tamanho: 60mm</p><p>Cada caixa exterior contém: 120 unidades</p><p>Quantidade mínima de compra 12 unidades</p><p>Preço especial na compra de quantidades maiores</p><p>&nbsp;</p>,55dd72_306d7b19271d45a383a6361b0793559e~mv2.jpg,Geral,,,0,,FALSE,PERCENT,0,InStock,,,Medidas,DROP_DOWN,Chave de Pontos - 390120,,,,,,,,,,,,,,,,INFORMAÇÕES DO PRODUTO,"<p>Marca TOURO</p>
",ENCOMENDA,"<p>O preço apresentado é referente a uma unidade. O valor total será calculado após envio da encomenda, estando&nbsp; dependente da quantidade mínima obrigatória. <span><span>Preços válidos salvo ruptura de stock, erro tipográfico ou fotográfico.</span></span></p>
",,,,,,,,,,,,,,,TOURO,110012,General Tools,Tools for The Workshop and Garage\General Tools,2025-06-27T13:51:14.672412
product_86461132-f80d-3b7e-93b0-08e61615523d,Variant,,,,,,,,,FALSE,,,InStock,,,,,Chave de Pontos - 390120,,,,,,,,,,,,,,,,,,,,,,,,,,,,,,,,,,,,,,
product_df19c1f7-07d8-a265-42f8-e8dfa824cc6e,Product,Canhão de Segurança chave computador,<p>Tamanho: 60mm</p><p>Cada caixa exterior contém: 120 unidades</p><p>Quantidade mínima de compra 12 unidades</p><p>Preço especial na compra de quantidades maiores</p><p>&nbsp;</p>,55dd72_e63e1943625f48ddb849f27c44c991a7~mv2.jpg,Geral,,,1.99,,FALSE,PERCENT,0,InStock,,,Medidas,DROP_DOWN,Chave computador - 390121;Chave normal - 390123,,,,,,,,,,,,,,,,INFORMAÇÕES DO PRODUTO,"<p>Marca TOURO</p>
",ENCOMENDA,"<p>O preço apresentado é referente a uma unidade. O valor total será calculado após envio da encomenda, estando&nbsp; dependente da quantidade mínima obrigatória. <span><span>Preços válidos salvo ruptura de stock, erro tipográfico ou fotográfico.</span></span></p>
",,,,,,,,,,,,,,,TOURO,110012,General Tools,Tools for The Workshop and Garage\General Tools,2025-06-27T13:51:14.672449
product_df19c1f7-07d8-a265-42f8-e8dfa824cc6e,Variant,,,,,3.64215E+14,,,,FALSE,,,InStock,,,,,Chave computador - 390121,,,,,,,,,,,,,,,,,,,,,,,,,,,,,,,,,,,,,,
product_df19c1f7-07d8-a265-42f8-e8dfa824cc6e,Variant,,,,,3.64215E+14,,,,FALSE,,,InStock,,,,,Chave normal - 390123,,,,,,,,,,,,,,,,,,,,,,,,,,,,,,,,,,,,,,
product_cd59cd36-b6d2-2cf3-9d48-81793a7bdbbd,Product,Esticador Ramada,<p>Cor: verde ou galvanizado</p><p>Material: ferro</p><p>Cada caixa exterior contém: 100 unidades</p><p>Quantidade mínima de compra 20 unidades</p><p>Preço especial na compra de quantidades maiores</p>,55dd72_42ec47a23b714651a2c4a2921b97d11f~mv2.jpg;55dd72_e84dc18bb3c14ee8a731a4b741102db0~mv2.jpg,Jardim;Cabos de aço e acessórios ,,,0.37,,TRUE,PERCENT,0,InStock,,,Medidas,DROP_DOWN,Verde - 150152;Galvanizado - 150153,,,,,,,,,,,,,,,,ENCOMENDA,"<p>O preço apresentado é referente a uma unidade. O valor total será calculado após envio da encomenda, estando&nbsp; dependente da quantidade mínima obrigatória. <span><span>Preços válidos salvo ruptura de stock, erro tipográfico ou fotográfico.</span></span></p>
",,,,,,,,,,,,,,,,,,110012,General Tools,Tools for The Workshop and Garage\General Tools,2025-06-27T13:51:14.672497
product_cd59cd36-b6d2-2cf3-9d48-81793a7bdbbd,Variant,,,,,150152,,,0.02,TRUE,,,InStock,,,,,Verde - 150152,,,,,,,,,,,,,,,,,,,,,,,,,,,,,,,,,,,,,,
product_cd59cd36-b6d2-2cf3-9d48-81793a7bdbbd,Variant,,,,,150153,,,,TRUE,,,InStock,,,,,Galvanizado - 150153,,,,,,,,,,,,,,,,,,,,,,,,,,,,,,,,,,,,,,
